image,description,display name,category
3238.jpg,"Round toed, black sports shoes with red accents, low top styling and central lace-ups Leather upper with stitched detail, overlay, Formstrip and Ducati branding on the sides and reinforced heel collar with branding Soft tongue and inner, branding on the tongue Cushioned footbed with branding at the heel Printed detail at the midsole Textured rubber outsole with patterned grooves and branding Warranty: 3 months against manufacturing defects only",Puma Men Black 65CC Lo Ducati Sports Shoes,Sports Shoes
43044.jpg,"Style Note Built with the breathability and zero-distraction Fit that athletes demand, these boardshorts come in a body-friendly design. These high-performance shorts are great for a day out at the beach and are designed to aid your aquatic performance. Team them with T-shirts and flip flops. Product Details Charcoal grey boardshorts, with a velcro closure and a cord tie detail, zipped pocket and a nike swoosh on left leg Material and Care 100% polyester Machine wash separately in cold water using a mild detergent Do not bleach Tumble dry low Cool iron; do not iron on decorations Size and fit Regular fit",Nike Men Charcoal Grey Shorts,Shorts
54018.jpg,"Teal  handbag that has stitch detailing with a pleated and panel design on the front One main zipped compartment that has an inner zipped pocket  and an organiser sleeve One zipped pocket on the front One long, adjustable strap woven through metallic loops for carrying ease and style One zipped pocket at the back",Kiara Women Teal Handbag,Handbags
8141.jpg,"Perfectly stylish, this fastrack analog wrist watch is a great buy for those who enjoy performance and style. With excellent touches and comfort, this watch makes for an excellent daily wear. Case diameter : 30 mm Case thickness : 5 mm Dial shape : Square   Plastic case with a fixed bezel for added durability, style and comfort  Leather strap with stitch detailing, brand name printed on the inner part and a tang clasp  Silver dial in a radiating pattern with minute marking in pink from 6 o&  rsquo clock to 12 o&  rsquo clock position, brand name at 3 o&  rsquo clock position and brand logo at 12 o&  rsquo clock position  Quartz movement of time display with carved out hour and minute hands  Screw to reset time  Solid case back made of stainless steel for enhanced durability  Water resistance at 30 meters, allowing you to use it even when swimming ",Fastrack Women Freestyle Sports Analog Steel Black Watch,Watches
22245.jpg,"These id mid-top chukka shoes add a fresh spin on a classic style with its wide midsole. The humble sneaker reached a new high with this casual shoe, with its contrasting textures and subtle colour map. Wear this with a crisp shirt, a half zippered sweater and a jacket or blazer on top to achieve the perfect layered look. Pair this with your favourite jeans or chinos.  Upper Low top suede upper with synthetic overlay on the heel collar Perforations in the midfoot region for ventilation Central lace ups Padded tongue and collar Mesh lining Contrast stitch detailing  Midsole Thick EVA midsole  Outsole Rubber outsole with a stacked heel and grooves  Shoe care Wipe with a dry cloth to remove dust",ID Men Brown Casual Shoes,Casual Shoes
19572.jpg,"Composition Red round neck t-shirt made of 100% cotton, with short sleeves and graphic print  Fit Comfort  Wash care Delicate machine wash at 30 degrees using mild detergent Do not dry clean Do not tumble dry, wring, scrub or bleach Dry flat in shade Warm iron Do not iron directly on print/embroidery  This dare-devil t-shirt from united colors of benetton is for those who love tongue-in-cheek humour. Wear this with your favourite denims and colourful canvas shoes.  Model statistics The product is a size M on a model of height 6' and shoulders 18""",United Colors of Benetton Men Printed Red T-shirt,Tshirts
25305.jpg,"Crafted for the urban style maven, this brown wallet from lino perros is a must have for those who love organising their wallet space. Dimensions : 10 cm x 19 cm Made of leather Two insert pockets Multi card slots inside One id card holder with a mesh Six more card slots on the other side with an insert pocket The flap has a clasp button Care Wipe with clean, damp cloth to remove dirt",Lino Perros Women Leather Brown Wallet,Wallets
16704.jpg,"Composition Navy blue round neck sleeveless t-shirt made of 60% cotton and 40% polyester, has white and red tipping on the left shoulder, and branding in rubber print on the front   Fitting  Regular   Wash care  Machine wash cold with like colours Do not bleach or tumble dry Dry in shade Warm iron; Do not iron on decorations  Get a fresh dose of attitude with this sleeveless T-shirt from fila. The stylish graphic stripes gives this tee an edgy vibe, while the cotton-polyester blend fabric keeps you comfortable all day long. Pair it with jeans or cargos and sneakers.  Product is a size M on a model of height 6' and shoulders 18""",Fila Men High Density Navy Blue Tshirt,Tshirts
16509.jpg,"Composition Dark blue jeans made of 100% cotton, has pockets on the sides with a patch pocket inside the right one, two pockets at the back, a looped waist, button and zipper closure on the front, and has contrast colour stitch detailing   Fitting  Slim Fit; Regular rise   Wash care  Wash inside out at 40 degrees separately Do not iron or dry clean  Durable, versatile, uniquely designed and reasonably priced, this washed slim fit jeans from locomotive is designed for the man with a high fashion casual attitude. Crafted from durable cotton fabric, this denim trouser is here to stay and offer exemplary comfort for years on end. Pair it with semi-formal shirts or t-shirts, and sneakers.   Model statistics  The product is a size M on a model of height 6' and waist 32""",Locomotive Men Washed Blue Jeans,Jeans
24661.jpg,"Made of 82% cotton, 16% nylon and 2% elastane Wide rib at opening for better grip Three dimensional shaped heel and toe for best Fit Branding printed on the socks  Wear these cute socks with trainers when you're working out. adidas ensures that all their products are designed to offer the best performance and these socks are no exception.  Sock care Machine wash in warm water below 40 degrees using a mild detergent Do not iron, bleach, tumble dry or dry clean",ADIDAS Originals Men White Casual Socks,Socks
40412.jpg,"Style Note Mixing classic natural prints with a hint of the exotic (nailing the latest summer trend) colour block this dress from tonga with for an effortlessly breezy vibe. For winter, you can smarten this up by layering it with a pastel toned cardi or a colour pop blazer. Product Details Plum red sleeveless dress, has a shawl neck, a ballet wrap detail from below the bust to the hem and a concealed zipper at the back Material and Care 63% polyester, 34% rayon, 3% spandex Dry clean only Do not bleach, wash or iron Size and Fit Regular fit The model (height 5'8"" and chest 33"") is wearing a size M",Tonga Women Plum Dress,Dresses
5973.jpg,"Composition Half sleeve shirt made of 100% cotton, with black, red and grey plaid checks, tape detailing on the in-seam of the collar, patch pocket on the left chest, full length buttoned placket with appliqued brand tab on the facing placket on the end and curved hemline Fitting Slim Wash care   Machine wash at 40 degree C  Wash dark colours separately  Do not bleach  Tumble dry on normal or line dry  Warm iron   Get ready to take casual dressing to the next level with this  black and red plaid check shirt from highlander. The cool cotton fabric keeps you fresh all day while you hang out with your friends. This shirt can be teamed with low slung jeans and canvas shoes for a laidback look. Model statistics The model wears size M in t-shirts Height-6', Shoulders-18""",Highlander Men Black Checked Shirt,Shirts
45286.jpg,"Case style: Analogue watch with a round plastic and metal case Dial style: Digital time display with date and time displays Features: Buttons to adjust settings, has altimeter and a barometer Water resistant up to 100 metres Warranty: 2 years Warranty provided by Brand Owner / Manufacturer To register this product online for warranty, the customer has to visit https://register.casio.in. Post login, please select the 'Online Store' option and follow the steps for registration.",CASIO Outdoor Men Black Digital Watch SGW-300H-1AVDR S059,Watches
9587.jpg,"Why not add some pop to your bag collection with this classic-looking Originals Mono Grip Bag from puma!   Length : 28 cm  Made of 100% PU with a 150D polyester lining and PU backing for durability and easy maintenance Two-way zip opening into the main compartment Internal zip, mobile and slip-in pockets for storage Woven puma Archive label inside Colour-matching piped PU handles and adjustable webbing shoulder strap Metallic color-matching Puma Heritage zipper pulls Embossed Puma cat and Number 1 logo on front Plastic bottom feet for stand-alone comfort   Care  only hand wash Clean with a damp cloth when necessary Do not bleach, tumble dry or wring Line dry Do not iron",Puma Unisex Yellow Sling Bag,Handbags
4752.jpg,"Red, polo t-shirt made of 100% cotton, with ribbed collar, embroidered logo on left chest and slanting subliminal graphic print along the lower half",ADIDAS Men's Red Polo T-shirt,Tshirts
45230.jpg,"Case style: Analogue watch with a circular case and a stainless steel back Dial style: White dial Strap style: Black synthetic strap secured with tang clasp Features: Screw to set time, day of the week, stop watch, recall mode, countdown timer, alarms, dual time and illumination Water resistant up to 100 m Comes in a signature CASIO case Warranty: 1 year against manufacturing defects from the date of purchase Warranty provided by Brand Owner / Manufacturer",CASIO Men White Dial & Digital Watches AD146,Watches
41735.jpg,"Style Note Hitting all the season's fashion notes right, this pair of sandals from catwalk is a closet essential that'll go with all your summer favourites. You can wear this to snazz up a simple look, but don't forget to style them with tonal accessories! Product Details Tapering toed sandal with     thong style straps with an embellishment at the apex of the straps Padded beige footbed with print Upper stitched to the outsole TPU outsole with arrow shaped patterns for traction Material and Care Synthetic Do not machine wash or store in direct sunlight Remove dust with a dry clean cloth",Catwalk Women Gold Flats,Heels
7962.jpg,"Composition Black round neck short sleeved t-shirt made of 100% cotton in a distressed look, has a softly ribbed neckline with fabric tape detailing on the inseam, brand tab appliquéd on the right sleeve and graphic print on the front with lettering, including brand name and logo Fitting Regular Wash care   Gentle machine wash in cool water  Do not bleach  Tumble dry at low temperature  Warm iron  Do not dry clean   puma comes with a bang and ups your style quotient by many a degree.  This t-shirt comes with a stamp of the original puma that was established in 1948. Pair it with chinos or jeans, depending on the occasion while the cotton fabric keeps you fresh and comfortable all day. Model statistics The model wears size M in t-shirts Height-6', Shoulders-18""",Puma Men's Graphic Black Red T-shirt,Tshirts
22867.jpg,"A vintage restyling of the classic sneaker, this shoe from woodland is a classic piece with a modern, sleek profile. Crafted with hand picked Italian leather, this two tone shoe is an off-duty fashion essential. Wear this with chinos or denims and a checked casual shirt or a tee. Style this with rugged belts. Upper Two tone, low-top suede upper with leather overlays Central lace ups Outsole reinforced onto the upper on the heel region with branding Padded tongue Padded insole for in-step comfort Midsole Rubber midsole for cushioned comfort Outsole Dual density TPU outsole with concentric circular grooves for grip and traction Suction point at the heel Shoe care Wipe surface with soft, clean, damp cloth to remove dust Do not store in direct sunlight",Woodland Men Brown Casual Shoes,Casual Shoes
28951.jpg,"Composition Fuchsia pink kurti made of 100% cotton, has a mandarin collar with a ruffle detail and a slit neckline, yoke on the chest with Hakuba detailing and pin-tucks, buttoned chest placket, three quarter sleeves with pin-tucks and ruffle detailing, Hakuba detailing at the back with a pleat and a vented hem Fit Regular Wash care Wash separately in cold water Do not bleach Dry in shade Warm iron; do not iron on decorations The neckline, yoke, cuffs and vents on this kurti from biba are decorated with beautiful pin-tucks, Hakuba and ruffle detail which makes this top stand out as unique. Wear this over leggings or over trousers depending on the occasion. Smart enough to wear to the office or to a formal party, dress this kurti up by wearing bold earrings and bangles. Model statistics The product is a size 36 on a model of height 5'8"" and chest 33""",BIBA OUTLET Women Fushsia Pink Kurti,Kurtis
1584.jpg,"1. Fabric containing elastane for easy movement 2. 95% cotton and 5% spandex 3. Extra soft feel  The ultra-comfy jacket is perfect for training exercises in an AC gym and in the heat as well. Its soft feel material makes it ideal for your gym bag and its lightness makes it perfect for travels too, convenient to carry, ideal for a day at school, college or work and for parties later! Model statistics The model wears size M in t-shirts Height-5.7"", Chest-33"", Waist-26""",Domyos Unisex Feather-light Jacket,Jackets
48603.jpg,Silver coloured earrings White enameled with multicolour CZ diamond insets Hooks,Lucera Women Silver Earrings,Earrings
18783.jpg,"Dressing the elite for years, peter england has crafted some of the classiest ties that are made from the finest quality silk and individually handmade by expert craftsmen weavers in a range of beautiful colours and designs that rise your level of sophistication with ease. Wear it over well-fitting dress shirts in muted shades and crisp formals. Length : 147 cm Made of microfibre for luxurious feel and light sheen Has a flower and dotted design in purple One loop with brand badge on the inner of the broad tongue to hold the narrow tongue in place Tie care Dry clean only",Peter England Men Elite Blue Tie,Ties
2865.jpg,"Composition: This T shirt has 100% cotton Wash Care: 1.Light machine wash 2.Do not bleach 3.Warm iron on reverse 4.Do not dry clean 5.Dry flat/reverse 6.Do not scrub Fitting: Comfort Fit Love the game cricket and this tee! a very subtle colored t-shirt with just a perfect kind of graphics on it which keeps it simple yet attractive. Model's Statistics: 1. The model wears size M in t-shirts 2. Height-6', Shoulders-19""",Inkfruit Men's Men in Blue White T-shirt,Tshirts
53809.jpg,"White and black tunic with polka dots, lining underneath, has a round neckline, three quarter raglan sleeves and a panel with ruffles below the waist, ruffles and elasticated gathers at the neck line and cuffs",Ayaany Women White Tunic,Tunics
53772.jpg,"Blue pique knit polo T-shirt, has a ribbed, spread collar, short buttoned placket, short sleeves, brand logo embroidered at chest, brand patch at hem",Puma Men Blue T-shirt,Tshirts
5574.jpg,"Lightweight and comfortable, the nike tennis Classic men's shoe is designed for the winner. With a neat, low profile design, this shoe is makes for a great indoor court game, or simply team it with jeans and t-shirts for a cool, casual look. Upper   Synthetic leather upper with stitched detailing for durability, comfort, water-proofing and style  Synthetic wrap around swoosh branding overlay and an extra overlay at the heel for extra midfoot and backfoot support  Lace-up system for snug Fit  Cotton twill laces for durability  CUshioned tongue and sockliner for in-step comfort and snug fit   Midsole   Phylon midsole for lightweight comfort and impact protection  Padded and perforated footbed for fresh and dry comfort   Outsole   Durable rubber outsole with herringbone pattern for maximum grip and traction   Shoe care Wipe surface with damp, clean cloth to remove dust Do not machine wash Do not store in direct sunlight",Nike Men's Tennis Classic White Black Shoe,Sports Shoes
9378.jpg,"Composition Black football cap made of 100% cotton, embroidered eyelets on the crown, team logo embroidered on the front crown, nike Swoosh embroidered on side, and Velcro fastener at the back Fitting Comfort Wash care Hand wash in warm water at 40 degrees Do not wring, bleach, iron or dry clean Line dry A true soccer fan that you are, you must have a favourite team...and if Brazil is your choice, this black soccer cap from nike belongs in your collection! Wear this cap as you cheer for the land of Kaka, Ronaldo and Ronaldinho, or when you're scoring on the field yourself! Looks great and offers protection from the sun as well. Team it with your casual clothes to look sporty.",Nike Unisex Cbf Core Black Caps,Caps
47205.jpg,"Style Note Cast a timeless impression with this pair of franco leone shoes. Give your formal wear a twist of style or your semi formal wear a trend lift with this leather shoe and revel in the comfort of easy fashion.  Product Details Slightly pointy toed black shoes with lace up fastening, stitched detail and a stacked heel Leather upper with reinforced overlay at the heel collar Soft padded footbed Upper adhered to the outsole TPU outsole which is textured   Material and Care Leather Wipe surface with a dry, clean cloth to remove dust and dirt Use a branded leather conditioner to maintain shoe shine",Franco Leone Men Brown Formal Shoes,Formal Shoes
21969.jpg,"Specialising in fashionable style, and crafted by skilled Indian craftsmen, murcia bags use the finest materials and hardware in their products. This stylishly silhouetted bag embodies the essence of the modern Indian woman - unapologetically fashionable. This bag with its textured leatherette upper and elegant bronzed hardware adds a stylish spin to your off-duty ensembles. Carry this while wearing dressed down outfits and a tonal belt.  Textured leatherette upper with a metallic brand badge on the front and contrast stitch detailing Two handles with rivet detailing Two main zippered compartments with a zippered pocket on the second compartment Zippered pocket on the back A bronze buckle on the front for style  Bag care Wipe surface with a dry, clean cloth to remove dust",Murcia Women Stylish Light Green Handbag,Handbags
44610.jpg,"Style Note The salomon Quest 4D GTX boots is a heavy duty hiking shoe that performs well if you're a light/fast to medium hiker. The brand considered its trail-running shoe and used the design for a backpacking boot. A pair for the pros, this shoe provides great arch support and is roomy around the toes (unlike most hiking boots) The USP of this boot is its 4D Advanced Chassis that controls flex, reduces ankle strain, enhances stability and protects feet from rough terrain. The secure heel cupping enhances the stability of the boot and the lateral ankle support renders this pair great for climbing or descending. The shoe exhibits good traction on rocks, sand, landscapes with tree roots and grass  furthermore, the sturdy rubber capping protects the toe against accidental stubbing while in the wild. Bottom line - this is a lightweight boot with excellent stability and support without the typical unwieldiness of hiking shoes. Weighing 649.2 grams, this is great for urban wear as well. Product Details Nylon textile and split suede upper with a high top, has a rubber toe cap and heel guard Heel sling at the heel collar to prevent abrasion High collar that steeps low at the ankle rear with ample padding Padded tongue with a lace-lock, central nylon lace-ups with plastic eyelets and metal hooks Polyester lining to wick sweat away with mesh lining for the collar and tongue upper Waterproof GORE-TEX Extended Comfort membrane at the bootie lines for a dry and comfy feel Removable Ortholite footbed engineered with anti-microbial treatment and is partially made of recycled tire and a molded EVA midsole The 4D Advanced Chassis is made of thermoplastic urethane 4D stands for the four layers - the foam insole, the midsole support plate, a cushioning pad in the sole and the outsole Contagrip outsole made of high wear abrasion resistant rubber which has an ascending lug pattern at the forefoot and braking pattern at the heel region Material and Care Leather, textile Clean with a leather brush Do not store under sunlight or wash",Salomon Men Black Quest Sports Shoes,Sports Shoes
42147.jpg,"Style Note This vintage style nike Sweet Classic Leather shoe is a perfect fusion of street fashion and tennis glam. Designed for the tennis lover, these shoes blend function and fashion effortlessly, to make you look fabulous on and off the court.  Product Details White leather shoe with central lace-ups, overlays, nike swoosh and stitched detailing Padded tongue and inner Tough rubber midsole Durable rubber outsole with herringbone grooves  Material and Care Leather Wipe surface with a clean, damp cloth Do not store in direct sunlight",Nike Unisex Sweet Classic Leather White Casual Shoes,Casual Shoes
15948.jpg,"With a diagonal striped design in broad and narrow lines in glossy burgundy and black, this tie from turtle is a perfect match for a variety of dress shirts - from classic whites to black and grey. Also, every time you purchase a Turtle product, part of the proceeds go towards protecting and conserving turtles as part of the Save Turtle project created in collaboration with WWF and Wildlife Society of Orissa. Length : 146 cm Made of 100% microfibre for durability and easy use Has broad and narrow diagonal stripes in glossy burgundy and black One loop with on the inner of the broad tongue to hold the narrow tongue in place Woven brand logo on the inner side of the broad tongue Tie care only dry clean",Turtle Men Stripes Burgundy Ties,Ties
15885.jpg,-,Warner Bros Kids Unisex TJ Chase Casual Navy Blue Casual Shoes,Casual Shoes
43014.jpg,"Style Note Some men demand a little more from their undergarments  those men choose calvin klein Underwear. CK briefs go beyond basics - they're a style statement crafted by experienced experts to make you feel sexy, fashionable, and comfortable. Product Details Grey hip brief, has a soft elasticated waistband with branding on it, tagless for comfort, body defining Fit and contour pouch Material and Care 100% cotton Machine wash cold Do not bleach or iron Tumble dry low",Calvin Klein Men Grey Brief,Briefs
11100.jpg,"Composition Purple full sleeves shirt with green and white stripes, made of 100% cotton, has a patch pocket on the left chest and a full length buttoned placket   Fitting Regular  Wash care  Machine/hand wash in cold water at 30 C with mild detergent Wash dark colours separately Do not bleach Tumble dry low Dry in shade Warm iron  Formal clothes don't have to be boring! Make your weekdays fun by wearing this formal striped shirt from indigo nation. This vibrantly coloured shirt guarantees appreciative glances, while the cotton fabric gives utmost comfort all day long. Pair it with well-fitting formal trousers and a pair of leather shoes to take the office by storm!   Model statistics  The model wears size 40 in shirts Height-6', Shoulders-18""",Indigo Nation Men Stripes Purple Shirts,Shirts
12929.jpg,"Composition Blue and black narrow striped polo T-shirt, made of 100% cotton, has a buttoned chest placket, felt tape detailing on the inseam of the neckline, short sleeves, brand detail embroidered on the left chest, and a vented hem Fitting Slim Wash care Machine wash using a mild detergent Avoid bleaching, beating, twisting or even a tumble dry Wash dark colours separately Line dry in shade on the reverse side Reshape garment in wet condition to its original form Look cool and sophisticated in this striped polo neck T-shirt from classic polo. The stripes add an interesting detail to the tee, while the cotton adds oodles of comfort to it. Team this with jeans or chinos and comfortable-yet-stylish lifestyle footwear from the wide collection available at myntra for casual occasions. Model statistics The model wears size M in t-shirts Height-5.11"", Shoulders-18.5""",Classic Polo Men Narrow Stripes Blue Tshirts,Tshirts
37984.jpg,"Style Note Comfortable, casual dressing at it's best, this T-shirt from Classic Pologuarantees effortless style whatever the occasion, while the cotton fabric offers exemplary comfort. Pair it with jeansor chinos and casual shoes. Product Details White and black polo T-shirt, has a ribbed collar, a two-buttoned chest placket, short sleeves with ribbed cuffs, embroidered brand logo across the chest, and a vented hem Material and Care 100% cotton Machine wash with similar colours at 40 degrees using a mild detergent Do not bleach Tumble dry low Dry in shade Warm iron do not iron on decorations Size and Fit Slim fit The model (height 6' and shoulders 18"") is wearing a size M",Classic Polo Men Black & White T-Shirt,Tshirts
33938.jpg,"Style Note With this Climalite enabled performance T-shirt, you can conveniently ignore the heat and keep your focus right where it needs to be: on the finish line. A combination of performance fabrics keeps cool air flowing in and heat and sweat flowing out, meaning you can stay dry and comfortable, performing at your peak in even the most heated competition. On a day off, pair it with denims and cool sneakers to look your casual best. Product Details White polo T-shirt that has short sleeves, short buttoned placket, branding on the left sleeve, graphic print on the front and back and a vented hem Material and Care 100% polyester Machine wash cold with like colours using a mild detergent Do not bleach Tumble dry low Cool iron do not iron on decorations Size and Fit Relaxed fit The model (height 6' and shoulders 18"") is wearing a size M",ADIDAS Men Clima White T-shirt,Tshirts
59295.jpg,"Black and white checked shirt with spread collar, full buttoned placket, patch pocket on the left chest, box pleat on the back, branding on the left pocket, long sleeves with buttoned cuffs and curved hem",U.S. Polo Assn. Men Black Shirt,Shirts
3397.jpg,"Composition Pure leatherette shoulder bag in green with broad and soft shoulder straps, side straps, three separate chambers and dedicated zipper This stylish bag is for the woman with a strong sense of style. Apt for a visit to the club, a party with friends, casual date or simply on a chilled-out shopping spree, this fashionable shoulder bag is oh-so-perfect for all ages and dresses ! Stack all your essentials into it comfortably. With its superior finished look, it&rsquo s definitely a head turner. Bag care Rub surface with dry clean cloth to remove dust and dirt Use a mild leather cleaner",Murcia Women Green Handbag,Handbags
5369.jpg,boys. Ideal for OCCASIONAL tennis on all courts,Artengo 452c Boy Kd White,Sports Shoes
56190.jpg,"With Vitamin E and anti-aging properties, time plus compact powder soothes and nourishes the skin",Colorbar Time Plus Honey Compact Powder 006,Compact
49844.jpg, Style Note,Q&Q Men Gents ANALOG Black Watches,Watches
51672.jpg,"Lens colour: Brown shaded Frame colour: Silver and maroon Frame type: Metal, aviator style Branding at the sides  soft nose-pads The glasses come in a case",Louis Philippe Men Maroon Sunglasses,Sunglasses
33126.jpg,"This updated closet essential tops our wish-list this season! For the that new slinky dress you just bought or to dress up an office ensemble, this is the go-to shoe. Stylish yet not over-the-top, this modestly heeled shoe is perfect to make the right impression.   heels: 3.5""   Upper Satiny fabric glued over synthetic A heel cup for cushioned comfort Lightly padded footbed Criss crossing straps across the ankle   Outsole TPU outsole with heel Textured design on the heel for added comfort   Shoe Care Wipe surface with soft, clean cloth to remove dust Do not machine wash or use a drier Do not store in direct sunlight",Catwalk Women Gold Stilettos,Heels
59606.jpg,"Onion pink sari with applique, embroidery and patterning and silver borders",FNF Pink Collection for Wedding Wear Sari,Sarees
50945.jpg,"Style Note One of the world's largest denim-wear Brands lee definitely knows how to craft their denims. This Summer the brand presents a range of denim jeans that you will want to live in. Its blended fabric composition ensures a super-stretchy feel that is guaranteed to not stretch -out over time. tops, t-shirts, tunics ..... Whatever you pair it, a lot of complements will definitely come your way. Product Details Dark blue denim jeans, slight whiskering, two scoop pockets in front with insert coin pocket on the right, printed branding on the left side, yoke and two patch pockets at the back with arquette print, waistband with loops, zippered fly with button, PU patch with branding on waistband at the back Material and Care Cotton blend Machine wash cold Warm iron Size and Fit Extra low rise, slim and super skinny fit The model( height 5'8""and waist 28"") is wearing a size 28",Lee Womens Blue Maxi Fit Jeans,Jeans
53873.jpg,"Mesh upper with synthetic overlays, has synthetic twill tape laces Formstripe on the side Comfort insole with mesh tongue to ensure a snug, comfortable Fit Textile lining for added comfort Lightweight rubber midsole Outsole reinforced onto the toe to act as a toe guard Made of high traction rubber and has a scooped midfoot Multidirectional lugs, suction points and flex grooves on the outsole",Puma Men White Aquil Ind Sports Shoes,Sports Shoes
14438.jpg,"Revel in the comfort of pure leather and look stylish in ease with this pair of slippers from enroute. Pamper your feet with the stylish flower embellishment and enhance your style quotient by pairing it with any kind of casual and ethnic clothing . This pair comes with a shoe bag to help you carry it around in ease. Upper Leather T-straps with a toe separator, stitch to the midfoot sides and has a flowerlet on the centre Movable strap on the backfoot with a buckle to customise the Fit Leather footbed with cushioning under the heel and perforations on the forefoot to ensure sweat-free comfort Outsole Durable rubber outsole textured on the forefoot and heel for absolute grip and traction Sandal care Wipe the leather surface with a dry, clean cloth to remove dust and dirt Do not store in direct sunlight",Enroute Women Casual Yellow Heels,Heels
28436.jpg,"Case style:nbsp;Analoguenbsp;watch with a circularnbsp;case and stainless steel back,nbsp;a fixed bezel with embellishements Dial style: Silver-toned dial with hands and markings Features: Screw and two buttons to reset time, alarm and timer, three chronograph displays, date aperture Strap style: Blacknbsp;bracelet-style strapnbsp;secured with anbsp;butterflynbsp;clasp Water-resistant up to 50 m Warranty: 2 years Warranty provided by Brand Owner / Manufacturer",DKNY Women Silver-Toned Chronograph Watch NY8099,Watches
15313.jpg,"Round toed sports shoes with central lace fastening Heavily meshed upper for enhanced breathablity and lightweight comfort with synthetic leather overlays and adidas patented 3-Stripes on the sides for enhanced shoe structure Reinforced overlay at the heel collar with branding at the back Meshed and padded tongue and collar, padded sock liner for all-day comfort and shock absorption Rubber midsole, upraised at the heel with adiPRENE inserts for absolute impact protection adiWEAR TPR outsole with grooves at the periphery, scooped at the heel, arched at the midfoot and impact guidance lines for shock absorption",ADIDAS Men Aerostar White Sports Shoes,Sports Shoes
26324.jpg,"Grey tracksuit Grey knitted jacket, has a mock collar with a full zip closure, long sleeves, a split kangaroo pocket Grey knitted? mid-rise track pants, has two pockets, an elasticated waistband",Proline Men Grey Tracksuit,Tracksuits
8214.jpg,"EXPERIENCE THE JOY OF FRESH RUNS An absolutely dynamic running shoe, the nike Lunarswift+ offers seamless comfort, distance-busting cushioning and runner specific support. Offering soft cushioning and support with every stride, the nike Lunarswift+ features a LunarLite cushioning system that ensures a springy effect for the feet. The Nike Lunarswift+ range of shoes a low profile midsole that ensures a firmer feel to the underfoot. It’s a highly recommended shoe for underpronators and overpronators with ample cushioning and stability provided in the medial and lateral side of the shoe. Breezy touch to snug shoes With a stitchless upper, Nike Lunarswift+ shoes reduce irritation to the feet and enhance the comfort factor. The upper of these shoes are constructed using lightweight synthetic mesh and synthetic overlays ensuring ample ventilation for the feet, keeping them dry and comfortable even during long runs. To test the breathability aspect, wear really thin socks and move around in the Nike Lunarswift+ and feel the breeze moving in and out. Added to this is a robust heel counter that provides an absolutely snug and secure Fit to the rearfoot. Adapts to the runner's needs Light in weight and weighing just about 306 grams, this range of shoes are employed with Lunarlon cushioning system in the midsole that is made up of a soft, resilient foam core. This is encased in a supportive foam carrier ensuring a lightweight blend of plush cushioning and springy response. This support platform is dynamic enough to respond to the runner’s changing needs. It adopts to the wearer’s stride through each run giving the right amount of support and stability. No wonder overpronators prefer the Nike Lunarswift+ as the wedged carrier foam in the Lunarlon system limits excessive pronation, without adding weight or stiffness of a traditional medial post. When it comes to neutral pronators, this pronation control feature is not activated. For such runners, the dynamic support platform enhances cushioning, converting this same shoe into a neutral running shoe. Stay safe in the dark The outsole of the Nike Lunarswift+ has flex grooves along its length and breadth ensuring flexibility in every stride. Constructed with an outsole using environmentally preferred rubber and a waffle pattern outsole, the shoe is absolutely high on traction and durability. Added to these features are the reflective elements used in the shoe to ensure that you are visible even when running in low visibility conditions, keeping you safe. Belonging to the Nike+ range, the Nike Lunarswift+ is compatible with all Nike+ products and actually talks to your iPod nano and other compatible gauging devices. So enjoy those long runs through all seasons in this pleasurable range of Nike Lunarswift+ shoes. Upper   Open mesh upper made of synthetic leather for ample breathability  Microfiber synthetic overlays in the forefoot and rearfoot for snug fit  Heel counter moulded onto the shoe and wrapped around rearfoot for stability of the heel  Moulded sockliner anatomically placed for underfoot cushioning and ergonomical comfort  Midsole  LunarLite technology employed with foam core bonded to a phylon carrier for enhanced cushioning and increased energy return  Dynamic support layers along the foam core to produce a denser medial midsole to reduce overpronation  Cuboid pod in lower lateral side of midfoot   Outsole   BRS 1000 carbon rubber on the heel counter for added durability  EPR forefoot for multi-surface traction  Waffle outsole design on forefoot for multi-surface traction and cushioning  Shoe care  Wipe surface with damp, clean cloth to remove dust  Do not machine wash  Do not store in direct sunlight ",Nike Men's Lunarswift 2 Black Blue Shoe,Sports Shoes
39172.jpg,"Black printed kurta, is sleeveless, has a V-neckline, patterning and stitched detailing along the neckline and a vented hem",Aneri Women Grey & Black Printed Kurta,Kurtas
15825.jpg,"Composition Red rib knit sleeveless vest made of 100% premium cotton, has a square neckline, wide arm holes, thin shoulder straps, no itchy label and distressed look graphic on the front Fitting Comfort Wash care Machine wash warm at 40 degrees with like colours Do not bleach Tumble dry low Dry cleanable Lightweight with a squared neck, this facit ribbed vest is crafted using pure cotton that allows the fabric to contour to your silhouette and help you stretch in ease. The narrow squared neck and wide armholes accentuate your shoulders and chest muscles. The vest comes with a printed brand label on the inner neck that provides abrasion-free comfort. The distressed look print on the front adds to rugged styling. Team this with tracks. Model statistics Product is a size M on a model of height 6' and shoulders 18""",Facit Men Sportz Red Innerwear Vest,Innerwear Vests
55025.jpg,"Lakme Absolute Matte lipstick, luxurious rich colour enriched with Vitamin E and wheat germ oil for a non-drying creamy yet matte finish",Lakme Absolute Matte Pink Romance Lipstick 206,Lipstick
29935.jpg,"Case style: Digital watch with a circular case and a stainless steel back Features: Stop watch, date and day displays, four screws to reset the features Strap style: White leathernbsp;strap secured with a tang clasp Water-resistant up to 30 m Comes in a signature Police case Warranty: 2 years Warranty provided by Brand Owner / Manufacturer",Police Men White Digital Watch PL12898JS-02A,Watches
31732.jpg,"Composition Brown check blazer made of 98% cotton and 2% Lycra, has 100% polyester lining, long sleeves with decorative four button cuffs, shoulder pads, a notched lapel, single breasted two button front , pocket on the left chest, two flap pockets on either side of the waist, two buttonable welt pockets in the inner lining, and a vent at the centre back hem   Fit Reid and Taylor's Contemporary Fit   Wash care  Dry clean only  This blazer from Reid and Taylor is the perfect piece when you need a versatile top layer to polish up casual outfits or give a friendly air to your formals. It's a unique mix of a formal blazer with contemporary styling – crossing that tricky line between smart and relaxed. Pair it with jeans and suede shoes, or wear unbuttoned with a monochrome shirt, chinos and ankle boots for a subtle touch of class.   Model statistics  The product is a size 40 on a model of height 6' and shoulders 18”",Reid & Taylor Men Brown Blazer,Blazers
15685.jpg,"Composition Khaki trousers made of 100% cotton, has a flat front, two pockets at the waist, two pockets at the back with button closures, looped waist, and a button and zipper closure on the front  Fitting Regular  Wash care Machine wash at 40 degrees Wash dark colours separately Do not bleach Tumble dry on normal or line dry Warm iron  Designed for the man of style and crafted from soft cotton fabric, this chino from highlander's Classic collection offers a great Fit and flattering silhouette, which is sure to make it a wardrobe favourite. Pair it with semi-formal shirts and suede shoes.  Model statistics The model wears size M in shirts Height: 6', Shoulders: 18""",Highlander Men Classic Chinos Khaki Trousers,Trousers
23221.jpg,"Wash care Machine wash separately using mild detergent Do not dry clean, do not bleach Drip dry Warm iron",Aneri Women Maroon Embroidery Kurta,Kurtas
34057.jpg,"Composition Blue denim three quarter length trousers made of 100% cotton, has belt loops at the waistband and an elasticated back, a hook and zipper closure, two insert pockets on the sides, two patch pockets on the back with embroidered detailing and brand name embroidered on the left leg  Fit Regular  Wash care Machine wash separately in cold water using a mild detergent Do not bleach or soak Line dry inside out in shade Warm iron only Do not iron directly on print/embroidery  boys will love these three quarter length trousers from palm tree. The elasticated waistband gives a great fit, while the cotton fabric keeps him feeling fresh and comfortable all day. Team them with tees and comfy footwear for a stylish, casual look.",Gini and Jony Boys Washed Blue 3/4 Length Pants,Capris
14997.jpg,"Composition Navy blue hooded pullover made of 80% acrylic and 20% wool, has long raglan sleeves, ribbed cuffs and hem, adidas patented 3-Stripes from the shoulders to the cuffs, and brand badge on the left chest Fitting Comfort Wash care Wash below 40 degrees separately Do not dry clean Do not soak, bleach or tumble dry Dry in shade Warm iron; do not iron on decoartions Enjoy the winter in comfort in this acrowool hooded pullover from adidas. Wear it over t-shirts and jeans, pair it with sneakers, sling on a jacket and enjoy the winter in style. Model statistics The model wears size M in pullovers Height: 6'1', Shoulders: 18.5""",ADIDAS Men Solid Navy Blue Sweaters,Sweaters
57909.jpg,Pack of three pairs of black socks Low cut half cushion Ankle length with stay up top Smooth toe seam Branding at base,Fruit of the Loom Women Black Pack of Three Socks,Socks
23239.jpg,"Composition Magenta printed kurta made of 100% cotton, has a mandarin collar with a short placket, woven tape detailing on the yoke, short sleeves and a vented hem Fit Regular Wash care Hand wash separately in cold water using a mild detergent as colour may bleed Flat dry inside out in shade Warm iron The inspiration for this kurta from aneri is the retro-esque fusion of the uniquely ethnic with smart workwear. The modern Indian working woman has come into her own, as has her wardrobe. This piece epitomises how fashion, vintage styling and comfort unite to create the perfect Indian tunic. For those who want to keep their look classic and chic, pair this with tonal leggings and embellished sandals. Model statistics The product is a size M on a model of height 5'8"" and chest 33""",Aneri Women Diksha Magenta Kurta,Kurtas
24523.jpg,"Composition Blue printed round neck kurta made of blended cotton fabric, has a split neckline, three quarter sleeves, mirror and thread work on the yoke and a vented hem  Fit Regular  Wash care Hand wash separately in cold water using a mild detergent as colour may bleed Flat dry inside out in shade Warm iron  The inspiration for this kurta from mother earth is the retro-esque fusion of ethnic apparel and smart workwear. This piece epitomizes how fashion, vintage styling and comfort unite to create the perfect Indian tunic. Mother Earth uses hand processed fabrics including natural and Azo free dyes. Woven with slub yarns for an authentic vintage feel. Those interested in colourblocking can wear this with bright contrasting capris or pants. Others, who want to keep their look classic and chic, can pair this with jeggings and embellished slippers.  Model statistics The product is a size S on a model of height 5'8"" and chest 33""",Mother Earth Women Blue Printed Kurta,Kurtas
42031.jpg,"Style Note The adidas Response Cushion 20, a running shoe, features a Torsion system in the midsole for enhanced stability and adiPrene cushioning. A high tech running machine hidden under a simple design, the durability of the Adidas Response Cushion 20 is driven by the trademark AdiWear system in the outsole. Product Details Blue and white shoe with mesh upper, central lace-ups, synthetic leather overlays, reinforced overlay over the heel cup, over toe box and midfoot region Meshed and padded inner and tongue Rubber midsole with adiPrene cushioning at the midfoot area Raised heel, decoupled heel, impact lines to distribute shock, suction points all over the heel in blown leather and outsole reinforced to the upper Material and Care Synthetic Wipe surface with damp, clean cloth to remove dirt Do not machine wash or store in direct sunlight",ADIDAS Men Blue Response Sports Shoes,Sports Shoes
6185.jpg,"Composition Grey round neck t-shirt made of 100% cotton, with a ribbed neckline and in-seam, half sleeves with brand embroidery on left sleeve and graphic camoflauge print on the front Fitting Comfort Wash care   Machine wash in cold water inside out  Wash dark colours separately  Use mild detergent  Do not bleach or wring  Tumble dry or flat dry inside out in shade  Warm iron  Do not iron on print/embellishments   From dust to the stars, Henry David lee has made his garment company lee grow to magnanimous heights, which is still a favoured brand even after more than a century. The camouflage print with screen print lettering on the front adds to this tee a rugged ranch feel. Team this cotton t-shirt from Lee with jeans and sports shoes or sandals for that cool, casual look. Model statistics The model wears size M in t-shirts Height-6.2'', Shoulders-16""",Lee Men's Hentry Smoke Grey T-shirt,Tshirts
39790.jpg,"Style Note For the man who combines style and comfort, this shirt from the peter england collection is a must buy. Crafted from soft cotton fabric, this shirt offers exemplary comfort and is sure to become a wardrobe favourite. Pair it with denims and boots, thrown on a biker jacket and conquer the world in style.   Product Details Blue striped shirt, has a spread collar, long sleeves with buttoned cuffs, full buttoned placket, a patch pocket on the left chest and a curved hem   Material and Care Blended fabric Wash separately using a mild detergent Do not bleach Drip dry Warm iron   Size and Fit Regular Fit The model (height 6' and shoulder 18”) is wearing a size 40",Peter England Men Blue Formal Shirt,Shirts
51530.jpg,Case style: Analog watch with a rectangular case and a stainless steel backnbsp; Dial style: Silver-toned dial Features: Screw to reset time Strap style: Steel-toned strap with a butterfly clasp Water resistant upto 30 m Warranty: 1 year against manufacturing defects Warranty provided by Brand Owner / Manufacturer,Fastrack Women Silver-Toned Dial Watch NA2404sm01,Watches
35432.jpg,"Composition Pink dotted strappy dress made of 100% cotton, has elastication at the chest, elastication at the back, velvety plush toy adornment on the neckline, flaring skirt and branding above the hem  Fit Regular  Wash care Machine wash in cold water with like colours in a gentle cycle Do not bleach or wring Tumble dry low or lay flat to dry Medium heat steam iron  do not iron on decorations Do not dry in sunlight  Catching butterflies in summer - that's what this frock from doodle is perfect for! Crafted with pure absorbent cotton (for her comfort), pretty tier details and the plush toy decoration at the neck, this piece is perfect for a spring fete or an evening stroll in the park.",Doodle Girls Printed Pink Dress,Dresses
49785.jpg,"Style Note We love this cute pyjama set from little miss intimates which has a girly vibe and keeps you feeling young. Bright colours with cartoon prints, immensely comfortable and super soft fabric makes this just what you want to go to to sleep in or spend a day lounging at home. Product Details Black spaghetti top, has a round neckline, multicoloured printed binding around the arm holes, neckline and straps, multicoloured graphic print on the chest in, contrast pink stitched detail at the hem. Multi-coloured printed shorts with elasticated waist and tag-less comfort Material and Care 100% cotton Machine wash warm Do not bleach or tumble dry or iron on print",Little Miss Intimates Black Pyjama Set,Night suits
17025.jpg,"If you expect your footwear to be extremely comfortable coupled with great looks, you've come to the right place!  These flip flops from gas pamper your feet all day long as you go about doing your daily chores with even greater enthusiasm. This close-to-barefoot footwear can be paired with just about any kind of casual wear for a fab look.  Upper  Synthetic upper for  maximum durability, comfort and style Thong straps to hold the foot in place Brand name on the footbed and strap  Midsole  Synthetic midsole with stitch detailing for enhanced durability and style  Outsole PU outsole with elevated horizontal grooves  for absolute grip and traction  shoe Care  Rub surface with clean, damp cloth to remove dust",Gas Men Beach Slipper,Flip Flops
8973.jpg,"These stylish Drift cat III CF shoes from puma that have a motorsport friendly design are great for urban wear. These shoes  are great for regular wear since their attractive low-profile design looks great when teamed with jeans and tees for a cool casual look.   Upper Synthetic leather uppers for durability and protection Velcro flap closure for snug Fit and easy insertion and removal of the feet Lightly padded collar and tongue for greater comfort Textile lining for extra comfort Brand name embossed on the tongue, stylized cat logo on the side and cat logo on the heel counter Formstripe on the lateral side  Midsole  Eco-friendly EcoOrtholite insole gives breathability, moisture control, anti-microbial properties, and long term cushioning Phylon midsole for greater lightweight comfort   Outsole Non-slip rubber outsole in a tyre tread pattern for greater traction Flex grooves for greater flexibility of the feet Sole extending to heel counter for greater protection of the heel   ",Puma Men Drift Cat III CF White Sports Shoes,Sports Shoes
28638.jpg,"Speed and endurance are the inspiration for the nike Dart 9 Leather men's running shoe, with premium craftsmanship in a supportive, durable Fit. The nike Dart 9 has great durability, cushioning, support and amazing grip to keep you and your feet happy when running. The breathable mesh upper combined with a midfoot overlay gives you a great fit and a comfortable ride.   Upper  Leather upper with strategically placed overlays and stitch detailing for good shoe structure Nike swoosh on the lateral side of the midfoot Perforations all over for breathability Reinforced overlays on the toe box and heel collar for abrasion free comfort Central lacing system Padded tongue with branding Padded mesh lining inner for optimal comfort Removable sockliner to accommodate an orthotic   Midsole  Phylon midsole with natural motion engineering for an optimal ride   Outsole  TPU outsole with waffle patterned lugs and a decoupled heel Impact line along the outsole to minimize shock  Shoe care  Wipe surface with damp, clean cloth to remove dust Do not machine wash or store in direct sunlight",Nike Men Dart 9 Leather White Sports Shoes,Sports Shoes
47111.jpg,"Round toed, blue clogs with white accents and slip-on styling Synthetic upper with spider-man badge, printed patterns and cut-out detail, has an adjustable backstrap for keeping the foot in place Textured and padded footbed with branding Durable rubber outsole with patterned grooves for grip",Marvel Boys Blue Spiderman Clogs,Sandals
28347.jpg,"Lens colour: Graduated grey Lens type: Polarized lens for glare reduction Frame colour: Black Frame type: Recatangular, full thin frame with plastic arms High bridge and ergonomically shaped nose pads for comfort The glasses come in a signature IDEE case Warranty: 1 year",IDEE Men Black Sunglasses,Free Gifts
25061.jpg,"Specially woven on a Jacquard loom for vintage sophistication, this tie and pocket square set with cufflinks from Linos Perros is a great gift option or a delicious self-indulgence. The cosomopolitan man's formal wardrobe is not complete without colour options in ties, cufflinks and pocket kerchiefs.  Tie Length : 150 cm Made of silky loom-woven fabric Blue and orange stripes on a velvetty purple dotted tie Loop on the tie inner to keep the tongue in place  Cufflinks Width : 1 cm Stone encrusted round cufflinks Hinged back to hold the cuff link in place  Handkerchief Square handkerchief with a 30 cm width Made of loom-woven fabric with a matching pattern  Accessory Set care Dry clean only",Lino Perros Men Formal Purple Accessory Gift Set,Accessory Gift Set
21956.jpg,"Specialising in fashionable style, and crafted by skilled Indian craftsmen, murcia bags use the finest materials and hardware in their products. This stylishly silhouetted bag embodies the essence of the modern Indian woman - unapologetically fashionable. This bag with its textured leatherette upper and elegant silver hardware adds a stylish spin to your off-duty ensembles. Carry this with understated outfits and a tonal belt.  Textured leatherette upper with a metallic brand badge on the front Buckle and rivet detailing on the sides Rivet and buckle on the front, below the handles Two handles Two main zippered compartments with a zippered pocket on the second compartment and a mobile pouch in the first Zippered pocket on the back  Bag care Wipe surface with a dry, clean cloth to remove dust",Murcia Women Casual Brown Handbag,Handbags
42659.jpg,"Style Note Pared down to the basics, this kurta from alma is just right for a layered boho chic or a simple off-to-college vibe. Add a splash of colourful jewellery for an interesting dimension. The simple silhouette and the minimal design details will balance the brighter accessories. Product Details Green printed kurta, has a wide round neck, short sleeves, pintucks at the chest and split sides Material and Care 100% cotton Machine wash Wash dark colours separately Dry in shade Warm iron Size and Fit Regular fit The model (height 5'8"" and chest 33"") is wearing a size M",Alma Women Green Kurta,Kurtas
33971.jpg,"Composition Navy blue shirt made of blended fabric, has a mandarin collar with a slit neckline, half buttoned placket, long sleeves with mid button tabs and buttoned cuffs and a vented hem Fit Regular Wash care Wash dark colours separately Dry inside out Do not bleach Do not wring Use warm iron Capture the fun of a new season in fashion with this stylish shirt from femella. The blended fabric will keep you fresh and comfortable all day long. Pair it with jeans and sandals for that perfect girly look. Model statistics Product is a size M on a model of height 5'8"" and chest 33""",Femella Women Navy Blue Top,Tops
37735.jpg,"Style note This john players shirt gets a sartorial stamp of approval, with it's refined collar, silhouetted tailoring and it's fine, luxe fabric. Make the right impression with this shirt - be it on lazy weekends or during after-hours dinner. The best bet for semi-formal Fridays, wear this with fitted denims and ankle boots!   Product Details Blue checked shirt made of cotton fabric, has a spread collar, long sleeves with buttoned cuffs, full buttoned placket, a patch pocket on the left chest, brand embroidered on the left chest pocket and a curved hem   Material and Care 100% cotton Dry clean or machine wash with like colours only Use a non-chlorine bleach if needed Line dry inside-out in shade Warm iron   Size and Fit Trim Fit The model (height 6' and shoulders 18"") is wearing a size 40",John Players Men Blue Check Shirt,Shirts
46935.jpg,York EXZOTYK Pour Homme eau de toilette Enriched with notes of musk and burt Comes in a glass bottle,York Men EXZOTYK Pour Homme Eau De Toilette,Perfume and Body Mist
32837.jpg,"grendha's high quality sandals capture the sultry summer's essence, the fuss-free design and flirty adornments give a street-chic vibe. Showcase these flats with cropped pants and a pastel hued fitted shirt. Upper Thong style straps with a bow and flower detail for style Smooth footbed with printed branding Outsole Short, stacked heel Grooves all over Sandal care Wipe with a clean dry cloth to remove dust",Grendha Women Flori Grey Sandals,Heels
47317.jpg,"Style Note A sequined brown bag from baggit with metallic chain which is guaranteed to spruce up a simple ethnic outfit and add jazz to a western outfit. This bag can be carried as a sling bag or the chain can be hidden inside the main compartment and the bag can be carried as a wrist bag as well. Product Details Brown sling bag One long metallic chain strap Flap with beaded, metallic and sequined detail and a concealed magnetic button One main compartment with a drawstring closure that can be adjusted from both sides Two open pockets on one side and one zippered internal pocket with on the other side inside the main compartment Material and Care Velvety blended fabric and synthetic Wipe with a clean dry cloth when required Size Height: 15 cm Width: 19 cm Depth: 10 cm",Baggit Women Brown Bag,Handbags
8702.jpg,"High on style, this pair of distortion free women&     rsquo s sunglasses from fastrack comes in a styled frame. An eclectic mixture of fashion and substance, its shape provides that perfect Fit over the root of your nose. The glasses come with a sturdy case and a puck which doubles as a storage and wiping cloth for the accessory.  Pilkington UV 415 tinted glass lens for 100% UV 400 protection Stylised plastic frame in a square design for absolute comfort and durability Square brown tinted lens for absolute style and protection from elements Flexible hinges for durability Fixed nose holder with a thick nose bridge which is part of the frame to hold the glasses in place, ensuring there is no friction with the skin   Care  Remove dust and grime by gently wiping the lens with the cloth provided Remove oil or tough stains with the help of a lens cleaner Do not use your fingers on such stains Do not place glasses on uneven surface or heated areas like the dashboard of a car Warranty: 1 Year",Fastrack Women Basics Brown Sunglasses,Sunglasses
22379.jpg,"Composition White shirt with red and slim blue stripes, made of blended cotton, has full sleeves with double buttoned cuffs, medium spread slim collar, buttoned placket with pearlescent white buttons, patch pocket on the left chest with stitch detailing and a curved hem  Fit Slim  Wash care Machine wash separately using mild detergent Do not dry clean, do not bleach Drip dry Warm iron  Choose your favourites from the great range of mark taylor formal shirts available on myntra.  Impeccable construction, attention to detail and smart stripes place this shirt firmly ahead of the pack – wear with confidence tucked into formal trousers.  Model statistics The model wears a size M in shirts with height 6' and shoulders 18""",Mark Taylor Men Red & Blue Striped Pink Shirt,Shirts
25544.jpg,"Composition Blue round neck t-shirt made of 100% cotton, has short sleeves and graphic print on the chest  Fit Regular  Wash care only hand wash in cold water using a mild detergent Wash dark colours separately Do not bleach, wring or tumble dry Flat dry in shade Mild iron; do not iron on print/embellishment/embroidery  With a clean cut and a neat finish that offers a flattering silhouette, this T-shirt from wrangler offers a casual yet stylish vibe. The soft cotton fabric combined with the graphic print together make it a to-die-for buy. Pair it with jeans, shorts or a skirt and sporty footwear for absolute style.  Model statistics The product is a size M on a model of height 5'8"" and chest 33""",Wrangler Women Sunrise Navy Blue T-shirt,Tshirts
39835.jpg,"Style Note Gini & Jony's fun tee for girls, crafted from supersoft cotton, so comfy she'll never want to take it off. Conjured up from the whimsical elements of the spring, this simple tee is a summer must-have! Product Details Peachy orange sleeveless boat neck top, has print on the chest and an elasticated hem Material and Care 100% cotton Machine wash separately in cold water using a mild detergent Do not bleach or soak Line dry inside out in shade Warm iron only Do not iron directly on print/embroidery",Gini and Jony Girls Printed Peach Top,Tops
54713.jpg,"Kurta, salwar and dupatta set Cream-coloured printed kurta, has a round neck, mock buttoned placket in front, sleeveless, pink corded piping at neck and armhole, vented hem Pink salwar, has a drawstring fastening Pink dupatta with bead detailing at the edge",Shree Women Cream-Coloured & Pink Printed Salwar Suit with Dupatta,Kurta Sets
39814.jpg,"Style Note  Casual dressing only gets better with these slip-on sandals from red tape. This pair is a great combination of style and functionality - they're a perfect foundation for building a well-groomed look that exudes style and confidence.   Product Details  Crisscrossing leather straps covering the forefoot and midfoot for durability and style Padded nubuck footbed Upper stitched to the outsole for durability Durable rubber outsole, curved at the midfoot to offer absolute ergonomic comfort Textured outsole with branching lugs for maximum grip and traction on various surfaces   Material and Care Leather  Wipe surface with a dry, clean cloth to remove dust and dirt Do not store in direct sunlight",Red Tape Men Brown Sandals,Sandals
28249.jpg,Green and black aerosol spray can,Wild stone Men Hydra Energy Deo,Deodorant
9332.jpg,"Composition White and pink striped scoop neck t-shirt made of 100% cotton with mega sleeves, blue piping around neckline, cat embroidery on the left chest and behind collar  Fitting Comfort   Wash Care Gentle machine wash with similar colours in cool water Use light detergent Wash and iron inside out Do not bleach, dry clean or tumble dry Warm iron  Add a burst of fresh pink to your wardrobe with this blue and white striped tee from puma. Team this with white cotton pants or shorts and boat shoes for a sailor inspired look.  Model's Statistics: 1. The model wears size S in t-shirts 2. Height-5.7', Chest-32"", Waist-28""",Puma Women Ess Striped White Tops,Tops
40266.jpg,"Style Note Look stylish in this striped polo neck T-shirt from scullers. The bold colour stripes gives it a really fresh feel, while the ribbed hem sits snug around your waist. Pair it with denims or chinos and floaters for a careful yet carefree look. Product Details Blue, black and white striped polo neck T-shirt, has short sleeves, chest buttoned placket, branding embroidered on the left chest and a vented hem Material and Care 100% cotton Wash inside out Do not attempt to remove stains by spot washing Steam iron Size and Fit Regular fit The model (height 6' and shoulder 18"") is wearing a size M",Scullers Men Navy Blue Striped T-shirt,Tshirts
26372.jpg,"Composition Grey check pant made of 64% polyester and 34% viscose and 2% Lycra,has a zipper and button closure on the waistband in the front, belt loops on the waistband, two buttoned insert pockets at the back and two pocket son the front Fit Slim Wash care Machine or hand wash separately Use mild detergent only Do not bleach or wring Dry in shade Medium iron Stylish formal trousers for women with a slim fit and low rise, from arrow. Wear these with feminine shirts, tucked in or out, with a slim belt. Style this with a shoulder strap handbag and closed toe pumps. Model statistics The product is a size 32 on a model of height 5'8&rdquo  waist 26&rdquo  and   hips 36&rdquo",Arrow Woman Check Grey Trousers,Trousers
28891.jpg,"Beige boy shorts briefs for women made of cotton/Lycra fabric, has an elastic waistband, regular rise styling and printed label on the inner  Fit Regular rise  Wash care Machine wash warm at 40 degrees with like colours Do not bleach, iron Tumble dry low  This pair of boy shorts briefs from enamor is crafted using premium cotton fabric that provides quick dry breathability and no visible panty line. The cut allows free leg movement, the fashion elastic with cushioning enhances a luxurious feel and look, the no pinch elastic and printed label on the inside both provide irritation-free comfort.  Model statistics Product is a size M on a model of waist 26""",Enamor Women Beige Regular-Rise Brief,Briefs
59080.jpg,"White low rise briefs, has soft elasticated waistband, double layered gusset with cotton lining and string style waistband on the sides",Peri Peri Women White Brief,Briefs
11305.jpg,"Composition Dark blue streaked jeans made of a cotton and lycra blend fabric for stretchability, has two insert pockets on the front with a patch pocket inside the right one, two patch pockets on the back with thread detailing, brand tab appliqued on the right pocket at the back, loops on the waist, and has a metal zipper and button closure   Fit Slim fit Low rise Tapered leg   Wash care  Turn inside out before washing and drying Machine wash cold separately using a mild detergent as colour may bleed Do not bleach or wring Tumble dry or dry flat in shade Warm iron  If you're a denim person, then these dark blue streaked jeans from wrangler are perfect for you. With a low waist and great slim fit, this pair looks on trend and stays comfortable all day. Team this with feminine tops and stilletos for a chic look.  Model statistics The model wears trousers of length 39"" Height: 5'8"", Waist: 26"", Hips: 36""",Wrangler Women Blue Custom Jeans,Jeans
7215.jpg,"Composition Fuchsia round neck long top in 100% cotton with a complimentary bandana in the same colour Fitting Regular Wash Care Machine wash/Hand wash Wash separate in mild detergent Do not bleach Do not wring dry Dry in shade Medium iron Don the boho chic look in a really cool way with this tunic top from jealous 21. On a sunny day, put on the bandana and cheat the heat. Pair it with denims and pumps for a great casual look. Model statistics The model wears size M in t-shirts Height-5.8"", Chest-33""",Jealous 21 Women Band With Pink Top,Tops
58525.jpg,"Green chalk bag, secured with a drawstring fastening Has a short handle One main compartment Warranty: 1 year from the date of purchase against manufacturing defects Disclaimer: Please note that the thread colour in the brand logo may vary from the image shown Note: The inner lining material/colour may vary from what is shown in the image",Wildcraft Unisex Green Chalk Bag,Travel Accessory
50474.jpg,"Grey and black briefs with panelling in the front with print, has an elasticated waistband and leg holes, full coverage at the back  The final product delivered might vary in colour and prints from the display here.",Chromozome Men Grey Brief,Briefs
18716.jpg,"Composition Black sleeveless neck top made of 95% viscose cotton and 5% lycra, has shawl neckline, sequin and stud embellishments   Fit Regular   Wash care Wash with warm water Do not bleach Use warm iron, do not  iron on print   arrow woman caters to fashionistas with a taste for the exotic. This top is a glamourised version of the typical tee with its slim silhouette and studs. Pair it with richly hued denims, sky high heels and a scarf.   Model statistics The product is a size M on a model of height 5.8"" and chest 33""",Arrow Woman Shanna Black Top,Tops
37747.jpg,"Style note This john players shirt gets a sartorial stamp of approval, with it's refined spread collar, silhouetted tailoring and it's fine, luxe fabric. Make the right impression with this shirt - be it in the conference room or during after-hours dinner. An office-ready wardrobe essential, wear this with dark chinos and a pair of Oxfords. For a classier look, throw on a blazer over this shirt. The best bet for semi-formal Fridays, wear this with fitted denims and ankle boots! Product Details Khaki shirt with red checks, has a spread collar, a full buttoned placket, two pockets with buttoned flaps on the chest, has long sleeves with buttoned cuffs and a curved hem Material and Care 100% cotton Dry clean or machine wash with like colours only Use a non-chlorine bleach if needed Line dry inside-out in shade Warm iron Size and Fit John Players' Trim Fit The model (height 6' and shoulders 18"") is wearing a size 40",John Players Men Khaki Shirt,Shirts
7401.jpg,"Perfect for those casual outings, this nubuck and leather shoe from red tape is all that you need to speak your style statement loud and clear. Casual yet fashionable, this shoe makes for a great semi-",Red Tape Men Brown Casual Shoes,Casual Shoes
15511.jpg,"Crafted for the woman who never compromises on style and comfort, the Jeanie Thong chain sandal from rockport makes for a fab addition to your wardrobe. With a sleek design and simple silhouette it works great with all kinds of clothing . Upper Soft leather strap running around the ankle and along the midfoot to form a toe separator Chain metallic embellishment over the midfoot strap for enhanced style Concealed elastic gores on the sides of the ankle strap for a custom Fit Padded suede footbed for exemplary comfort Outsole TPU outsole with brand logo styled grooves on the forefoot and horizontal grooves on the mildly raised heel for absolute grip and traction Sandal care Wipe surface with a clean, dry cloth to remove dust Use a suede brush to clean the footbed Do not store in direct sunlight",Rockport Women Jeanie Thong Chain Pink Flats,Heels
20879.jpg,"High on style, this pair of sunglasses from united colors of benetton comes in a styled frame. An eclectic mixture of fashion and substance, its shape provides the perfect Fit over the root of your nose. The glasses come with a sturdy case.  Tinted lens for use in normal daylight conditions Plastic frame in an aerodynamic design Round lens for absolute style and protection from elements Flexible hinges for durability Fixed nose holder which is part of the frame to hold the glasses in place, ensuring there is no friction with the skin   Care Remove dust and grime by gently wiping the lens with the cloth provided Remove oil or tough stains with the help of a lens cleaner Do not use your fingers on such stains Do not place glasses on uneven surface or heated areas like the dashboard of a car",United Colors of Benetton Women Casual Sunglasses,Sunglasses
22596.jpg,"Composition Red t-shirt made of 100% polyester, is engineered with Dri-Fit technology, has a mock neck, short raglan sleeves and printed nike swoosh on the left chest Fit Regular Wash care Machine wash cold with like colours Do not dry clean or bleach Tumble dry low Warm iron Crafted from soft cotton-polyester fabric and engineered with Dri-Fit technology, this t-shirt from nike offers exemplary dry comfort, making it a great everyday choice for your healthy runs and casual days. Team this printed tee with jeans and running shoes for a sporty look. Add on a hooded sweatshirt for exemplary comfort during winters. Model statistics The product is a size M on a model of height 6' and shoulders 18""",Nike Men Red T-shirt,Tshirts
22802.jpg,"Composition Purple and black check shirt with white accents, made of 100% cotton, has a spread collar with a buttoned front placket, short sleeves with buttoned cuffs, embroidered branding above the patch pocket on the left chest and a curved hem  Fit Regular  Wash care Machine wash at 40 degrees Wash dark colours separately Do not bleach Tumble dry normal or line dry Warm iron  Crafted from soft cotton and cut to offer a flattering fit, this casual check shirt from Locomotiove offers exemplary comfort and is sure to become a wardrobe favourite. An off-duty essential, this checked piece rates excellent for comfort and style. Pair it with jeans and sneakers.  Model statistics The product is a size M on a model of height 6' and shoulders 18""",Locomotive Men Purple Check Shirt,Shirts
25877.jpg,"american tourister is a brand from samsonite Corporation, which has been in existence since 1933. It's a one stop shop for all your travelling bags, sling bags and back packs. American Tourister are proud to make durable and stylish bags to suit any occasion.  Height : 41 cm Width : 29 cm Depth : 17 cm Warranty : 1 year  Made of polyester for durability Two main zipped compartments with a laptop sleeve One zipped compartment on the front with organizer pouches and a key-holder One ear-phones gate One mesh open mouthed pocket on the left side for enhanced space One zipped side pocket on the right side Padded haul loop for easy carrying Two adjustable shoulder straps made of polyester and mesh panels at the back for breathable comfort Branded zips and branding appliqué     d on the front Back padding for comfort Rubber toes at the base  Care Clean with a damp cloth when necessary",American Tourister Unisex Casual Purple Backpack,Backpacks
30248.jpg,-,Numero Uno Men Black Shoes,Casual Shoes
18598.jpg,"Walk through your everyday casual hours in perfect comfort in this pair of Drifter cat slippers from puma. With an ergonomically curved and padded footbed, and a grippy outsole, stay safe and comfortable on all kinds of smooth surfaces.  Upper Wide synthetic leather straps with a toe separator and inner lining in twill tape Ergonomically padded footbed for all day comfort puma branding on the forefoot and heel  Outsole TPR outsole with diagonal grooves for absolute grip and traction  Slipper Care Wipe surface with a clean, damp cloth Do not store in direct sunlight",Puma Men Navy Blue  Drifter Cat Flip flops,Sports Sandals
15945.jpg,"Crafted from soft leather, this dark chocolate brown wallet from turtle is fabulously stylish and well organized. This two-fold wallet has lots of inner storage making it perfect for everyday use Dimensions : 11.5 cm X 9.5 cm Has two main compartments Four credit card slots on the left side flap above another cred it card organizer held together with a snap button flap Zippered chamber One compartments on the left for coins with a snap button flap Care Do not machine wash Rub surface with dry clean cloth to remove dust and dirt",Turtle Men Leather Brown Wallets,Wallets
24590.jpg,"Composition Blue and white printed kurta made of 100% cotton, has a round neck with a mock buttoned chest placket with lace around it, three-quarter sleeves with stone embellishments on a blue band at the cuffs, ruched and elasticated on the shoulders, pintucks and stone embellishments on the front, and has split side seams Fit Regular Wash care Wash cold using a mild detergent Do not bleach Dry in shade Warm iron  do not iron on decorations This elegant kurta from vishudh speaks volumes of your class and exudes femininity with its timeless design and cuts. The traditional print is sure to make this a wardrobe favourite. Pair it with leggings or skinny jeans. Model statistics The product is a size M on a model of height 5'7"", chest 33"" and waist 25""",Vishudh Women Blue Printed Kurta,Kurtas
9009.jpg,"The look of this murcia bag is contemporary and the feel is of pure luxury. Created using exotic material, intricate embroideries and international silhouettes, it's vibrant hues and rich textures are just some of the unique features of this murcia bag. This bag is a must have for every woman with style and panache for fashion. Made of high quality synthetic leather with snake prints Durable nylon lining One main magnetic buttoned chamber with a sub-chamber inside Mobile case on the inside Comfortable handles in same material as the body Bag care Rub surface with dry clean cloth to remove dust and dirt Use a mild leather cleaner",Murcia Women Snake Print Bag Brown Handbags,Handbags
30618.jpg,"Composition Red round neck T-shirt for men made of 100% cotton, has short sleeves and graphic print on the left chest   Fit  Slim   Wash  care  Machine wash cold with like colours Do not dry clean or bleach Tumble dry low Warm iron; do not iron on decorations  A summer staple from nike for the urban male, this piece is sure to become an off-duty favourite in your sport fashion collection. Crafted for sport and fashioned to look great, nike gets it right with this versatile piece. Style this with tonal sport or casual shoes and track pants or your favourite jeans.",Nike Men Printed Red T-shirt,Tshirts
32257.jpg,"Style Note This feminine wrap top with pretty fastenings by fabindia is a perfect top to wear with your favourite jeans, or as a useful top layer over ethnic ensembles. Ghicha silk has a unique, slightly rough, texture - and when combined with the charming imperfections of the block printing (which has all been done by hand) and the fashionable cut, the end result is a one-of-a-kind piece which is sure to become a well-loved favourite. So go all out and make an Indo-Western statement by pairing this top with simple form fitting denims and sandals. Product Details Beige and black printed wrap top made of ghicha silk, has three quarter sleeves, mandarin collar, wrap around fastenings with a sash, a vented hem and vented cuffs Material and Care Ghicha silk Dry clean only Size and Fit Regular fit The model (height 5'8"" and chest 33”) is wearing a size S",Fabindia Women Printed Beige Ghicha Silk Wrap Top,Tops
51347.jpg,"Darkest navy blue above ankle length socks with elasticated cuffs, has patterned design and a 3 dimensional toe shape for comfortable fit",Raymond Men Navy Socks,Socks
7346.jpg,"Composition Royal blue round neck t-shirt made of 100% cotton, with short sleeves and chest print Fitting Regular Wash care   Machine wash separately in cold water using a mild detergent  Do not bleach or soak  Remove promptly and line dry inside out in shade  Warm iron only  Do not iron directly on print/embroidery   Up the weekend fun by getting cheeky with this tantra t-shirt. A great gift for those who love guzzling beer, it's the perfect way to set the tone for the weekend masti. Team this cotton t-shirt with cargos or jeans and fashionable lifestyle shoes or sandals from the wide range available at myntra for that unparalleled cool. Model statistics The model wears size M in t-shirts Height-6'; Chest-37""; Waist-32""",Tantra Men's Budwiser Blue T-shirt,Tshirts
58833.jpg,"Steel coloured pair of cuff-links, square, with crystal detail Hinged back to hold cuff in place Comes with a steel coloured tie clip",Hakashi Men Steel Cufflinks,Cufflinks
57241.jpg,"  Blue textured handbag crafted from synthetic leather  Two short handles woven through metallic loops  One main zipped compartment with two slots, an inner zipped pocket in-between and an inner zipped pocket and a mobile pouch on the sides  One external zipped pocket at the back  Blue textured handbag crafted from synthetic leatherTwo short handles woven through metallic loopsOne main zipped compartment with two slots, an inner zipped pocket in-between and an inner zipped pocket and a mobile pouch on the sidesOne external zipped pocket at the back  ",Murcia Women Blue Handbag,Handbags
25465.jpg,"Enjoy your runs in style with the nike Downshifter 4 MSL running shoe. Lightweight and stylish, this pair is worth the add in your wardrobe as it also doubles up as a perfect lifestyle footwear when teamed with jeans and t-shirts. Upper Synthetic leather upper with mesh strips on the back foot for breathability and structural comfort Meshed and padded tongue with a lace-up system for snug Fit and comfort Cushioned sockliner for in-step comfort Synthetic overlays with swooshes on the sides for enhanced shoe structure Midsole Phylon midsole for lightweight responsive cushioning and shock absorption Encapsulated Air-Sole unit for enhanced cushioning External heel counter to lock the foot in place Outsole BRS 1000 rubber outsole for durability Rubber shank for absolute midfoot support and torsional rigidity through midstance Forefoot flex grooves for smooth transition Heel scoop for cushioned comfort and impact protection Multi-directional and multi-depth rectangular and triangle lugs in the forefoot and heel for better grip Shoe care Do not machine wash or store in direct sunlight Remove dust and dirt with dry clean cloth",Nike Men Downshifter 4 MSL White Sports Shoes,Sports Shoes
39013.jpg,"Style note Crafted from Italy's materials capital Biella, this fila shoe promises a smooth ride and optimal durability. Fila fanboys know the comfort that this brand provides - now, do you need more reasons to buy the DLS Artifice? Product Details Round toed grey and blue shoe with central lace-ups and shiny synthetic overlays Heavily padded mesh inner, tongue and collar foamy rubber midsole upraised at the heel Aggressive TPU outsole with flex grooves and patterned lugs Material and Care Synthetic Do not machine wash Remove dust and dirt with dry clean cloth",FILA Men Silver Sports Shoes,Sports Shoes
41180.jpg,"Style Note Give your casual summer wardrobe a stylish spin with this top from allen solly. Team it with denim jeans and slip-ons for a casual look or with a pencil skirt and jacket for a semi-formal look.   Product Details Shirt with brown checks, mandarin collar, placket with brown buttons and overlocked frills, princess panels with top stitch, short sleeves with narrow pleated buttoned cuff, back yoke on bias, curved hem   Material and Care 93% cotton and 7% polyester Machine wash with like colours Do not bleach Warm iron   Size and Fit Regular fit The model (height 5'8"" and chest 33"") is wearing a size M",Allen Solly Woman Check Brown Shirt,Tshirts
11243.jpg,"Composition Dark blue skinny jeans made of 82.7% cotton, 15.9% polyester and 1.4% spandex, has two insert pockets on the front side, two patch pockets on the back with thread detailing, brand patch appliqued on the waistband at the back and metal zipper and button closure  Fit Low-rise, skinny fit  Wash care Machien wash cold water Do not tumble dry Turn inside out before drying Don't dry in direct sunlight Use warm iron Do not iron on print  If you're a denim person, these dark blue skinny jeans from flying machine will delight you. Low-rise, with a great skinny fit, you might not want to take them off once you pull them on! Perfect companion for your t-shirts and sexy tops.   Model statistics  The model wears trousers, length of 39"" Height-5'8& rdquo , Waist - 26& rdquo , Hips & ndash  36& rdquo ",Flying Machine Women Lowrise Blue Jeans,Jeans
8304.jpg,"Featuring skechers' Kinetic Toning Pods, these Ultra shoes help sculpt your lower body, burn more calories, strengthen lower-body muscles and increase general fitness when used regularly. That means you get a fitter body by following your daily routine with just one little change: wear these shoes! These shoes come with an extra pair of laces, a booklet with exercises that help you tone your lower body and a DVD that explains the technology in greater detail. Pair these shoes with jeans, shorts , tracks or skirts for a fab look. Upper   Meshed synthetic upper for better breathability  Translucent overlays and synthetic leather overlays for added structure and style  Lace-up system with synthetic laces for a snug, customized Fit  Lushly padded tongue and well-cushioned collar for in-step comfort and a secure fit  Mesh tongue for improved ventilation  Brand tab on tongue  Brand logo embossed on the lateral side  Brand name embossed on collar   Midsole   Phylon midsole for lightweight comfort and support  Mesh and fabric lining for extra comfort and breathability  Removable footbed to accomodate an orthotic   Outsole   Durable, high-abrasion rubber outsole for better traction  Kinetic Toning Pods (KTP) on the forefoot and heel area   to create bi-axial natural instability with every step, and may activate underused muscles to maintain balance  TPU-VIS elements on the periphery of the KTP to maximize effeciency and intensity of workouts   shoe care Wipe surface with soft, clean, dry cloth to remove dust Do not machine wash Do not store in direct sunlight",Skechers Women Shape Ups Toner Black Shoe,Sports Shoes
18768.jpg,"Dressing the elite for years, peter england has crafted some of the classiest ties that are made from the finest quality silk and individually handmade by expert craftsmen weavers in a range of beautiful colours and designs that rise your level of sophistication with ease. Wear it over well-fitting dress shirts in muted shades and crisp formals. Length : 147 cm Made of microfibre for luxurious feel and light sheen Has a horizontal design in navy blue and white One loop with brand badge on the inner of the broad tongue to hold the narrow tongue in place Tie care Dry clean only",Peter England Men Elite Navy Blue Tie,Ties
57787.jpg,Unique oil free &  oil absorbing formula that gives matt finish &  cover imperfection for hours with sun protections,Lotus Herbals SPF-15 Magic Mocha Compact 577,Compact
44979.jpg,"Article number: 15933LMGB Case style: Analogue watch with a circular stainless steel case Dial style: Silver-toned dial with steel-toned accents, has black hands with glow-in-the-dark inlays, branding on the dial Strap style: Black textured leather secured strap with a tang clasp Features: Screw to reset time, date aperture near the 3-hour mark Water-resistant up to 30 m Warranty: 1 year against manufacturing defects",Maxima Attivo Men Steel-Toned Dial Watch 15933LMGB,Watches
11766.jpg,"Composition White crew neck t-shirt made of 100% cotton, has short sleeves, felt tape lining on the inside of the neck, print on the chest with a metallic tinge and a brand tab above the hemline on the left   Fitting  Regular   Wash care  Machine wash in cold water inside out Wash dark colours separately Use mild detergent Do not bleach or wring Tumble dry or flat dry inside out in shade Warm iron Do not iron on print/embellishments  If music is your passion and your head turns in reflex to the sound of the strings and drums, then this t-shirt has been especially designed for you by lee. Look all 'metal' with the gold tinted print on the chest, while you feel perfectly at ease with the heat in the soft cotton. Pair it with rugged denims and a pair of sneakers for an ultimate glam look. *This product is developed using the unique multiple hand processes method. Slight peeling of the print post home laundry is absolutely normal, giving it a vintage look, and hence, should not be considered as a defect.  Model statistics The model wears size M in t-shirts Height-6.3”, Shoulders-19""",Lee Men Printed White Tshirts,Tshirts
16925.jpg,"Composition Navy blue knitted sweater with purple stripes, made of 100% cotton, has a ribbed round neckline, long sleeves with ribbed cuffs, printed brand detailing on upper left chest and a ribbed hemline   Fitting  Regular   Wash care  Hand wash in cold water with mild detergent Do not soak, wring or twist Dry in shade Fold and stack to maintain shape Moderate warm iron Do not iron on print or embroidery  The printed brand detailing on the upper left chest adds sophisticated styling to this knitted pullover from spykar, while the cotton fabric keeps you feeling comfortable all day. Team it with shirts or t-shirts, jeans and sneakers.   Model statistics  Product is a size M on a model of height 6' and shoulders 19""",Spykar Men Stripes Navy Blue Sweaters,Sweaters
40129.jpg,"Style Note Your little guy will love the soft comfort of this cotton shirt from Gini & Jony while you'll love how smart he looks. Fuss-free dressing doesn't get better than this! Product Details Blue and white shirt with a tipped collar, applique and embroidery on the chest, short sleeves with ribbed cuffs and a curved hem Material and Care 100% cotton Machine wash separately in cold water using a mild detergent Do not bleach or soak Line dry inside out in shade Warm iron only Do not iron directly on print/embroidery",Gini and Jony BoysCore Navy Blue Shirt,Shirts
25773.jpg,"Stylish suspenders from Linos Perros made of fine elastic with clip-on steel fasteners for a secure Fit. men can wear this in place of a belt to perfectly capture a formal vintage style. women can wear this with a short skirt, tights and a formal shirt for a classy borrowed-from-the-boys look.  Width : 1.5""  Care Hand wash using a mild detergent",Lino Perros Men Black & Red Suspenders,Suspenders
51387.jpg,"Style Note The comfort of these boxers will be addictive and the fun prints simply add on to the attraction of they hold. myntra boxers are simply must have for men who like breathable and airy boxers. Product Details Grey and white printed boxers, has a soft elasticated waistband and a key hole fly Material and Care 100% cotton Machine wash cold Tumble dry low Use warm iron Size and Fit Regular fit The model (height 6' and waist 32"") is wearing a size M",Myntra White Printed Boxers,Boxers
25912.jpg,"Style Note Sylish and in-vogue, this pair of leggings from femella has a hint of retro chic, making it a contemporary essential. The luxe, stretchy fabric is designed to flatter your shape and become a perfect everyday wear. Style this with a kurta and clunky heels or with a tunic and a belt. Product Details Cream leggings, has an elasticated waist Material and Care 87% nylon and 13% spandex Hand wash separately in cold water using a mild detergent Flat dry inside out in shade Warm iron Size and Fit Regular fit The model (height 5'8"", waist 26""and hips 36"") is wearing a size M",Femella Women Cream Leggings,Leggings
6247.jpg,"Composition White round neck t-shirt made of 100% cotton, with short sleeves, lace collar in-seam with a lee badge appliqued onto the inner collar, and multi-coloured merging print on the front Fitting Comfort Wash care   Hand wash cold  Wash dark colours separately  Use mild detergent  Do not bleach  Do not wring or tumble dry  Flat dry in shade  Warm iron  Do not iron on print/embellishments   Live the colours of life in style in this cotton t-shirt from lee. Stylish to the hilt, it looks great with jeans and skirts when teamed with sleek, heeled sandals. Model statistics The model wears size M in t-shirts Height-5.7"", Chest-33"", Waist-26""",Lee Women's Clara White T-shirt,Tshirts
56559.jpg,Shimmery lip gloss with glitter elements Comes with a specially designed brush applicator,Streetwear Pink Rose Lip Gloss 51,Lip Gloss
28146.jpg,"Grey melange self-striped innerwear vest, has a round neck, sleeveless and a racerback",Jockey Men Grey Melange Self-Striped Innerwear Vest 9922,Innerwear Vests
10660.jpg,"Composition Navy blue denim shorts with two side pockets, two back pockets with metallic embellishments, zippered and buttoned front closure, fold over hems and has loops on the waist   Fitting Regular  Wash care Machine wash in cold water with like colours in a delicate cycle Do not bleach Tumble dry low or lay flat to dry Warm iron when needed Do not iron on print  The cute statement simply zooms high when you dress your little girl in this cute denim shorts from doodle. Team this with a t-shirt and cute sandals, and let your little one play in much comfort.",Doodle Girl Hot shorts ice wash Blue Shorts,Shorts
25774.jpg,"Care Wipe with clean, damp cloth to remove dirt",Lino Perros Men Beige Suspenders,Suspenders
18401.jpg,"If comfort is on your mind, the Arnold sandals from skechers transport you to heavenly bliss! Stylish and super comfy, this pair is ruggedly crafted for casual wear. Team it with jeans or shorts and step out in style.   Upper  · Leather upper for rugged feel and style  · Over-the-foot straps for added comfort  · Back strap to hold the foot firmly in place  · Contrast thread detailing for added structure and style  · Brand tab appliqued on the front  · Well cushioned footbed for all-day comfort  · Fabric lining for soft touch and protection from blisters   Midsole  EVA midsole for long-term durability and protection of feet against impact   Outsole  Rubber outsole provides durable traction on a variety of surfaces Flex grooves for ease of movement Lugs in the forefoot and heel region for better traction   shoe care  Use a leather brush to remove dirt Use a branded leather conditioner Do not store in direct sunlight",Skechers Men USA Brown Sandals,Sandals
44106.jpg,Style Note hugo boss present an exclusive 'Element' gift set with these EDT for men and a shower gel. This brand has perfected the craft of creating endlessly stylish fragrances as this set will prove! Product Details hugo Element EDT for men comes in a glass flacon Hugo Element shower gel for men comes in a plastic tube Quantity Hugo Element EDT: 90 ml Hugo Element shower gel: 150 ml,HUGO Men Fragrance Gift Set,Fragrance Gift Set
11931.jpg,"Run less, get more with the skechers Resistance Runner shoes. Fab to look and a great gift for the feet, this pair of running shoes is designed with the best of technologies to offer the best comfort and health quicker. The Resamax kinetic wedge technology helps create a more fluid stride and helps reduce injuries and enhance performance.  skechers promises that running with the Resistance Runners helps activate postural muscles by upto 85%, activate gluteus medius muscles by upto 71%, calf muscles upto 68% and burn 13.2% more calories than other running shoes. What's better, this shoe comes with an additional pair of laces in a different colour to suit your style.  So jet set, pick up your pair and burn away those calories with ease!   Upper Meshed upper with an inner meshed bootie for absolute comfort and breathability Strategically placed synthetic leather overlays for absolute comfort, support and style Heavily padded and meshed collar and tongue Lace-up system for a snug, customised Fit Collection name embossed on lateral ankle   Midsole Ultra-light, injection moulded kinetic footbed for absolute comfort Removable footbed to accommodate an orthotic TPU midsole for absolute lightweight comfort   Outsole Has a high abrasion rubber outsole with Kinetic Wedge technology in the outsole to absorb more energy and elevate muscle activity with every stride Soft kinetic wedge to absorb impact and spread it throughout the foot to relieve joint and back pain, and ensure a comfortable run Balance pods that create slight and constant shifts in weight to offer a more intense workout with lesser stress Curved rocker bottom for smoother heel-strike to toe-off transition, helping you run in a more natural state   Shoe care  Wipe surface with a dry, clean cloth to remove dust Do not machine wash or store in direct sunlight",Skechers Men Shape Black Sports Shoes,Sports Shoes
23196.jpg,"Composition Green and black checked shirt with white accents made of 100% cotton, has full sleeves with buttoned cuffs, spread collar, front buttoned placket, patch pocket on the left chest with embroidered brand logo and a curved hem Fit Regular Wash care Machine wash at 40 degrees Wash dark colours separately Do not bleach Tumble dry normal or line dry Warm iron Add a work wear inspired element to your off-duty wardrobe with this shirt from a label loved for its structured tailoring - highlander. Style this with a leather jacket and form fitting denims to turn heads at upscale weekend dos. Alternatively, you can also wear this with your favourite jeans and casual shoes. Model statistics The product is a size M on a model of height 6' and shoulders 18""",Highlander Men Green Check Shirt,Shirts
17987.jpg,"Beige belt with brown stitched detail down the middle, holes to customise Fit, tang clasp to offer a snug fit, fixed loop to hold the belt in place",Reid & Taylor Men Beige Belt,Belts
3834.jpg,"Composition Bubble gum and fuschia pink kid's sandals made of lightweight, form fitting odour resistant EVA Wash care   Rub surface with clean, damp cloth to remove dust  Do not machine wash   Let your little girl enjoy summer with these happy pink mary janes from crocs. The croslite footbed provides ergonomic Fit and comfort, while the shoes are replete with superior shock absorption. The upper strap ensures a snug fit, while the small holes on the sides can accomodate a few jibbitz. The oval patterns on the outsole enhances grip, making it perfect for a day on the beach or for running around the park. Note: Jibbitz is a company founded by Rich and Sheri Schmelzer in 2005 to create decorative attachments for holes in crocs sandals.",Crocs Kids Girl's Keeley Bubblegum Fuchsia Kidswear,Sandals
12890.jpg,"It's not just looks, but innovative design and lightweight construction that makes the puma Cell Tolero an instant hit. Upper Synthetic leather upper with puma Formstripe on the sides for absolute durability, stability and comfort Perforations on the midfoot with a meshed and cushioned tongue for enhanced breathability Lace-up system for a snug, customised Fit Cushioned and meshed tongue and collar for breathable comfort Padded and moulded sockliner for superior cushioning and support Midsole Phylon midsole for lightweight comfort and impact protection tanCELL technology in the heel for superior shock absorption Outsole PVC-free rubber outsole with modified waffle pattern lugs on the forefoot and heel for enhanced grip and traction Ergonomically curved midfoot for ease of movement",Puma Men Cell Tolero Black Casual Shoes,Casual Shoes
16860.jpg,"High on style, this pair of sunglasses from IDEE comes in a styled frame. An eclectic mixture of fashion and substance, its shape provides the perfect Fit over the root of your nose. These glasses come with a sturdy case for safekeeping.  Tinted lens for use in normal daylight conditions Plastic frame in an aerodynamic design Square lens for absolute style and protection from elements Flexible hinges for durability and ease of wear Fixed nose holder to hold the glasses in place, ensuring there is no friction with the skin   Care Remove dust and grime by gently wiping the lens with the cloth provided Remove oil or tough stains with the help of a lens cleaner Do not use your fingers on such stains Do not place glasses on uneven surface or heated areas like the dashboard of a car",Idee Men Funky Eyewear Brown Sunglasses,Sunglasses
15328.jpg,"Wash care  Machine wash cold at 30 degrees with like colours Do not bleach Tumble dry low Remove immediately/do not allow to lay on itself when wet Cool iron, but do not iron on design Do not dry clean",Nike Men Solid Blue Sweaters,Sweaters
52421.jpg,"Satin multi- coloured knee-length nightdress with pink lace trims at the neckline and cuffs, floral print all over, V-neckline and cap sleeves",Red Rose Women Multi Coloured Nightdress,Nightdress
17359.jpg,"A perfect gift for the man of style, this accessory set comprising a silky microfiber tie, matching cufflinks and a silk handkerchief, is every debonair charmer's dream.  Tie Length: 150 cm Made of 100% microfiber Has lilac waffle patterns One loop and brand badge on the inner of the broad tongue to hold the narrow tongue in place  Cufflink Width: 2 cm Square cufflinks made of steel with embedded design Hinged back to hold the cuff link in place  Kerchief Square kerchief with a 28 cm width Made of silk  Tie and kerchief care Dry clean only",Arrow Men Formal Purple Tie+Cufflink+Pocket square - Combo Pack,Accessory Gift Set
13697.jpg,"With its durable construction and generous storage, this puma Team Backpack II is a great buy for on-the-go convenience and easy style. Length : 43 cm  Made of 100% polyester for durability One main zippered compartment with a small padded divider, and has one zippered pouch inside Wide padded and adjustable shoulder straps for carrying ease Mildly padded and ergonomically shaped back for ease of wear White piping with puma branding in print on the front for style Care only hand wash Clean with a damp cloth when necessary Do not bleach, tumble dry or wring Line dry Do not iron",Puma Unisex Black Backpack,Backpacks
9152.jpg,"Composition  Checked shirt with extended sleeves, made of 100% cotton, that has magenta, purple, black and blue checks with green accents, and a full-length buttoned placket   Fitting  Regular   Wash care  Machine/hand wash separately in mild detergent Do not bleach or wring Dry in shade Medium iron  If you're in the mood to have some checkered fun, this shirt from jealous 21 will fulfill your heart's desire with elan. The cotton fabric promises comfort, while the smart checks guarantee attention from strangers! Pair the shirt with skinny jeans and carry a messenger bag along for the perfect look.  Model statistics The model wears size M in t-shirts Height-5.7"", Chest-33""",Jealous 21 Women Purple Blue Shirt,Shirts
20498.jpg,"baggit was founded in 1990 and since then has created a name in the market for fighting against cruelty to animals. A practical and stylish choice of bag in brown with extra roomy space and comfortable to carry, this smooth synthetic leather and blended fabric bag will give a sophisticated look to any casual outfit. Height : 20 cm Width : 32 cm Depth : 15 cm Made of smooth synthetic leather and blended fabric for durability Has three large zipped compartments with one internal zipped pocket Two short handles with a buckle design for carrying ease Small zipped pocket on back with a mobile pouch Cut out design on the front with a small insert pocket and two patch pockets with magnetic button closures Graphic print and fake croco design for style Stylish, easy to grip, synthetic leather zip pulls Bag care Wipe with clean, damp cloth to remove dirt",Baggit Women Galaxy Exel Navy Blue Handbag,Handbags
5691.jpg,"Flaunt your style statement with the skechers men's Regions athletic-inspired oxfords from skechers. The transparent forefoot with a rugged tread makes this all the more stylishly comfortable. Upper   Synthetic leather upper with suede overlays and side stripes for durability, added shoe structure and style  Synthetic leather overlays on the toe foxing and heel cup for durability and structure  Stitch detailing for style and durability  Perforations on the side stripes for breathability  Lace-up system for a snug Fit  Padded tongue and sockliner with a fabric inner lining for snug fit  Brand logo embossed on the tongue for style   Midsole   Relaxed Step comfort insole for superior support  EVA midsole for durability and impact protection   Outsole   Uniquely designed sole with the tread surrounded by a hardened see-through material  Arched midfoot for ergonomic comfort  Durable rubber heel with lugs along the periphery for maximum traction and stability   Shoe care Rub surface with clean, damp cloth to remove dust Do not machine wash Do not store in direct sunlight",Skechers Men's Regions Off White Shoe,Casual Shoes
41969.jpg,"Style Note Inspired by the nautical life, this tee for your little man makes him look cute, without overtly cutesy details. The stripes add an interesting dimension to a kiddie tee, while he stays happy being his naughty self in this comfy piece! Product Details Red and white striped round neck T-shirt, has short sleeves and print on the chest Material and Care 100% cotton Machine wash separately in cold water using a mild detergent Do not bleach or soak Line dry inside out in shade Warm iron only Do not iron directly on print/embroidery",Gini and Jony Boys Surfs Up Red T-shirt,Tshirts
44960.jpg,fogg Paradise for women comes in an aerosol spray canister,Fogg Women Paradise Deo,Deodorant
32381.jpg,"Composition Lavender scooped neck top made of 100% viscose, has bishop sleeves, sash to tie around the waist and crystal embellishments above the hem  Fit Regular  Wash care Machine wash with similar colours Do not bleach or dry in direct sunlight Use warm iron if required  arrow woman caters to every fashionista. This top is a a tried-and-true favourite with a slouchy silhouette that flatters your curves. Pair it with form-fitting denims and kitten heels.  Model statistics The product is a size M on a model of height 5'8"" and chest 33""",Arrow Woman Lavender Top,Tops
42016.jpg,"Style Note The adidas Phaedra derives it's name from Greek mythology and the word means 'bright'. Now that's something that this shoe definitely brings to the table. Wear this for a quick workout session, a weekend catch-up at a cafe or a coffee date - you're guaranteed to look good. Product Details Silver mesh upper with synthetic overlays with a round toed style adiPrene midsole in white adiWear outsole with grooves at the periphery, horizontal grooves and a decoupled heel Material and Care Synthetic, mesh Remove dirt with a clean cloth Do not machine wash or store under sunlight",ADIDAS Men Silver Phaedra Shoes,Sports Shoes
50185.jpg,White with green and brown floral printed bag Tab with loop closure One main zippered compartment Synthetic lining with zippered compartment and mobile slot Brand patch inside Brown binding at side Zippered compartment at the back with brand patch Two short brown handles for carrying ease,Paridhan Women Green Handbag,Handbags
17229.jpg,"High on style, this pair of sunglasses from united colors of benetton comes in a styled frame. An eclectic mixture of fashion and substance, its shape provides the perfect Fit over the root of your nose. The glasses come with a sturdy case.  Tinted lens for use in normal daylight conditions Thin metal frame in an aerodynamic design Oval lens for absolute style and protection from elements Flexible hinges for durability Flexible nose pads made of rubber with a double nose bridge to hold the glasses in place   Care  Remove dust and grime by gently wiping the lens with the cloth provided Remove oil or tough stains with the help of a lens cleaner Do not use your fingers on such stains Do not place glasses on uneven surface or heated areas like the dashboard of a car",United Colors of Benetton Men Funky Eyewear Blue Sunglasses,Sunglasses
41858.jpg,Brown slip on style sandal with braided leather upper and a short heel collar Mildly padded footbed with branding on the heel Tough outsole with patterned grooves and an upraised heel,Estd. 1977 Men Brown Sandals,Sandals
58900.jpg,Black tie with silvery white patterns A loop at the back of the broader tie end to tuck the smaller end in,Hakashi Men Black Silk Tie,Ties
45995.jpg,Cream-coloured and blue woven saree with Khari handblock print,Fabindia Cream-Coloured & Blue Hand Printed Saree,Sarees
36907.jpg,"Style Note  Carry your essentials conveniently in these wallets from fossil. Crafted from genuine leather,  these wallets can be paired with any outfit and can become a fashion accessory! So, enhance your style with this fashionable, yet spacious wallet from Fossil.   Product Details  Brown leather wallet with three-folds  Has one main compartment  Has eight card slots, three insert pockets and two id card holders  Branding embossed on the front   Material and Care  Leather  Wipe surface with a damp cloth to remove dust   Size  Dimensions: 11 cm x 9 cm",Fossil Men Brown Carson Wallet,Wallets
57086.jpg,"Dusky pink short skirt, has layered ruffles, belt loops around the waist, concealed zipper at the back and lining",Elle Women Pink Vintage Skirt,Skirts
18443.jpg,"ed hardy brings forth a vintage tattoo-inspired fragrance sensation gift set for men. The ed hardy Love & Luck Love Is A Gamble gift set comes in a psychedellic explosion of colours on the box and provocatively edgy fragrance that makes this a perfect gift for that special man in your life. The cylindrical cologne bottle features graphics of cards, dice and coins, reinforcing the theme of the collection. This set contains notes of bergamot, orange, mandarin, cardamom, absinthe, sage, cypress, violet, cedar wood, dark vetiver and agarwood. Shampoo and body wash lotion of 90 ml Alcohol-free deodrant of 78 mg Eu De Toilette Spray of 100 ml Eu De Toilette Mini of 7.5 ml",Ed Hardy Love & Luck  Men Fragrance Gift Set,Fragrance Gift Set
52235.jpg,"Dark blue jeans, two curved pockets in front with coin pocket insert at right, branding on coin pocket, yoke and two patch pockets at the back with branding on the right, waistband with loops and embossed patch at the back, zippered fly with button",Pepe Jeans Men Dark Blue Jeans,Jeans
32157.jpg,"Designed to offer exemplary comfort, these lavender socks from playboy make for a great buy for those who never compromise on style and luxury. With a cushioned heel and soft seam, there's no better way to revel in the comfort of footwear than with this pair.  Made of soft cotton for a snug and secure Fit, durability and stretchable comfort Luxe footbed with cushioning to absorb shock and impact Comfort grip at the mouth to ensure a soft grip around the ankle Soft seam at the toe region for abrasion-free and enhanced comfort Brand bunny design knitted all over Procured from authorized channel partner of Sri SR Mill, Tanuku (AP) – the India licensee for Playboy Men’s Underwear  Sock care Machine wash in warm water using a mild detergent Use non-chlorine bleach if needed Tumble dry low in a delicate cycle Do not iron",Playboy Women Playmate Lavender Ankle Socks,Socks
35245.jpg,"Style Note  Slip your feet into cosy comfort and look stylish effortlessly in this pair of black, red and grey striped ankle socks from manchester united. Engineered with arch support and offering a secure stable Fit, this pair offers exemplary comfort.  Product Details Made of a blended fabric for long lasting comfort Has a half cushion terry foot for shock absorption Inner arch support for a secure and stable fit Branding printed below the ribbed mouth   Material and Care  Blended Machine wash cold at 30 degrees using a mild detergent Do not bleach, tumble dry, iron or dry clean",Manchester United Men Black Socks,Socks
35406.jpg,Open toed brown sandals with criss-crossing straps across the midfoot Backfoot strap with a Velcro closure Soft footbed with branding at the heel Tough sole with lugs Warranty: 6 months,Enroute Men Brown Sandals,Sandals
3139.jpg,"Composition: Brown sandals made of leather with beaded strap shoe care: Rub surface with soft, clean, damp cloth to remove dust Looking for the apt footwear to ramp up your simple kurtas, linen pants, harem pants or even summery dresses ? Then these brown leather sandals from catwalk, with a flower shaped heel and beaded straps, are the right choice. The stretchable band at the back helps hold the feet in place. Simple yet stylish, this pair of footwear adds that new dimension to your look.",Catwalk Women Ethnic Strap Brown Flats,Heels
59063.jpg,"Blue, woven kurta, has a mandarin collar with a split V neckline, half placket with concealed hook and eye closures, three quarter sleeves with red binding, embroidered detail around the placket and neckline, side slits and red binding at the hemline",Global Desi Women Blue Kurta,Kurtas
22212.jpg,"Composition Navy blue, orange and grey striped polo T-shirt made of 100% organic cotton, has a two-toned ribbed collar, short sleeves with ribbed cuffs, buttoned chest placket, branding embroidered on the left chest and a vented hem Fit Regular Wash care Machine wash cold inside out with like colours using a mild detergent Do not bleach Tumble dry normal Warm iron  do not iron on decorations Don that sporty look with ease with this polo T-shirt from timberland. Crafted from soft organic cotton and designed for style, this tee offers exemplary comfort and is sure to become a wardrobe favourite. Team it with jeans and sports shoes . Model statistics Product is a size M on a model of height 6' and shoulders 18&rdquo",Timberland Men Striped Blue and Orange T-Shirt,Tshirts
57040.jpg,"Black one-shoulder pleated dress, elasticated and sequined at the neckline front and back, hidden zipper at the left side, has lining",Elle Women Black Dress,Dresses
44003.jpg,"Style Note Pure police New york Women, for women, is available in a characteristic Pure Police flacon with statue of liberty symbol. Product Details The edition for women allures with foamy accords of bergamot, currant leaves and buds and juicy pineapple aromas that open the composition. A heart is very sensual and feminine & ndash  with aromas of mimosa and apples blossom joined with lotus to provide ultimate femininity. Base notes close with sensual musk mixed with vanilla and cedar, leaving a sweet and seductive trail Caution Flammable Keep away from sources of ignition Keep away from children Do not use near fire, flame or heat Avoid spraying near the eyes Size 75 ml",Police Women Pure Perfume,Perfume and Body Mist
10598.jpg,"Composition Light blue denim shirt made of 100% cotton, with short sleeves that have foldover hems held up by buttoned flaps, tipped collar with full front buttoned placket, flap pocket on left chest with metallic embellishments on the flap and curved hemline Fitting Regular Wash care Hand or machine wash at 30 degrees using mild detergent Remove immediately Line dry inside-out Warm iron Anchor your style statement by slipping into this flying machine casual long t-shirt. Team it with jeans and sandals and flaunt your fashion mantra in style, while the cotton fabric keeps you fresh and comfortable all day. Model statistics The model wears size M in t-shirts Height-5’8""; Chest-33""",Flying Machine Women HS Blue Denim Shirt,Shirts
33870.jpg,"Case style: Analogue watch with a circular case and a stainless steel back Dial style: Black dial with markings and hands Features: A screw to reset the time, 3 subdials, a date aperture Strap style: Steel-toned bracelet-like strap secured with a butterfly clasp Water-resistant up to 100 m Comes in a signature Citizen case Warranty: 1 year from the date of purchase, against manufacturing defects",Citizen Men Black Dial Chronograph Watch AN3420-51L,Watches
56811.jpg,"White and pink floral printed woven tunic, has a mandarin collar with a split neckline, three fourth sleeves with paneling on the cuffs, space tucks and paneling on the mid arm, mirror work and embroidery on the yoke, and a vented hem",Aneri Women Printed Pink Kurti,Kurtis
41254.jpg,"Style Note Your go-to brand for office essentials, arrow comes up with this stylish belt to add a refined finish to your corporate look. This belt is the right accessory for a formal office-ready look. Product Details Black belt with a stitch running through it for style Single pronged metal buckle with a tang clasp and holes to customise the Fit One fixed loop Material and care Leather Wipe with a clean cloth to remove dust",Arrow Men Black Belt,Belts
43059.jpg,"Style Note If you're looking for a sport-inspired, casual tee which won't let you down in either style or performance, then your search is over! This T-shirt from nike has an ace print on the front, just what you need to perfect your effortlessly fashionable casual look. Product Details Blue T-shirt with a round neck, has graphic print on front, short sleeves and Nike swoosh on bottom left, French Football Federation logo at the nape Material and Care 100% cotton Machine wash warm with like colours Do not bleach Tumble dry low Warm iron Size and Fit Slim fit",Nike Men Blue FFF Football T-shirt,Tshirts
57672.jpg,"Acetone, DBP, toluene free and fast dryig. Comes with a flat and sturdy brush for a smooth application",Lotus Herbals Colour Dew Pink Barbie Nail Polish 902,Nail Polish
38330.jpg,"Style Note Girls will love this top from hannah montana. Team it with shorts or jeans and comfy footwear for that uber cool and comfy look.   Product Details Yellow top, has a round neck, short sleeves and graphic print on the front   Material and Care 100% cotton Machine wash cool with like colours only bleach when needed Tumble dry low Cool iron do not iron on decorations",Hannah Montana Girls Yellow Printed Tops,Tops
10564.jpg,"Composition White round neck t-shirt made of 100% cotton, with short sleeves, brand badge on left hem, green collar and sleeve hems, has printed brand name on the chest and Jumping cat on the chest and back neck   Fitting  Regular   Wash care  Machine wash separately in cold water using a mild detergent Do not bleach Avoid soaking Line dry inside out in shade Warm iron only Do not iron directly on print/embroidery  Flaunt your brand statement in style with this white ringer t-shirt from puma. The energetic Jumping Cat on the chest exudes fiery vibes, while the pure cotton fabric keeps you fresh and comfortable all day long. Team this with sportswear when on a fitness drive, and with jeans and black leather sandals for a cool, casual look.   Model statistics  The model wears size M in t-shirts Height-6.1', Shoulders-18""",Puma Men Large Logo Ringer White Tshirts,Tshirts
27317.jpg,"For the woman with an active and sporty lifestyle, the Fresh Escape from adidas is the right choice. Bottled in a delectable peach flacon it has top notes of pink grapefruit and violet leaf, mid notes of nectarine, sweet peas and rose and base notes of sandalwood, crystal musk and benzoin. Quantity : 50 ml Caution Flammable Keep away from sources of ignition Keep away from children Do not use near fire, flame or heat Avoid spraying near the eyes",ADIDAS Women Fresh Escape Perfume,Perfume and Body Mist
15710.jpg,"Walk through your everyday casual hours in perfect comfort in this pair of slippers from puma. With an ergonomically curved and padded footbed, and a grippy outsole, stay safe and comfortable on all kinds of smooth surfaces. Upper Wide synthetic leather straps with a toe separator and inner lining in twill tape Ergonomically padded footbed for all day comfort puma branding on the forefoot and heel Outsole TPR outsole with diagonal grooves for absolute grip and traction Care Wipe surface with a clean, damp cloth Do not store in direct sunlight",Puma Men Drifter Cat II White Flip Flops,Flip Flops
7890.jpg,"Brown knitted mid-rise track pants, has two pockets, an elasticated waistband with drawstring fastening",Proline Men Brown Track Pants,Track Pants
16476.jpg,"Composition Purple and black check shirt, made of 100% cotton, has a spread collar with a buttoned front placket, full sleeves with buttoned cuffs and mid-sleeve buttoned flaps, embroidered branding above the patch pocket on the left chest and a curved hem   Fitting  Regular   Wash care  Machine wash at 40 degrees Wash dark colours separately Do not bleach Tumble dry normal or line dry Warm iron  Crafted from soft cotton and cuts that offer a flattering Fit, this casual check shirt from Locomotiove offers exemplary comfort and is sure to become a wardrobe favourite. Either button the sleeves at the cuffs or roll them up and secure them with the mid-sleeve flaps for a more casual style. Pair it with jeans and sneakers.   Model statistics  The product is a size M on a model of height 6' and shoulders 18""",Locomotive Men Check Purple Shirt,Shirts
48138.jpg,"Style Note Super soft vintage leather and a variety of hues to choose from, wallets from fossil are the way to go for a look that chic and versatile effortlessly. Spice up your outfit with these funky yet conventional wallets and get ready to be on top of your game! Product Details Purple wallet that has a zipped compartment, flap on the left with a buttoned closure, twelve card holders and an id card holder, flap on the right with a pocket and buttoned closure, stitch detailing and brand name on a metallic badge on the front Material and Care Vintage leather Wipe with clean, damp cloth to remove dirt Dimensions :10 cm x 19 cm",Fossil Women Purple Wallet,Wallets
25198.jpg,"Update your style quotient with ease by adding this stylish, beige bag from lino perros to your accessory collection. Roomy and comfortable to carry, the smooth silhouette of this bag blends well with any outfit.   Height: 27 cm  Width: 35 cm  Depth : 13 cm  Made of synthetic leather for durability Has one main roomy, zipped compartment with two inner zipped compartments and an organiser pouch for essentials Two short handles woven through metallic buckles and a long, removable and adjustable strap for carrying ease and style A zipped pocket at the back A metallic studs design at the bottom for style Stitch detailing, branded zips and brand badge appliqué d on the front   Care  Wipe surface with a damp, clean cloth to remove dust",Lino Perros Women Leatherette Beige Handbag,Handbags
50850.jpg,Black and beige sari that has a maroon and green print,Prafful Black & Beige Sari,Sarees
47636.jpg,"Style Note We know your ballet flat staples are comfy but can you resist the allure of this pair? Sleek, shiny and sheeny these peep-toe slingbacks have the power to make a simple LBD look uber-glam. Tease your monochrome or pastel favourites with this sky high piece (your next closet essential) You don't have to be a shoe maniac to love this pair - if you're worried about durability then the brand name carlton london should put you at ease. Heel : 5.2&  rdquo Product Details Red peep toes with a beige printed footbed and a blue toe patch Tapering blue slim heel with a TPU outsole Platform under the forefoot for ease of usage Material and Care Synthetic Wipe with a clean cloth to remove dust, grime or dirt Do not store in direct sunlight",Carlton London Women Red Peep Toes,Heels
51184.jpg,"Black knitted socks with elasticated cuffs, has self-patterning all over",Raymond Men Black Socks,Socks
19860.jpg,"Composition Olive green sleeveless puffer jacket made of 100% polyester, has a mock neck with a full zippered front placket, patch pocket on the left chest and an appliquéd brand patch on top and aggressive stitch detailing Fit Regular Wash care Wash similar colours together Machine wash or hand wash cold using a mild detergent Do not wring, bleach, or iron on print Flat dry in shade Designed to brave the elements, this padded jacket from US Polo is a high performance piece. Sharply and slickly designed with a structured silhouette, you'll look in-style even on off-weather days. Wear this with denims, casual shoes and a form fitting tee. Model statistics The product is a size M on a model of height 6' and shoulders 18""",U.S. Polo Assn. Men Solid Olive Jacket,Jackets
52143.jpg,"Style Note A colour happy wardrobe updater is an essential this summer - this polo tee from femella is the right choice. Style this with denim shorts or opt for uptown cool with a denim skirt, tonal pumps and a classic leather bag. Product Details Mustard polo T-shirt, has a ribbed tipped collar, half-buttoned placket, short sleeves with ribbed cuffs and a vented hem Material and Care Blended fabric Cold wash, dry inside out Do not wring or bleach Size and Fit Regular Fit The model (height 5'8"" and chest 33"") is wearing a size M",Femella Women Mustard Polo T-Shirt,Tshirts
42962.jpg,"Style Note  Spring Summer 2012 saw statement accessories steal the show on ramps. Now bring this trend to your wardrobe with this stylish french connection belt, crafted from superior materials. Pair these with unlikely pieces in your wardrobe be it pastel hues or colour pops.   Product Details  Black belt with a square metal buckle  Has a press buckle closure with holes to customise the Fit   Material and Care  Coated leather  Wipe with a clean, dry cloth to remove dust",French Connection Men Black Belt,Belts
3201.jpg,"Composition Beige round neck t-shirt in 100% cotton with chest print  Fitting  Comfort Washcare   Machine wash separately in cold water  Use mild detergent  Do not bleach  Avoid soaking Remove promptly  Line dry inside out in shade  Warm iron only  Do not iron directly on print/embroidery   Einstein's theories rule every aspect of our lives. and the best way you can pay tribute to this great scientist's theories is by donning this tantra t-shirt. Team this with jeans or cargoes for that added effect. Model statistics The model wears size M in t-shirts Height-6', Shoulders-18""",Tantra Men's Ebo Beige T-Shirt,Tshirts
26208.jpg,"Best for daytime wear, this 360 degree fragrance for women from perry ellis has top notes of orange leaf, plum essence and cyclamen, mid-notes of orchid, orange flower, mimosa mingle and jasmine. Base notes are wood, amber and musk. Quantity : 100 ml Caution Flammable Keep away from sources of ignition Keep away from children Do not use near fire, flame or heat Avoid spraying near the eyes",Perry Ellis Women Perfume,Perfume and Body Mist
25423.jpg,"Designed for absolute comfort, the nike Air profusion running shoe is stylish and comfortable. It's stylish upper makes it a great lifestyle footwear. Upper Heavily meshed upper for breathability, with synthetic overlays for enhanced shoe structure Lacing system for a snug, customised Fit Meshed and padded tongue and collar for all-day comfort Midsole Phylon midsole with upraised heel for impact protection and lightweight comfort Outsole TPR outsole with flex grooves for ease of movement Waffle-pattern lugs for grip and traction Scooped heel for extra cushioning to the backf oot Shoe care Wipe surface with a dry, clean cloth to remove dust Do not store in direct sunlight",Nike Men Air Profusion Black Sports Shoes,Sports Shoes
6587.jpg,"Composition Black round neck short sleeved t-shirt made of 100% cotton, with black fabric tape on the inseam of the necklne, and graphic print with lettering in metallic distressed paint on the front Fitting Comfort Wash care   Hand wash separately in cool water at 30 degrees  Do not scrub  Do not bleach  Turn inside out and dry flat in shade  Warm iron on reverse  Do not iron directly on print/embroidery  Do not dry clean   If you believe that violence is not the answer to anything, instead music, especially rock music, can be the solution to a lot of world  problems, this black tee from inkfruit belongs in your wardrobe. Use the universal language of music to banish violence from earth. Team this t-shirt with jeans, and get ready to spread musical peace. Model statistics The model wears size M in t-shirts Height-6', Shoulders-18""",Inkfruit Men's Rock The Cure Black T-shirt,Tshirts
33363.jpg,"Worry no longer about managing money, cards, mobile phone and coins in your tote bag! Organise your everyday essentials into this stylish mobile pouch from baggit. This timeless piece is on the top of our wishlist this year. A sophisticated addition to your accessory collection, you can carry this piece without a bag.   Dimensions: 15 cm x 11 cm  Crafted from corduroy with a flap with a magnetic closure A bow detail on the flap for style Two compartments and one zippered pocket Detachable shoulder strap   Care Wipe with clean, damp cloth to remove dirt",Baggit Women Auxi Baby Purple Wallet,Wallets
29950.jpg,"Case style: Analogue watch with a circularnbsp;case and a stainless steel back Dial style: Black dial Features: A screw to reset time, three chronograph time displays, date aperture Strap style: Black rubber strap secured with a tang clasp Water-resistant up to 100 m Comes in a signature Police hardnbsp;case Warranty: 2 yearsnbsp; Warranty provided by Brand Owner / Manufacturer",Police Men Black Dial Chronograph Watch PL13092JSB-02,Watches
10702.jpg,"Taking traditional designs and giving it modern twist is what makes esprit watches timeless timepieces. This classic Lissomy analog wrist watch from esprit is no exception. Contemporary and trendy, it&  rsquo s an affordable timepiece with an exquisite design that highlights your individuality. What&  rsquo s even better with the Lissomy is that you get a tool to shorten or lengthen the strap to suit your style.  Case diameter: 18 mm  Case thickness: 5 mm  Dial shape: Rectangle  Steel case with a fixed bezel and CZ crystal embellishments for added durability, style and comfort Steel strap with a butterfly clasp Durable, scratch-resistant mineral crystal glass Black dial with silver lines marking 2 to 4 o&  rsquo  clock and 8 to 10 o&  rsquo  clock, Roman numbers marking 6 and 12 o&  rsquo  clock and brand name above 6 o&  rsquo  clock Quartz movement of time display Screw to reset time Solid case back for enhanced durability Water resistant, allowing you to use it when washing hands or your car ",Esprit Women Lissomy Glam Silver Black Steel Watches,Watches
35244.jpg,"Slip your feet into cosy comfort and look stylish effortlessly in this pair of red and white printed socks from manchester united. Engineered with arch support and offering a secure stable Fit, this pair offers exemplary comfort.  Made of a blended fabric for long lasting comfort Has a half cushion terry foot for shock absorption Inner arch support for a secure and stable fit Branding printed below the ribbed mouth   Care Machine wash cold at 30 degrees using a mild detergent Do not bleach, tumble dry, iron or dry clean",Manchester United Men Red Socks,Socks
31239.jpg,"Composition Red striped polo T-shirt made of 100% cotton, has a spread collar, short sleeves with ribbed cuffs, applique on the left chest and a vented hem   Fit Regular   Wash care Machine wash cold Wash separately Do not use softeners, bleach, iron or dry clean Do not allow to lay on itself when wet Line dry  German brand puma specialises in minimalism and simplicity. This T-shirt from puma is the kind you can't have enough of. This piece's crush-worthy colour and stylish cut is an off-duty must have. Pair this piece with fitted denims and bright canvas shoes.   Model statistics The product is a size M on a model of height 6' and shoulders 18""",Puma Men Reisen Polo Red T-shirt,Tshirts
5079.jpg,"Uber cool and stylish, this limited edition analogue wrist watch from Bollywood superstar Salman Khan's NGO, being human, is designed for the fashion forward. Stylish to the T with a sporty look, it's a great addition to your wardrobe. Case diameter : 40 mm Case thickness : 12 mm Dial shape : Round   Stainless steel case with rubber strap for enhanced durability, comfort and style  Rubber strap in linked-chain style and ridged on the inside for enhanced durability, comfort and style  Butterfly clasp for easy use  Fixed stainless steel ridged bezel in gold colour studded with white stones for a royal look  Luminous hands and index markings for visibility in low light conditions  Rose gold metallic dial, with circular ridges on middle circle for durability and style  Metallic hands with red seconds hand, and red and black index markings for easy visibility and style ",Being Human Women White Silicon Strap Stones Watch,Watches
5728.jpg,-,Reebok Men's Acciomax White Shoe,Sports Shoes
55802.jpg,"Green round neck sleeveless top, has butterfly print on the chest and side slits White capri with green and black prints, an elasticated waistband with drawstrings and side pockets",SDL by Sweet Dreams Women Green Printed Night Suit S11-3124,Night suits
18852.jpg,"Composition Navy blue round neck T-shirt made of 100% cotton, has short sleeves with puma Leaping cat printed on the left sleeve, and graphic print on the front  Fit  Regular   Wash care  Wash and iron inside-out Gentle machine wash in cool water with like colours, using a mild detergent Do not bleach or dry clean Tumble dry low Warm iron  Spread some common sense in style with this T-shirt from puma. Designed for the carefree soul, this T-shirt is crafted from soft cotton offering exemplary comfort, making it a perfect casual wear. Team it with jeans and sports shoes or classy floaters.  Model statistics  The product is a size M on a model of height 6' and shoulders 18""",Puma Men Head Navy Blue Tshirt,Tshirts
17143.jpg,"Look your glamorous best with this lino perros clutch, customised for the glam diva in you. Show off your classy style with this piece, which is as functional as it is fashionable.   Dimensions : 12 cm X 25 cm  Made of textured fabric with a fabric lining A flap to hold the clutch together with magnetic button closure One main compartment Stone embellishments on the front of the flap One compartment inside the main compartment Detachable chain strap for ease of carrying   Care Wipe surface with a damp clean cloth",Lino Perros Women Classic Black Clutch,Clutches
14713.jpg,"Composition Brown trousers made of a poly-rayon blend fabric, has a flat front, two pockets on the sides, two pockets on the back with button closures, looped waist, and a button and zipper closure Fitting Slim Fit; Straight leg Wash care Machine wash separately in cold water using a mild detergent Do not bleach or soak Line dry inside out in shade Warm iron; do not iron on decorations Designed to be worn as formal wear with a matching shirt, jacket and accessories, these straight leg trousers from genesis are made of soft poly-rayon fabric to offer a flawless formal silhouette. Model statistics The model wears trousers of length 40 cm Height: 6.2', Waist: 32”",Genesis Men Solid Brown Trousers,Trousers
10576.jpg,"Composition Black V-neck t-shirt made of 100% cotton, with short sleeves, brand badge on right sleeve and graffiti on the front   Fitting  Regular   Wash care  Machine wash separately in cold water using a mild detergent Do not bleach Avoid soaking Line dry inside out in shade Warm iron only Do not iron directly on print/embroidery  Flaunt your brand statement in style with this athletic graffiti t-shirt from puma. The energetic thunderbolt-styled P of puma on the front exudes fiery vibes, while the pure cotton fabric keeps you fresh and comfortable all day long. Team this with sportswear when on a fitness drive, and with jeans and black leather sandals for a cool, casual look.   Model statistics  The model wears size M in t-shirts Height-6.1', Shoulders-18"" ",Puma Men Lifestyle Graphitti Black T-shirt,Tshirts
1644.jpg,"1. A jersey that breathes through the mesh sides for superior ventilation 2. Round necked, loose Fit t-shirt for ease of movement 3. Composition is 100% polyester Designed for novice sportsmen of all ages, this Sports jersey assists fast moisture transfer. The jersey is designed for men and is an ideal training garment for all sports.",Kipsta Men Loose Fit Round Neck Jersey Red,Tshirts
12394.jpg,"It's comfort unparalleled once you slip into any one of these ribbed socks from Reid and Taylor. Made of cotton and lycra blend fabric, these socks can be worn both for work and casual outings. Made of cotton and lycra blend for all-day comfort, stretch and absorption of sweat Three pairs in black, navy blue and light grey to mix and match with various ensembles Rib knit cuff with roomy toe area for superior comfort and durability in all three pairs sock care Machine wash cold in 40 degree water using mild detergent Wash dark colours separately Do not use softeners Do not iron, dry clean or tumble dry Dry in shade",Reid & Taylor Men Solid Black Socks,Socks
14764.jpg,"Composition White shirt with blue stripes, made of 100% cotton, is engineered with Autopress quality, has a tipped collar with a buttoned front placket, short sleeves, SPI 16 on the shoulders, patch pocket on the left chest, box pleat at the back and a tailed hem   Fitting Regular  Wash care  Machine wash separately in cold water in a gentle cycle inside out, using a high quality detergent Do not bleach or wring Tumble dry low Line dry inside out in shade Warm steam iron  do not iron on decorations  This striped shirt from The Dream Catcher edition of arrow's Premium Collection is crafted from soft cotton fabric and fine cuts in a visually contemporary line that offers a flattering formal silhouette, making for an easy addition to your wardrobe. The Autopress quality helps keep the shirt wrinkle free. Team it with crisp formal pants and a blazer. Add on leather shoes and classy accessories for that perfect formal look.   Model statistics The model wears size M in shirts Height: 5'11""  Shoulders: 17.5""",Arrow Men Stripes White Blue Shirts,Shirts
46427.jpg,"Case style: Analogue watch with a stainless steel rectangular case Dial style: Black dial with branding and date display below the 12 hour mark, has gold toned hands with white inlay and white markings Features: Screw to reset time Strap style: Black, leather strap with a tang clasp Water resistant Comes in a signature Timex case Warranty: 1 year from the date of purchase",Timex Men Black Dial Watch,Watches
45824.jpg,"  Style Note    The Spanish influences in the design details of this sandal is the reason for the Spanish name, senorita. Subtle pastel hues, super soft footbed styling and classic designs with a sophisticated polish, style this pair with kohl-rimmed eyes and an ethno-western ensemble!       Product Description    Black sandal with blue synthetic leather thong style strap with beeding detail and a toe separator    Smooth and printed footbed    Textured TPU outsole with an upraised heel       Material and Care    Synthetic    Wipe surface with soft, clean cloth to remove dust    Do not machine wash or use a drier    Do not store in direct sunlight  ",Senorita Women Blue Flats,Ipad
30735.jpg,"Composition Beige churidar made of cotton fabric, has waistband with drawstrings and tapered legs  Fit Regular  Wash care Hand wash separately in cold water using mild detergent Dry in shade Do not soak  This churidar from fabindia is designed to provide absolute comfort and perfect fit. Team it with a kurta and ethnic sandals and you're all set to seize the day with a fab look.  Model statistics The product is a size M on a model of height 6' and waist 32& rdquo",Fabindia Men Beige Churidar,Churidar
8197.jpg,"Composition Black full sleeve shirt made of 100% cotton, with gingham panel detailing on the inseam of the collar and cuffs, mock insert pocket on the left chest, full length buttoned placket with a half button conceal design, sleeves with buttoned cuffs and button on the elbows, brand tab appliqued near the right hem and a curved hemline Fitting Slim Wash care   Machine wash at 40 degrees  Wash dark colours separately  Do not bleach  Tumble dry on normal or line dry  Warm iron   Get ready to take casual dressing to the next level with this  black shirt from locomotive. The cool cotton fabric keeps you fresh all day while you hang out with your friends. The sleeves can be rolled up for a different look. This shirt can be teamed with low slung jeans and canvas shoes for a laidback look. Model statistics The model wears size M in t-shirts Height-5.11"", Shoulders-17.5 """,Locomotive Men Solid Poplin Lamont Black Shirts,Shirts
59410.jpg,"White single jersey knit t-shirt, round neckline , extended sleeves, graphic print on the front with a straight hem, gathers near the hem, grey print branding on the inside     ",Tokyo Talkies Women Multi Coloured T-shirt,Tshirts
52860.jpg,A triangular shaped dangler in red with green and white floral patterns Has a fish hook closure,Adrika Red Earrings,Earrings
58107.jpg,"Round silver earrings with a red garnet stone encrusted in the centre, has a french hook closure",Rreverie Golden Earrings,Earrings
42034.jpg,"Style Note Perfect for any soccer player, the nike Egoli Firm Ground cleat is designed to be light weight to allow great speed while the engineered studs on the outsole deliver excellent traction for ball control. The Nike Egoli FG has a sleek, predatory look that will make sure you turn heads when you're on the pitch!  Product Details Trophy synthetic, knit laces across the centre, invert foldable tongue for funky look, stitch detailing across the toe box and high density recycled material sockliner Padded collar EVA injected and full phylon midsole with TPU shank for stability Carbon rubber outsole with TPU cleats for optimum use on firm ground  Material and Care Synthetic Wipe surface with a dry, clean cloth to remove dust Do not store in direct sunlight",Nike Men Egoli FG Blue Sports Shoes,Sports Shoes
39624.jpg,"Style Note This vintage style nike Sweet Classic shoe is a perfect fusion of street fashion and tennis glam. Designed for the tennis lover, these shoes blend function and fashion effortlessly, to make you look fabulous on and off the court. Product Details Synthetic leather upper with nike swoosh overlays on the midfoot Mildly padded collar with an embroidered logo on the back Lacing system for a snug, cutomised Fit Padded tongue for comfort Synthetic leather and mesh fabric lining for comfort and breathability EVA midsole for advanced cushioning Herringbone grooves on the durable outsole for enhanced grip and traction Leaf patterened herringbone grooves on the forefoot for better grip during toe off Material and Care Synthetic Wipe surface with damp, clean cloth to remove dust Do not machine wash or store in direct sunlight",Nike Men Sweet Classic Blue Casual Shoes,Casual Shoes
26795.jpg,Wash care Gentle machine wash with cold water using a good quality detergent Wash dark colours separately Do not bleach or wring Wash and dry inside out in shade Tumble dry low Medium heat steam iron: do not iron on decorations,Arrow Men Blue Shirt,Shirts
31710.jpg,"Style Note fabindia's jewellery references the eras gone by and are reworked to blend in with your season outfits. Whoever told you ethnic jewellery can't be worn with your fashion favourites were wrong! This statement piece from Fabindia is a jewellery box essential that will make an interesting addition to your simpler ensembles. Product Details Silver coloured earring with three pale blue stones in each earring Metal link styling Push back style closure Material and Care Silver Wipe surface with a clean, dry cloth to remove dust Size Length: 1.75 cm (approximate)",Fabindia Women Anusuya Silver Earrings,Earrings
57606.jpg,"Ultra moisturising lipstick with botanical moisturising and natural extracts which gives soft, silky and comfortable feel to lips",Lotus Herbals Grape Wine Lipstick 110,Lipstick
56391.jpg,"It is a delightful sheer floral created from delicate lilies and peonies, elegant jasmine and exotic Karo-Karounde blossoms, all tingling with the rare essence of exotic Baie Rose.",Estee Lauder Women Pleasures 100 ml Perfume,Perfume and Body Mist
48489.jpg,"Peach top, woven, round neck, frill sleeve, gathers at neck and attached lining ",French Connection Women Peach Top,Tops
42005.jpg,"Style Note Worry no longer about managing money, cards and coins in your tote bag! Organise your everyday essentials into this stylish wallet from baggit and drop it into your messy hold-all. This two-fold piece is on the top of our wishlist this year. A sophisticated addition to your accessory collection, you can carry this piece in your hand or pop it into your bag. Product Details Purple leatherette with a two-fold open style, has stitch detailing on the upper with weave design Concealed magnetic closures Ten card holders, one photo id card holder, three insert pockets and one compartment with a zippered separator on the centre fold A zippered pocket on the back Material and Care Leatherette, fabric Wipe with clean, damp cloth to remove dirt Size Length: 12 cms Width: 22 cms",Baggit Women Purple Goofy Jhuti Wallet,Wallets
58879.jpg,Red dotted tie  A loop at the back of the broader tie end to tuck the smaller end in,Hakashi Men Red Tie,Ties
38215.jpg,Lens colour: Black Lens type: Polaroid polarized lenses block out virtually 100% of glare Frame colour: Black Frame type: Plastic full frame with plastic arms High bridge and flexible nose pads The glasses come in a signature Polaroid case Warranty: 1 year,Polaroid Men Sunglasses,Sunglasses
43850.jpg,"Style Note Inspired from India's rich jewel history, this pair of earrings from royal diadem is sure to become a love-forever statement piece in your jewellery box. Style this with matching ethnic suits or saris or wear it with a monochrome ensemble for an interesting fusion vibe. This piece is guaranteed to give your look an instant boho edge (if it's a Western outfit) or a refined polish (if paired with ethnic wear) Product Details Mango shaped base with pearl-like beads encrusted in it and an amethyst coloured centre stone Has a faux pearl dangler attached to the base Has a earring post and back closure Material and Care Metal Wipe with a cotton swab to remove dust Size Length: 7 cm",Royal Diadem Purple Earrings,Earrings
22724.jpg,"In the nike Zoom Hyperdunk, versatility meets stability. Ultra-lightweight, the nike Zoom Hyperdunk 2011 Basketball shoe is a top performer. Offering a stable, supportive Fit, this shoe is made for lightning-quick cuts and fast-paced play on the court. Stability and support go hand-in-hand in the Nike Zoom Hyperdunk 2011 shoe. With a combination of Flywire bundles and breathable mesh, the foot is locked into place. The midsole is equipped with an ultra-lightweight, super-strong glass-reinforced shank that wraps up the sides of the foot and covers a wide area along the bottom for firm, yet flexible stability. The midsole is made of plush Phylon that's super lightweight, yet incredibly responsive. Nike Zoom units in the forefoot and heel provide excellent impact absorption and additional cushioning where you need it most.   Upper  Mesh upper and tongue for enhanced breathability Plush foam cushioning at the collar for protection and comfort Mid length height for support at ankle   Midsole  Lightweight Phylon midsole for cushioning Flywire nylon bundles at the midfoot for super-strong, super lightweight support Nike Zoom units in the heel and forefoot for low-profile, responsive cushioning Ultra-strong, lightweight midfoot shank that provides enhanced support and stability   Outsole  Pivot point at the outsole for stability during multidirectional movements Flexible, ground-gripping rubber outsole with a modified herringbone pattern Flex grooves to increase natural range of motion, while a circular pivot point at the forefoot increases stability when moving in any direction   Shoe care  Wipe surface with damp, clean cloth to remove dust Do not machine wash or store in direct sunlight",Nike Men Zoom Hyperdunk Blue Sports Shoes,Sports Shoes
20114.jpg,"Composition Grey kurta made of a blended fabric, has a mandarin collar, blue chest placket with a hooked closure and lace at the ends, short sleeves with blue piping and lace on the cuffs and shimmery traditional gold coloured print   Fit  Regular   Wash care  Dry clean only  Vintage weaves, classic cuts and contemporary style - all come together in this kurta from diva. Crafted from a soft blended fabric, it offers exemplary comfort all day. Pair it with patialas or churidars and embellished slippers for an ethnic look.   Model statistics  The product is a size M on a model of height 5’9”, chest 33” and shoulders 15.5”",Diva Women Printed Grey Kurta,Kurtas
36940.jpg,Article # missing on the physical sample- CM - Donna Ross - 12th April,Hugo Boss Men Perfume,Perfume and Body Mist
57298.jpg,Beige slip on flats with an upraised heel Thong style upper with a star shaped detail on the strap Soft footbed with check pattern Textured outsole with grooves,Rocia Women Beige Flats,Heels
34559.jpg,Pink handbag with pleated detail and stitched branding in front Has two short shoulder straps One main zipped compartment with one internal zipped pocket and two open pockets Warranty: 3 months,Puma Women Pink Fitness Small Handbag,Handbags
11728.jpg,"Composition Red polo neck t-shirt made of 100% cotton, has a fabric collar with contrasting yellow panel below the collar and tape detailing on the inseam, ribbed tipped cuffs, concealed short chest placket with tape detailing on the facing placket, embroidered logo on the upper left chest and right sleeve, brand tab appliqued on the left hemline and a vented hem Fitting Regular Wash care Machine wash cold using a mild detergent Wash dark colours separately Do not bleach, wring or tumble dry Flat dry in shade Mild iron Do not iron on print/embellishment/embroidery Get ready for a clean sophisticated look in this red polo neck t-shirt from lee. The embroidered branding on the left chest adds an element of interest, while the cotton fabric keeps you fresh and comfortable all day. Team this with jeans or chinos and lifestyle footwear from the wide collection available at myntra for casual occasions. Model statistics The model wears size M in t-shirts Height-6.3&rdquo , Shoulders-19""",Lee Men Solid Red Tshirts,Tshirts
31640.jpg,"Composition Blue and black check shirt made of blended cotton fabric, has a spread collar, long sleeves with double button cuffs, a patch pocket on the left chest, a full buttoned placket and a curved hem Fit Slim fit Wash care Wash dark colours separately Hand wash or machine wash cold Use mild detergent Flat dry in shade Do not wring, bleach, iron on print This impeccably designed shirt from indigo nation remains a timeless classic. Wear this with chinos or denims and style it with understated accessories. Model statistics The product is a size 40 on a model of height 6' and shoulders 18""",Indigo Nation Men Check Blue Shirt,Shirts
5922.jpg,-,ADIDAS Men's Slimsollm Red Shoe,Casual Shoes
15621.jpg,"Composition White sweatshirt made of 80% cotton and 20% polyester, has a round ribbed neck, long sleeves with ribbed cuffs and hem, and graphic print on the front Fitting Comfort Wash care Machine wash cold with like colours Do not dry clean or bleach Tumble dry low Warm iron Revel in the pride of India's ICC World Cup win by slipping into this sweatshirt from nike. Crafted from soft cotton-polyester fabric, this sweatshirt offers exemplary snug comfort. Team it with jeans and sneakers for a sporty look. Add on a hooded jacket and leave the zipper opened for absolute winter style.",Nike Men AS EM BE True Cricket Crew White Sweatshirts,Sweatshirts
5710.jpg,"A great trainer, the reebok Alex LP is a classic looking low profile running shoe that offers comfort at its best. Upper   Complete mesh upper with an inner bootie for maximum comfort, breathability and snug Fit  Lightweight synthetic overlays strategically placed for forefoot, midfoot and backfoot support, added shoe structure and durability  Lace-up system for snug, customised fit  Meshed and padded tongue and collar for in-step comfort and snug fit   Midsole   PU midsole for durability, impact protection and lightweight comfort  Cushioned footbed for all-day comfort   Outsole   Full length TPR outsole for durability  Impact guidance grooves on the forefoot and heel for better shock distribution and greater traction  Flex grooves on the forefoot for easy movement and flexibility  Diamond lugs on the lateral forefoot for maximum grip on various terrain  Circular and rectangular lugs on medial forefoot with circular lugs on periphery of backfoot for absolute traction and stability  Arched midfoot for ergonomic comfort   Shoe care Do not machine wash Remove dust and dirt with damp clean cloth Do not store in direct sunlight",Reebok Men's Apex White Athletic Shoe,Sports Shoes
26096.jpg,"Composition Light blue and white checked shirt made of a cotton/polyester blend, has long sleeves with buttoned cuffs, spread collar, a buttoned front placket, patch pocket on the left chest, embroidered branding on the right cuff and a curved hem   Fit  Slim   Wash care  Hand or machine wash cold at 30 degrees with like colours using a mild detergent Do not bleach Tumble dry low Dry in shade Warm iron; do not iron on decorations  Designed for the ambitious executive, this checked formal shirt from the john miller collection is stitched to perfection. Pair it with crisp formal pants, a blazer, classy accessories and rich leather formal shoes.  Model statistics  The product is a size 40 on a model of height 6' and shoulders 18""",John Miller Men Check Blue Shirt,Shirts
15569.jpg,"Crafted for the woman who never compromises on style and comfort, this trendy slipper from carlton london makes for a fab addition to your wardrobe. With a sleek design and simple silhouette it looks great with all kinds of clothing . Upper Leather straps across the midfoot with a toe separator Leather strap at the backfoot with a buckle closure Fabric and net flower on the midfoot TPU footbed Outsole Durable textured PU outsole with a mildly raised and textured heel for absolute grip and traction Slipper care Wipe surface with a clean, dry cloth to remove dust Do not store in direct sunlight",Catwalk Women Casual Red Flats,Heels
39483.jpg,Grey printed laptop backpack One padded haul loop and two padded and adjustable shoulder straps Two main zip compartments with an inner laptop sleeve that is secured with a Velcro closure and a zip pocket that is attached to the lining Two external zip pockets on the front A stash pocket and a zip pocket on either side Warranty: 5 years from the date of purchase against manufacturing defects Note: The inner lining material/colour may vary from what is shown in the image Disclaimer: Please note that the thread colour in the brand logo may vary from the image shown,Wildcraft Unisex Grey Printed Laptop Backpack,Backpacks
45815.jpg,"  Style Note    The Spanish influences in the design details of this sandal is the reason for the Spanish name, senorita. Subtle pastel hues, super soft footbed styling and classic designs with a sophisticated polish, style this pair with kohl-rimmed eyes and an ethno-western ensemble!       Product Description    Orange synthetic leather thong style strap with beads on the strap and a toe separator    An ankle strap with a buckle closure    Smooth footbed    Textured TPU outsole with an upraised heel       Material and Care    Synthetic    Wipe surface with soft, clean cloth to remove dust    Do not machine wash or use a drier    Do not store in direct sunlight  ",Senorita Women Orange Flats,Heels
56815.jpg,"Red and brown woven printed kurta, has a round neckline with a split in the centre, short sleeves, paneling and wooden embellishments at the yoke and side slits",Aneri Women Brown Tunic,Tunics
33519.jpg,"Pointed-toed black wedges with slip-on and low-top styling Synthetic leather upper, has overlay with rivets and braided detailing on the forefoot Has a soft footbed with branding on the heel Smooth outsole with a textured wedge heel",Cobblerz Women Black Wedges,Heels
3819.jpg,"Composition Pink sleeveless top in 100% cotton with green and white polka dot spaghetti straps and piping along the neckline and sleeves, green stitch detailing along the hem and Minnie Mouse print on the chest Wash care 1. Machine wash in cold water with gentle cycle using mild detergent 2. Wash dark colours seperately 3. Do not bleach 4. Do not soak or wring 5. Dry inside-out 6. Do not tumble dry 7. Do not iron on print and studs Fitting Comfort Fit Designed for that comfortable-yet-stylish look for your little princess, this pink top from disney is a perfect summer wear. The cotton fabric and sleeveless cut will keep your little girl well ventilated and dry, while the polka dotted straps and sleeve and neck lining adds a stylish twist to the entire outfit. Pair it with pretty footwear from the crocs collection available at myntra, include colourful jibbitz, and transform your little darling into a princess.",Disney Kids Girl's Minnie Summer Time Pink Top,Tshirts
14361.jpg,"These slip-on heels from catwalk are perfect for everyday wear and versatile enough to be worn with everything: from casual jeans and tees, to skirts and dresses . Upper Wide thong strap design covering the forefoot and extending to the midfoot for a snug Fit and great eye appeal Fabric lining for extra comfort Fabric-lined footbed in an ergonomic design for extra comfort and added style Outsole TPU outsole with heel Textured design on the forefoot and heel for added comfort Sandal Care Wipe surface with soft, clean cloth to remove dust Do not machine wash or use a drier Do not store in direct sunlight",Catwalk Women Casual Black Heels,Heels
26267.jpg,"Purple polo T-shirt, has a polo collar, short button placket, short sleeves",Proline Men Purple Polo T-Shirt,Tshirts
5371.jpg,OCCASIONAL WALKS lasting a few hours on various terrains with low gradient in dry weather.,Quechua Arpenaz 50 Jr Black Red,Sports Shoes
17444.jpg,"Case style: Analogue watch, has a circular case and a stainless steel back Dial style: Silver-toned dial Features: Has a chronographic display, a screw to reset the time and two push-buttons to reset the features Strap style: Brown leather strap, secured with a tang clasp Comes in a signature CASIO case",Casio Enticer Men Silver-Toned Dial Chronograph Watch BS062,Watches
19102.jpg,"Composition Pink round neck kurta made of blended fabric, has three quarter sleeves with contrast woven tape detailing on the cuffs, subtle gold striping all over, panel stitch on the shoulder and hem, and a half buttoned placket in a contrast colour Fit Regular Wash care Hand wash separately in cold water using a mild detergent as colour may bleed Flat dry inside out in shade Warm iron The inspiration for this kurta from mother earth for women is the retro-esque fusion of the uniquely ethnic with smart workwear. The modern Indian working woman has come into her own, as has her wardrobe. This piece epitomizes how fashion, vintage styling and comfort unite to create the perfect Indian tunic. Those interested in colourblocking can wear this with bright contrasting capris or pants. Other, who want to keep their look classic and chic, can pair this with tonal leggings, and embellished slippers. Model statistics The product is a size M on a model of height 5'8"" and chest 33""",Mother Earth Women Solid Pink Kurta,Kurtas
13621.jpg,"Composition Grey shorts made of ComfortSoft 100% combed cotton, has light grey and white panels with black piping on the sides, elasticated waistband covered with a ComfortSoft fabric and a drawstring   Fit  Comfort   Wash care  Machine wash warm with like colours Do not bleach Tumble dry low Warm iron  A stylish and sporty short that can be worn on the beach, on a relaxed day at home or during vacations, this product from hanes is created keeping your comfort in mind. The luxurious ComfortSoft fabric not only retains its shape even after repeated washes, but also offers superior comfort. And with the ComfortSoft fabric covering the elasticated waistband, be assured of a pinch-free comfortable fit, while you can further customise the fitting with the drawstring. Wear this with Sports t-shirts or casual ones and revel in a comfortable lifestyle.   Model statistics  The model wears size M in shorts, with a length of 45 cm Height: 6', Shoulders: 19"" ",Hanes Men Knitted Grey Shorts,Lounge Shorts
58807.jpg,"Navy blue, woven, shirt with self stripes, top stitch detailing, spread collar, yoke at the back, full buttoned placket, long sleeves with buttoned cuffs, patch pocket on the left chest with buttoned closure and curved hem",Highlander Men Navy Blue Striped Shirt,Shirts
3519.jpg,"Composition White round neck t-shirt in 100% cotton with chest print Fitting Comfort Washcare   Light machine wash  Do not bleach  Warm iron on reverse  Do not dry clean  Dry flat/reverse  Do not scrub   Everyone has an alter ego. If you think you're lucky to have more than one, then proudly flaunt your multifaceted side in this tee from myntra. Team this with jeans or cargoes and fashionable shoes from the wide range available at myntra for that look full of attitude. Model statistics The model wears size M in t-shirts Height-6.2'', Shoulders-16""",Myntra Men's I have Multiple Personalities White T-shirt,Tshirts
3835.jpg,"Composition Black mules made of canvas with lightweight, form fitting, odour resistant EVA soles Wash care 1. Rub surface with clean, damp cloth to remove dust 2. Do not machine wash Look comfortable and stylish in these black canvas mules from crocs. The black canvas uppers with sublte white stitich detailing ensure a snug Fit, while the black footbed provides ergonomic fit, comfort and superior shock absorption. The leaf pattern on the outsole ensures superior grip and stability, making it a perfect casual footwear.",Crocs Men Santa Cruz Clog Black Sandal,Sandals
41697.jpg,"Blue top, has a round neckline, long sleeves, loop on the left chest and a cascadel attached to the left armhole",AND Women Blue Top,Tops
40120.jpg,"Style Note Lightweight and stylish, this T-shirt from adidas is comfortable and looks great. Engineered with Climalite technology this tee will ensure that you are dry and comfortable all day long. Pair it with denims on a day out in the sun or with shorts and sport shoes for your workout sessions.   Product Details Sea green printed T-shirt, has a round neckline, short sleeves, a band at the hemline to give you a better Fit and branding above the hemline   Material and Care 90% polyester and 10% lycra Machine wash warm with like colours using a mild detergent Do not soak, tumble dry, bleach, iron or dry clean Dry in shade Cold iron; do not iron on print or decorations   Size and Fit Regular fit The model (height 5'8” and chest 33"") is wearing a size M",ADIDAS Women Green T-shirt,Tshirts
17416.jpg,"Designed for the runners who never compromise on style and comfort, the Atlantica running shoe from lotto comes with a durable synthetic upper and a grippy rubber outsole that keeps you safe and stable on various surfaces.   Upper  Heavily meshed upper with startegically placed synthetic overlays for breathable comfort and enhanced shoe structure Lacing system for a snug, customised Fit Meshed and padded tongue and collar for breathable comfort and snug fit Cushioned footbed for shock absorption   Midsole  Phylon midsole for lightweight comfort and impact protection   Outsole  Durable rubber outsole with waffle pattern lugs for absolute grip and traction Punto Flex grooves on the forefoot for easy movement Scooped heel for enhanced cushioning to the back foot   Shoe care  Wipe surface with a clean, dry cloth to remove dust Do not store in direct sunlight",Lotto Men Atlantica Black Sports Shoe,Sports Shoes
7061.jpg,"Perfect to carry your Sports and gym essentials, this nike T90 bag comes with a rubbery nylon lining, allowing you to dump your sweaty clothes without raising a stink. An easy maintenance bag, it helps you create a style statement of your own as well. Height : 16.5"" Width : 16"" Depth : 10” Capacity : 24 litres   Made of polyester with a nylon lining that has a rubbery feel for durability and easy cleaning  Branded zippers and sliders for easy use and longer life of the bag  One main copiously spaced zippered compartment  One small front zippered compartment for easy use  Two mesh pockets on the sides to hold a sipper and other essentials  Water resistant tarpaulin bottom  T90 print across the front  Synthetic haul loop for handling ease  Wide, adjustable padded handles for carrying ease and to protect the shoulders and back from injuries, with nike swoosh printed on right handle for style  Padded back with a mesh for breathability and Nike embroidered silhouette for style   Care Hand wash Do not bleach Do not tumble dry Do not wring Drip dry Do not iron",Nike Unisex Total 90 Black Backpack,Backpacks
55437.jpg,Instant burst of rich colour with a featherlight feel Patented Elasticolor technology provides immediate colour release Twist to apply technology,Revlon Peach Colorburst Lipstick 075,Lipstick
44746.jpg,"Style Note Check out shoes for men from globalite. Globalite offers casual shoes in  different styles which can go well with any outfit. Team these shoes  with denims and a stylish tee to up your style quotient. It's not only women who like to experiment with the shape, styles and colours of their footwear as now, men are not far behind. Product Details Greyish green shoe with central lace-ups, synthetic overlays and stitched detailing Padded tongue and inner (mesh) Thick rubber midsole TPU outsole with branched and honeycomb grooves on the forefoot and horizontal grooves on the midfoot and heel The shoes come with a bag to help you pack them when you travel Material and Care Synthetic Wipe surface with soft, clean, damp cloth Do not machine wash",Globalite Men Olive Sparta Shoes,Casual Shoes
3044.jpg,"Composition: Sea blue round neck t-shirt in 100% cotton with chest print Washcare: 1. Machine wash separately in cold water 2. Use mild detergent 3. Do not bleach 4. Avoid soaking Remove promptly 5. Line dry inside out in shade 6. Warm iron only 7. Do not iron directly on print/embroidery Fitting: Comfort Fit Declare your love for iconic singer Freddie Mercury a.k.a. Farrokh Bulsara with this tee from tantra. Freddie's chartbuster ""I want to break free"" is a popular anthem of the youth brigade. Born to Indian parents in Zanzibar, Farrokh was given the name of ""Freddie"" by his schoolmates at St Peter's English boarding school in Panchgani, where he discovered his love for music. ring around that love again and again in this t-shirt, coupled best with jeans and cargos. Model's Statistics: 1. The model wears size M in t-shirts 2. Height-6', Shoulders-18""",Tantra Men's Freddie Blue T-shirt,Tshirts
28552.jpg,"Composition Green and white striped polo T-shirt for men made of 100% cotton, has a ribbed collar with a buttoned chest placket, short sleeves with ribbed cuffs and appliquéd nike swoosh logo on the left chest Fit Comfort Wash care Machine wash cold with like colours Do not dry clean or bleach Tumble dry low Warm iron; do not iron on decorations Designed to offer exemplary comfort, this striped polo T-shirt from nike is crafted from a soft cotton fabric in a perfect blend of green and white to add a sporty edge to your style. Team it with jeans and sports shoes .",Nike Men Club Pique Polo Green T-shirt,Tshirts
59603.jpg,Brown sari with black and green patterning at the borders,FNF Brown Collection for Wedding Wear Sari,Sarees
23931.jpg,"Get ready to score goals in style with these lotto Future 500 Firm Ground men's soccer cleats. The lightweight structure enables better ball control. Ultra-durable and lightweight, these cleats are designed for quick moves on the field and enhanced performance.   Upper  Synthetic leather upper for a comfortable, durable Fit Central lacing system for an expanded ball control area Padded mesh insole   Midsole  Phylon midsole for cushioning and to help reduce stud pressure   Outsole  Lightweight Puntoflex outsole with optimized cleat placement for traction, stability and durability Durable cleats for use on short grass fields Durable TPU plate with strategically placed cleats that grip the ground and deliver reliable stability Reactive arch at the midfoot for comfort   shoe care  Wipe surface with soft, clean, damp cloth to remove dust Do not machine wash",Lotto Men Black Sports Shoes,Sports Shoes
6734.jpg,"The Faas 300 from puma is a lightweight everyday trainer. Inspired by old school running trainers, these shoes look great when teamed with casual wear. Upper   Mesh upper with synthetic suede overlays for structure and breathability  Formstripe on both sides  Cushioned collar and tongue for plush comfort  Lace-ups for snug Fit   Midsole   Full-length lateral groove in the midsole to reinforce stability throughout the gait cycle  OrthoLite sockliner for superior comfort, material regeneration, air circulation and anti-microbial function   Outsole   EverRide technology to reduce weight and improve forefoot cushioning  EverTrack used in the outsole for greater durability in high-wear areas  Rocker shape of outsole allows for natural stride with an effortless toe-off  Flex grooves built across the waffle patterned outsole to enhance flexibility  ",Puma Women Faas 300 Pink White Blue Shoe,Sports Shoes
6014.jpg,"Composition 100% cotton shirt with half sleeves, has plaid checks in black and white with red-grey accents, white stitch detailing, tape detailing on the in-seam of the collar, patch pocket with embroidered logo on left chest, appliqued brand name on facing placket, full length buttoned placket and curved hemline Fitting Slim Wash care   Machine wash at 40 degree C  Wash dark colours separately  Do not bleach  Tumble dry on normal or line dry  Warm iron   Get ready to take casual dressing to the next level with this plaid shirt from locomotive. The cool cotton fabric keeps you fresh all day while you hang out with your friends. This shirt can be teamed with low slung jeans and canvas shoes for a laidback look. Model statistics The model wears size M in t-shirts Height-6', Shoulders-18""",Highlander Men Black & White Checked Slim Fit Shirt,Shirts
13072.jpg,"An absolutely cool casual shoe, this pair from numero uno is a great addition to your wardrobe. The all black uppers with red and silver accents in a classic sneaker style creates a strong impression. Team this with jeans and t-shirts for great urban style. Upper Synthetic leather upper for durability and comfort Stitch detailing for added style and reinforcement Silver printed design, synthetic tape detailing and logo name on the side of the heel for greater style Lace-ups for a snug Fit Cushioned collar and tongue for greater comfort Textile lining for added comfort Brand tab on the side and appliqued on the tongue Midsole EVA midsole for better shock absorption and all day comfort Outsole Durable rubber outsole in diamond pattern on the forefoot and heel for maximum durability and traction Circular panels with grooves on the forefoot and heel for better grip Shoe care Wipe synthetic leather surface with soft, clean cloth to remove dust Do not machine wash Do not store in direct sunlight",Numero Uno Men Black Casual Shoes,Casual Shoes
13572.jpg,"Composition Red sleeveless vest made of ComfortFit 100% combed cotton ribbed fabric, has a round ribbed neck and racer back with a brand badge at the back neck   Fit  Comfort   Wash care  Machine wash warm with like colours Do not bleach Tumble dry low Warm iron  Revel in the luxurious comfort of a combed cotton fabric in this vest from hanes. Engineered with ComfortFit technology, this vest made of ribbed combed cotton fabric will contour your body perfectly, stretch to your ease and retain its shape wash after wash. The athletic neckline and stylish shoulder straps offer a flattering fit. And what's even better is that this vest comes with a printed brand label on the inner neck - so bid goodbye to those scratchy labels and welcome comfort at its best!  Model statistics  The model wears size M in vests Height: 6', Shoulders: 19""",Hanes Men Racer Back Red Innerwear Vests,Innerwear Vests
12893.jpg,-,Hush Puppies Men Jungle Brown Formal Shoes,Formal Shoes
43763.jpg,"Style Note Inspired from India's rich jewel history, this pair of earrings from royal diadem is sure to become a love-forever statement piece in your jewellery box. Style this with matching ethnic suits or saris or wear it with a monochrome ensemble for an interesting fusion vibe. This piece is guaranteed to give your look an instant boho edge (if it's a Western outfit) or a refined polish (if paired with ethnic wear) Product Details A drop shaped earring with an orange-brown centre stone with a periphery of white stones Has a ear post and back closure Material and Care Metal Wipe with a cotton swab to remove dust Size Length: 3.5 cm",Royal Diadem Rust Earrings,Earrings
3699.jpg,"Composition Navy blue round neck t-shirt in 100% cotton with chest print Wash care 1. Machine wash separately in cold water 2. Use mild detergent 3. Do not bleach 4. Avoid soaking 5. Remove promptly 6. Line dry inside out in shade 7. Warm iron only 8. Do not iron directly on print/embroidery Fitting Comfort Fit Flaunt your spiritual side in style with this navy blue shloka tee from tantra. Made of pure cotton, it will keep you dry and comfortable through all seasons. Team this t-shirt with denims or cargoes and stylish footwear from the wide range available at myntra.  Model's statistics 1. The model wears size M in t-shirts 2. Height-5.7"", Chest-32"", Waist-26""",Tantra Women's Shloka Navy Long T-shirt,Tshirts
26911.jpg,"Style Note Summer fashion demands a wardrobe filled with stylish tank tops to go with your shorts and capris. Keep it cool and casual in these tops from jealous 21.   Product Details Purple top with black shaded print in the front and crystal embellishments, has batwing short sleeves, round neck and rouche detailing on the right side   Material and Care 100% viscose Hand wash or machine wash with like colours using a mild detergent Do not bleach or wring Dry in shade Use warm iron   Size and Fit Regular fit The model (height 5'8&rdquo  and chest 33&rdquo ) is wearing a size M",Jealous 21 Women Purple Printed Top,Tops
51559.jpg,"Style Note This fastrack watch gets a new season update in its styling and design details. For maximum impact, style this with your off-duty staples and throw on a few tonal accessories for added measure. This zingy time piece is sure to give a face-lift to your summer wardrobe! Product Details Case style:     Analog watch with plastic round case in olive green and a black bezel Dial style: Black dial with silver hands and printed text on the dial Strap style: Olive green rubber strap with a tang clasp Features: Brand logo on the dial Water resistant 30 M that can be used around sinks and rain splashes Warranty: 1 year Size Case diameter: 36 mm Case thickness: 7 mm",Fastrack Men Black Dial Watch,Watches
46785.jpg,NA,Rising Wave Men Perfume,Perfume and Body Mist
25324.jpg,"Case style: Analogue watch with a circular case and a stainless steel back, has a fixed bezel with markings Dial style: Black dial Features: A screw to reset time, a date and day aperture Strap style: Silver-toned bracelet style strap secured with a butterfly and fold-over clasp Water-resistant up to 100 m Comes in a signature CASIO case Warranty: 2 years against manufacturing defects from the date of purchase Warranty provided by Brand Owner / Manufacturer",Casio Edifice Men Silver Analogue Watches (ED418) EF-130D-1A4VDF,Watches
10276.jpg,A pair of black formal shoes with central lace-ups Leather upper Cushioned footbed Textured outsole with a stacked heel Warranty: 3 months against manufacturing defects Warranty provided by the brand owner / manufacturer,Clarks Men Leather Black Formal Shoes,Formal Shoes
52988.jpg,"Mustard printed sari, has embroidery and appliqué work on the body of the sari and panelling at the borders",FNF Printed Mustard Sari,Sarees
26212.jpg,"perry ellis for men has the tried and tested classic tones of citrus, spices, woods and amber forming a fresh and warm contrast. Best for vacations or casual occasions. Quantity : 100 ml Caution Flammable Keep away from sources of ignition Keep away from children Do not use near fire, flame or heat Avoid spraying near the eyes",Perry Ellis Men Perfume,Perfume and Body Mist
12724.jpg,"Wash care  Wipe surface with soft, clean, damp cloth Do not machine wash",ADIDAS Men Treklite Black Casual Shoes,Casual Shoes
23034.jpg,"Composition White wrinkle free shirt with black stripes, made of 100% cotton, has a medium spread collar, a buttoned front placket, full sleeves with double buttoned cuffs, fine stitching - SPI 16 on the shoulders, patch pocket on the left chest, box pleat at the back and curved hem Fit Regular Wash care Machine wash separately in cold water in a gentle cycle inside out, using a high quality detergent Do not bleach or wring Tumble dry low Line dry inside out in shade Warm steam iron; do not iron on decorations This striped shirt from arrow's Premium Collection is crafted from soft cotton fabric and has a contemporary cut that offers a flattering formal silhouette, making for an essential addition to your wardrobe. Team it with crisp formal pants and a blazer. Add on leather shoes and classy accessories for that perfect formal look. Model statistics Product is size 40 on a model of height 6' and shoulders 18""",Arrow Men Black Striped Shirt,Shirts
14928.jpg,"Composition Grey sweatshirt made of 100% cotton, that has a round ribbed neckline, full length arms with ribbed cuffs, and print on the chest with felt detailing Fitting Slim Wash care Machine wash inside out at 40 degrees with like colours Wash inside out with like colours Do not bleach Dry in shade Do not iron on print Be proud of your paunch - years of hard work has gone into building that! On the hindsight, just issue a warning to you friends that there is a bump ahead! Keep the chill at bay and look great at the same time in this sweatshirt. Team this funky sweatshirt from mr.men with a pair of jeans and canvas shoes. Model statistics The model wears size M in sweatshirts Height-6.1', Shoulders- """,Mr. Men Men Beware Grey Melange Tshirts,Tshirts
34242.jpg,"Cream-coloured T-shirt with printed detail, has a round neck, short sleeves",Proline Men Cream-Coloured T-shirt with Printed Detail,Tshirts
12071.jpg,"Composition White sleeveless kurta with purple print, made of 100% cotton, and has a round neck with panel strips along the neckline and sleeves   Fitting Regular  Wash care  Wash dark colours separately Do not bleach Dry inside out in shade Warm iron  This piece of art by w is designed to accentuate your femininity. Look stylish in this ethnic kurti and revel in the comfort of the soft fabric. Pair it with leggings and heels for a formal look or wear it when hanging out with your friends by teaming it with denims and pumps for a casual look.  Model statistics The model wears size M in kurtis Height-5.7"", Chest-33"", Waist-26""",W Women Printed White Kurtas,Kurtas
58318.jpg,"Set of 3 white socks White socks with different coloured, knitted patterns, has an elastane welt for firm 'no sag' grip, terry lining inside for superior cushioning and absorbency, above ankle length and comfort toe socks",Jockey LCESCBRA Men White Pack of 3 Socks 2004,Socks
7634.jpg,"Composition Mazarine blue polo neck t-shirt made of 100% cotton, with white tipped ribbed collar and cuffs, white and blue ribbed chest placket, vented hems and embroidered brand logo on the left chest Fitting Regular Wash care   Gentle machine wash in cool water  Do not bleach  Do not tumble dry  Warm iron  Do not dryclean  Wash and iron inside out  Wash with similar colours  Use detergent for colours   Get ready for a clean sophisticated look in this mazarine blue polo neck tee from the cricket range of puma. The deep blue colour and the logo embroidered in golden thread add to the regal air of the t-shirt. The cotton fabric wicks away sweat and keeps you fresh and comfortable all day.Team this with jeans or chinos and lifestyle footwear from the wide collection available at myntra for casual or semi-formal occasions. Model Statistics The model wears size M in t-shirts Height-6', Shoulders-19""",Puma Men's Mazarine Blue Polo T-shirt,Tshirts
51656.jpg,"Case style: Analogue watch, has a circular case with a fixed bezel, has a stainless steel back Dial style: Black dial, has hands and markings Features: A screw to reset the time, 3-faced chronograph display, tachymeter,nbsp;two push-buttons, a date aperture Strap style: Black plastic brace-style strap, secured with a fold-over clasp Water-resistant up to 100 m Comes in a signature Fossil case Warranty: 1 year warranty against manufacturing defects Warranty provided by Brand Owner / Manufacturer",Fossil Men Black Dial Chronograph Watch CH2737,Watches
20272.jpg,"Simple and elegant, these sandals from catwalk epitomise minimalistic class. For those who are not fans of over the top embellishments in their ethnic ensembles, this pair is the right foot-style choice. Wear this with a simple light hued churidhar for maximum impact. Upper Thong style straps doubling as a wide strap over the midfoot Net strap with light stone embellishments Ergonomically designed footbed with mild cushioning for comfort Outsole TPU outsole with mild heels for better support shoe care Wipe surface with soft, clean cloth to remove dust Do not machine wash or use a drier Do not store in direct sunlight",Catwalk Women Casual Silver Flats,Heels
38128.jpg,"Black wallet with branding in the front, has a flap with Velcro closures Three slots with an inner zipped pocket, a zipped pocket at the backside of the flap Six card slots beneath the flap Warranty: 1 year Please note that the thread colour in the brand logo may vary from the image shown Warranty provided by the brand owner / manufacturer",Wildcraft Women Black Wallet,Wallets
24510.jpg,"Composition Green printed V-neck kurta made of blended cotton fabric, has three quarter sleeves, mirror and thread work on the shoulder and a vented hem  Fit Regular  Wash care Hand wash separately in cold water using a mild detergent as colour may bleed Flat dry inside out in shade Warm iron  The inspiration for this kurta from mother earth is the retro-esque fusion of ethnic apparel and smart workwear. This piece epitomizes how fashion, vintage styling and comfort unite to create the perfect Indian tunic. Mother Earth uses hand processed fabrics including natural and Azo free dyes. Woven with slub yarns for an authentic vintage feel. Those interested in colourblocking can wear this with bright contrasting capris or pants. Others, who want to keep their look classic and chic, can pair this with jeggings and embellished slippers.  Model statistics The product is a size S on a model of height 5'8"" and chest 33""",Mother Earth Women Green Printed Kurta,Kurtas
31311.jpg,"Style Note  Every woman needs a choice of kurtas in her wardrobe. The USP of w is a simple, elegant silhouette, coupled with modern design details. In this kurta we see the traditional garment in a new avatar with W's innovative styling. For the conservative at heart, this piece can be worn with leggings and delicate sandals. For a boho chick meets rebel style, colour block this with bright capris.   Product Details   Green and white printed kurta made of 100% cotton, has a deep U-neckline, is sleeveless, has a chest buttoned placket and a curved hem   Material and Care  100% cotton  Wash care  Wash dark colours separately  Do not bleach  Dry inside out in shade  Warm iron  do not iron on decorations   Size and Fit  Regular fit  The model (height 5'8"" and chest 32"") is wearing a size M",W Women Green Kurta,Kurtas
42076.jpg,"Brown, three fold wallet with embossed branding Has one main compartment First fold opens to four card slots and one vertical slip pocket Final fold opens to three vertical mesh slots Warranty: 4 weeks against manufacturing defects Warranty provided by the brand owner / manufacturer",American Tourister Men Brown Trifold Wallet,Wallets
57649.jpg,Lotus Herbals Colour Dew Deep Sea Nail Polish 86 Toulene and DBP free nail colour Comes in a cylindrical bottle with a flat & sturdy brush applicator,Lotus Herbals Colour Dew Deep Sea Nail Polish 86,Nail Polish
43216.jpg,-,Fastrack Women Black Dial Watch,Watches
50755.jpg,Style Note  Now give your casual wear a twist of style with this pair of sandals from red chief. Wear them with your off-duty ensembles.   Product Details  Black sandal with thick connecting forefoot and midfoot straps  Smooth and padded footbed  Outsole adhered to the upper for durability  TRP outsole with patterned grooves and an arched midfoot   Material and Care  Leather  Wipe with a clean dry cloth to remove dust  Use a leather conditioner and a brush for added shine,Red Chief Men Black Sandals,Sandals
59909.jpg,"Blue full length dress, has a V - neckline, halter neck straps with a connecting strap at the back, elasticated smocking in front and back till below the bust and a slit on the front",Femella Women Blue Dress,Dresses
56885.jpg,"Black and red, heeled slip-ons with thong style straps Faux crocodile skin strap at forefoot Smooth footbed with heel patch Non-slip TPU outsole with grooves at forefoot Heel cap",HM Women Red Heels,Heels
40691.jpg,"Style Note The simple design of these numero uno shoes have an understated elegance. The comfortable design takes you through the day in style. Team these up with jeans and long sleeved grey or black tees for a simple, striking look.   Product Details  Square toe, black shoe with slip on styling Leather upper with reinforced overlay at the heel collar Decorative stitching on the toe box Mildly padded collar and tongue, tongue with elasticated gussets on the sides, padded footbed TPU  outsole with a stacked heel and pattern grooves at the forefoot region   Material and Care Leather Use branded leather conditioner and polish or wax on leather parts Do not store in direct sunlight",Numero Uno Men Black Shoes,Formal Shoes
11940.jpg,"Designed for those who never compromise on comfort and style, these leather slippers from ganuchi are a perfect addition to your wardrobe. Upper Soft, wide leather straps with a toe separator to hold the foot in place Soft leather footbed with brand name embossed on the heel for all-day comfort Outsole Textured durable rubber outsole for absolute grip on smooth surfaces shoe care Use a branded leather conditioner Do not wash or store in direct sunlight",Ganuchi Men Casual Black Sandals,Sandals
45863.jpg,"Style Note Every girl needs a choice of kurtas in her off-duty wardrobe. vishudh considers the street fads that are trending currently and adds it to their latest collection of kurtas. This stylish piece remains ethnic in its cut and silhouette but references contemporary design details to create unique fusion wear. For the conservative at heart, this piece can be worn with leggings and delicate sandals.  Product Details Multi coloured printed kurta with a mandarin collar and a split neckline, has short sleeves and ethnic print above the vented hem  Material and Care Blended cotton Machine wash in cold water with like colours using a mild detergent Do not bleach Dry inside out in shade Warm iron do not iron on decorations  Size and Fit Regular fit The model (height 5'8"" and chest 33"") is wearing a size M",Vishudh Women Multi Coloured Kurta,Kurtas
4386.jpg,"Composition Grey round neck t-shirt in 100% cotton, with graphic on chest Fitting Slim Wash care   Light machine wash  Do not scrub  Do not bleach ",Wrangler Cowboy Photo T-shirt,Tshirts
16892.jpg,"High on style, this pair of sunglasses from police comes in a styled frame. An eclectic mixture of fashion and substance, its shape provides that perfect Fit over the root of your nose. The glasses come with a sturdy case and a puck which doubles as a storage and wiping cloth for the accessory.  Tinted lens for use in normal daylight conditions Metallic frame in an aerodynamic design Square lens for absolute style and protection from elements Flexible nose holder in durable, soft rubber to hold the glasses in place, ensuring there is no friction with the skin   Care  Remove dust and grime by gently wiping the lens with a soft cloth Remove oil or tough stains using a non-abrasive common detergent with lukewarm water Wear and remove the glasses using both hands Always store the glasses in the case provided Do not place glasses on uneven surface or heated areas like the dashboard of a car ",Police Unisex Casual Black Sunglasses,Sunglasses
37568.jpg,"Style Note Without compromising on comfort, make sure your little one looks cute and fresh in this tee from madagascar 3. Clothes in soothing pastel shades and soft fabric ensure that kids stay comfortable throughout the day.  Product Description Pink T-shirt with short sleeves, has a round neckline, graphic print in front and press buttons over the left shoulder  Material and Care 100% cotton Wash with like colours Dry immediately after wash Iron on reverse",Madagascar3 Infant Girls Pink  T-Shirt,Tshirts
20149.jpg,"Composition Green and white striped shirt made of 100% cotton, has a spread collar, a full front buttoned placket, long sleeves with buttoned cuffs and mid arm buttoned tab, yoked back with top-stitching, pocket on left chest, embroidered branding on right chest and a curved hem Fit Regular Wash care Machine wash using a mild detergent Wash dark colours separately Wash and dry inside out Do not bleach, do not wring Flat dry in shade or tumble dry Warm iron wrangler has been clothing the world since 1947 and they're showing no sign of slowing down – this stylish shirt will give you a relaxed, easy-going air. The mid arm tabs on the sleeves mean you can roll them up when the weather gets warmer, while the cotton fabric keeps you fresh and comfortable all day. Team this with jeans and leather shoes for that perfect semi-formal look. Model statistics The product is a size M on a model of height 6' and shoulders 18""",Wrangler Men Stampede Green Shirt,Shirts
34075.jpg,"clarks have combined quality, classic elegance and iconic ideas to create a sophisticated version of the moccasin shoe, perfect for the woman who wants to express her femininity while projecting a fashionable image to the world.    You can rely on Clarks to provide a shoe which will take care of your feet, giving comfort, good quality and a great British eye for style. Work the look with a formal shirt from arrow and tailored pants, or for laid-back city chic, wear this with tonal shorts , a slim leather belt and a semi-formal shirt. Upper Leather upper with slip-on styl Soft lining and padded sockliner for instep comfort Ruffled stitch detail at the seams of the toe box Tassel embellishment above the mouth Reinforced overlay the heel collar for ankle support Outsole Non-slip TPU outsole with grooves on the forefoot and rearfoot and a short stacked heel Shoe care Wipe surface with a damp, clean cloth to remove dust and dirt Do not wash or store in direct sunlight",Clarks Women Henderson Toy Bone Leather White Flats,Heels
30085.jpg,"Tattoo artist ed hardy has taken the world by storm with his funky, urban brand - from rock stars to Hollywood legends, those who have a quirky taste in fashion love the tattoo inspired designs. Wear this watch to prove you're a style maverick not a trend follower.   Case  diameter : 40 mm  Case  thickness : 9 mm  Dial  shape : Round  Warranty : 2 years  Blue plastic round case with crystal embellishments on the bezel Blue plastic strap with a butterfly clasp Blue dial with copper hands ed hardy branding on the dial Date aperture on the dial Screw to reset time Solid case back made of stainless steel for enhanced durability Water resistance up to 30 meters, allowing you to use it even when showering",Ed Hardy Women Blue Watch,Watches
25918.jpg,"Style Note Strikingly chic, this top from femella is a casual wardrobe essential. Giving you a well defined silhouette, this top can be paired with jeans and sandal for a smart and chic look. Product Details Blue T-shirt , has a round neck, short sleeves and brand logo appliqued above the hemline Material and Care Blended fabric Wash with like colours Do not bleach or wring Dry inside out Use warm iron Size and Fit Regular fit The model (height 5'8"", chest 33"") is wearing a size M",Femella Women Blue T-shirt,Tshirts
37288.jpg,"Case style: Analogue watch with a stainless steel circular case Dial style: Pink dial with steel-toned and markings Features: Screw to reset time, three face chronograph display Strap style: Steel-toned bracelet style strap with a butterfly closure Water resistant up to 50 m Comes in a signature CASIO case Warranty: 2 years against manufacturing defects Warranty provided by Brand Owner / Manufacturer",CASIO Enticer Women Silver-Toned Analogue Watch A379,Watches
27453.jpg,"Style Note jockey bras offer the best comfort and support for any occasion. This is one brand you can rely on to give you the comfort you need without letting you down in the style stakes. From Sports bras to glamourous evening-wear options, jockey bras make sure you get the look and support you need, whatever your shape or requirements. Product Details Semi coverage moulded bra with soft seamless cups Soft tip underwire and double layered cups for a complete and excellent lift Soft, adjustable straps that rest comfortably on your shoulders leaving no marks on your skin Material and Care Cotton/elastane Machine wash delicate at 40 degrees with like colours Do not bleach, iron or dry clean Flat dry in shade  Owing to the intimate nature of this product it is eligible for self-ship return only (no pick-up facility)",Jockey Pink Full-Coverage Bra 1616,Bra
32849.jpg,"grendha's high quality sandals capture the sultry summer's essence, the fuss-free design and flirty adornments give a street-chic vibe. Showcase these flats with cropped pants and a pastel hued fitted shirt. Upper Synthetic braided forefoot straps with a crystal embellishment on the centre Synthetic ankle strap Smooth footbed with printed branding Metallic tones with floral print on the footbed and straps Outsole Short, stacked heel All-over floral grooves Sandal care Wipe with a clean dry cloth to remove dust",Grendha Women Roamance Brown Flats,Heels
17741.jpg,"These BodyTrain sports shoes from puma are designed to maximise your exercise results. Soft padding inside gives your foot a comfortable ride, but it's the curved sole which is the star player. Engineered to tone your legs while you walk, these shoes activate leg muscles you didn't know you had!   Upper  Heavily meshed upper with synthetic overlays for maximum breathability Lace-ups for a snug Fit Padded collar and tongue for greater comfort Ever Foam textile lining for extra padded comfort Brand name and cat logo on the tongue Padded footbed, which is removable to accommodate an orthotic   Midsole  Eco Ortholite midsole gives breathability, moisture control, anti-microbial properties, and long term cushioning, plus being made of a new environmentally friendly material   Outsole  TPR outsole that is ergonomically curved and has waffle pattern lugs for absolute grip and traction EverRide technology in the forefoot and EverTrack technology in the backfoot for best results   Wash care  Wipe surface with soft, clean cloth to remove dust Do not store in direct sunlight",Puma Women Body Train White Sports Shoe,Sports Shoes
10297.jpg,A pair of black loafers Leather upper with el asticated gussets on either side of the mouth Complete sheepskin inner lining EVA midsole Soft leather footbed with soft tread technology in the heel Textured rubber outsole Warranty: 3 months against manufacturing defects Warranty provided by the brand owner / manufacturer,Clarks Men Black Leather Loafers,Casual Shoes
42535.jpg,"Style Note This piece from mother earth references the brand's environmentally sound principles into it's overall aesthetic. Capturing India's rich textile traditions in designs and styles that reflect the sentiment of the global citizen - this is the brand's USP. This kurta is crafted from a soft fabric that's passed through the hands of rural weavers and craftsmen, who've used time tested traditions passed on from generation to generation to craft this unique piece. Pair this with other cotton pieces to create the right impact. Product Details Beige printed kurta, has a V-neckline with flaring pintucks, short sleeves, pockets on the sides and no side slits Material and Care 100% cotton Hand wash separately in cold water using a mild detergent as colour may bleed Flat dry inside out in shade Warm iron Do not soak in water Size and Fit Regular fit The model (height 5'8"" and chest 33"") is wearing a size M",Mother Earth Women Beige Kurta,Kurtas
56217.jpg,A slender silver chain with an oyster shaped pendant that has white stone embellishments Chain has a lobster clasp Oyster shaped earrings matching the pendant with white stone embellishments Earring has a post and back closure Warranty: 1 year,Estelle Women Silver Earring & Pendant Set,Jewellery Set
31234.jpg,"Style Note  German brand puma specialises in minimalism and simplicity. This T-shirt from Puma is the kind you can't have enough of. This piece's crush-worthy colour and stylish cut is an off-duty must have. Pair this piece with fitted denims and bright canvas shoes.   Product Details  White, blue and green striped polo neck t-shirt with a spread collar, chest button placket, short sleeves, embroidered branding on the left chest, brand tab on the left hem and a vented hem   Material and Care  100% cotton  Machine wash cool water  Do not bleach; dry clean  Tumble dry at low temperature  Warm iron   Size and Fit  Regular fit  The model (height 6' and shoulders 18”) is wearing a size M",Puma Men Blue Striped Polo T-shirt,Tshirts
8790.jpg,"Composition White shirt with black stripes, made of polycot, has a tipped collar, front buttoned placket, full length sleeves with buttoned cuffs, pocket on left chest and a curved hemline Fitting Regular Wash care Wash dark colours separately Hand wash or machine wash cold using mild detergent Do not wring or bleach Flat dry in shade Do not iron on print Stripes that add immense style to your casual look is what indigo nation brings into your life. Be the cynosure of all eyes in this stylish shirt, while the fabric keeps you fresh and comfortable all day. Pair it with formal pants, denims or corduroys and black footwear for stylish formal and casual looks. Model statistics The model wears size 40 in shirts Height: 6; Shoulders: 18",Indigo Nation Men Price catch Black White Shirts,Shirts
47551.jpg,"White sandal with silver forefoot straps, criss- cross midfoot strap that form into an ankle strap Smooth footbed with branding on the heel Textured TPU outsole with an upraised heel",Portia Women White Heels,Heels
34498.jpg,"Composition Blue shirt with red stripes, made of 100% cotton, has a spread collar, buttoned tabs on the shoulder, one welt pocket on the left chest, long sleeves with buttoned cuffs and a curved hem   Fit Regular   Wash care Machine wash warm Wash dark colours separately Delicate cycle Do not bleach Tumble dry low Warm iron if needed  Crafted from fashion's favourite fabric, wear this to office with a pencil skirt or formal trousers. Style this with moccasins, the best option for day-to-night appeal and comfort.   Model statistics The product is a size M on a model of height 5'8"" and chest 33""",Van Heusen Woman Striped Blue Top,Tops
31098.jpg,"Composition Red, white, blue and green check shirt made of 100% cotton, has a spread collar, short sleeves, buttoned flaps on the shoulders, buttoned placket on the front, two patch pockets on the front with buttoned flaps, brand name embroidered above the left pocket and curved hemline  Fit Regular  Wash care Machine wash in cold water with like colours and mild detergent Wash/dry inside out Do not tumble dry Use warm iron  Do not iron on decoration Remove all detachable accessories before washing  Get your little one ready for a trip out in this shirt from palm tree. The patch pockets on the front and the brand detailing adds to the cool vibe, while the cotton fabric keeps him feeling fresh and comfortable all day. Team this with shorts and comfy footwear for a happy, casual outing with his pals.",Gini and Jony Boys Check Red Shirt,Shirts
7549.jpg,"Composition Black track pants made of 100% polyester, with a 100% nylon inner lining, elasticated waist, side pockets with an embroidered nike swoosh below the left pocket, one pocket on the back with a velcro enclosure and zippered at the leg hem and with drawstrings Fitting Comfort Wash care   Machine wash cold at 30 degrees  Wash with like colours  Do not bleach  Tumble dry low  Cool iron  Do not dry clean   Stylish to the T, these black polyester track pants from nike are designed to keep you fresh and comfortable while you sweat it out at the gym or on the trail. The smart side pockets are spacious enough to hold your wallet, iPod and other essentials. The broad waistband sits snugly, while the zippers at the leg hem allows for a more flexible movement coupled with the drawstrings that allow you to customise the Fit. Team it with a Nike Athletic Department t-shirt and a pair of nike sports shoes for that ultimate in comfort.",Nike Men Essenti Black Track Pant,Track Pants
27150.jpg,"Composition Brown and white striped shirt, made of 100% cotton, has a spread collar, long sleeves with buttoned cuffs, a patch pocket on the left chest and a curved hem   Fit  Slim   Wash care  Delicate machine wash at 30 degrees using mild detergent Do not dry clean, tumble dry, wring, scrub, bleach or iron directly on print/embroidery Drip dry Warm iron  This formal shirt from mark taylor is crafted for the urban office-goer with its fashionable design and flattering slim fit. Style it with formal trousers, a leather belt and leather shoes for a smart day-to-night combination.  Model statistics  The model wears a size 40 in shirts with height 6' and shoulders 18""",Mark Taylor Men Striped Brown Shirt,Shirts
20956.jpg,"This whimsical flip flops from adidas, aptly names Vines is for the footloose at heart. With contrast printing on the footbed, this footwear is sure to brighten up your day! Wear this with denims and off-duty tops.   Upper PU footbed with printed design and branding Rubber thong style foot straps and fabric toe separator Stripes along the straps for style   Outsole Textured TPR outsole for grip and traction   Flip Flops  care  Wipe off dirt with a moist cloth Do not store in direct sunlight",ADIDAS Unisex Vines Red Flip Flops,Flip Flops
34310.jpg,"fabindia's natural, craft-based pieces reference ethnic garments and fabric.   This stylish stole perfectly captures the traditional mood of the moment with its colour patterning. Twist it into a stylish knot or wrap it around your shoulders and feel the luxe fabric caressing your skin. Approximate Length : 200 cm Woven stole made of blended silk and wool fabric Magenta, purple and black colour pattern Tassels at the edges Wash care Dry clean only",Fabindia Women Black Silk & Wool Stole,Stoles
13493.jpg,"Red and black top loading rucksack with shoulder and torso adjustment straps Has compression straps with sternum straps, a waist belt, rain cover, two ice axe loops and is compatible with sleeping bags Zippered rain cover pocket at the base with rain cover, shoulder weight and width adjusters provided on the shoulder pads. Torso height Adjuster, has a snow skirt, reinforced haul loop, sleeping bag carrier on hood Walking stick and Ice Axe loops, compression straps at the top and bottom to manage loads better Concealed zippered pocket on hood, carry mat straps at the base, internal Flat pocket. Detachable hood, zippered front pocket, attached waist straps Generously padded back, shoulder pads and waist belt Webbing on waist belt for carabiners and accessories Collapsible and zippered compartment for shoes and soiled clothes. More storage capacity when unzipped. Side Balloon pockets, reinforced haul loop. Warranty: 5 years  Warranty provided by the brand owner / manufacturer",Wildcraft Unisex Gangotri Black & Red Rucksack,Rucksacks
25528.jpg,"Blue and red check shirt has a spread collar, half buttoned placket, three quarter sleeves, flaring pintucks at the end of the yoke and back neck and a curved hem",Wrangler Women Salena Navy Blue Check Shirt,Shirts
55946.jpg,Chip-resistant and prevents yellowing of nails Fast drying and long wearing Simple one stroke application,Colorbar Brandy Nail Lacquer 11,Nail Polish
39183.jpg,"Multi-coloured printed kurta, has three quarter sleeves, round neckline with embroidery and crystal embellishments on the front and a vented hem",Aneri Women Multi Coloured Kurta,Kurtas
3631.jpg,"Comfort at its best, the puma Webster flip flops are stylish to look at and feel great on the feet. With a grooved footbed offering all-day massaged comfort, there's no better way to pamper your feet in style. Upper  Synthetic leather straps with a toe separator for durability and to hold the foot in place  Midsole  PU footbed for lightweight comfort and durabilityStrategically grooved to offer a massaged comfortSlightly curved towards the forefoot for ergonomic comfort and protection to the forefoot  Outsole  TPR outsole for durabilityTriangular and rectangular lugs for maximum traction and grip on various terrain  shoe care Wipe surface with a damp, clean cloth to remove dust Do not machine wash Do not store in direct sunlight",Puma Men's Webster Brown Flip Flop,Flip Flops
36102.jpg,Black twofold leather wallet Two main compartments The left fold hasnbsp;four card holders The right fold has a coin pocketnbsp;with a press buttoned closure Warranty: 6 months against manufacturing defects Warranty provided by the brand owner / manufacturer,OTLS Men Laurel Black Wallet,Wallets
3339.jpg,"Composition White round neck t-shirt in 100% cotton with chest print Wash care 1. Light machine wash 2. Do not bleach 3. Warm iron on reverse 4. Do not dry clean 5. Dry flat/reverse 6. Do not scrub Fitting Comfort Fit Bring out the Hero in you in this white tee from myntra.  Let people know you are the guy they need to approach when in a crisis. Sport this  white myntra t-shirt with the superman logo peeking out. Team this with jeans or cargoes for casual occasions. Model's Statistics: 1. The model wears size M in t-shirts 2. Height-6', Shoulders-18""",Myntra Hero Within White T-shirt,Tshirts
36463.jpg,"Style Note Created for today's generation, this spinn Track Runner shoe embodies the brand's motto - combining technology and high-octane fashion. We think these are just right, both for Sports and for braving the urban jungle, thanks to their nonchalantly sturdy aesthetic. An all-weather staple, the style perfectly suits the cosmopolitan vibe you love!   Product Details Synthetic upper with mesh inlays and central lace-ups  has heavy mesh padding on the inner Foamy rubber midsole upraised at the heel TPU outsole with a decoupled heel and an arched midfoot  has deep flex grooves and patterned grooves all over   Material and Care Synthetic Do not machine wash or store in direct sunlight Remove dust with a dry clean cloth",Spinn Men Track Runner White Sports Shoes,Sports Shoes
22728.jpg,"Designed with a low profile silhouette for the tennis player, the nike Court Majestic for women lives up to its name and offers a sleek upper with ample comfort. With cushioned comfort and a grippy outsole, this shoe also doubles up as a perfect casual sneaker. Upper Synthetic leather upper with nike swoosh overlays on either side of the midfoot for style Lacing system for a snug, customised Fit Cushioned tongue and collar for snug comfort Padded footbed for enhanced cushioning and impact protection Midsole Phylon midsole for absolute shock absorption and lightweight comfort Outsole TPR outsole with herringbone grooves for optimal traction Shoe care Wipe surface with damp, clean cloth to remove dust Do not machine wash or store in direct sunlight",Nike Women White Court Majestic Sports Shoes,Sports Shoes
14965.jpg,"Crafted from pure leather with a grosgrain fabric lining along the small pockets, this three-fold wallet from Newhide is a great addition to your everyday wardrobe. The soft natural leather removes bulk, making this a slim, sleek wallet for occasions when only the best will do.  Leather for flexibility and suppleness Two main compartments with fabric inner lining Multiple partitions on the two front halves to stash away cards and coins   Care  Wipe surface with a dry, clean cloth to remove dust",Newhide Smooth Finish Wallet,Wallets
50898.jpg,Beige and maroon printed sari with a maroon border,Prafful Beige & Maroon Printed Sari,Sarees
11722.jpg,"Composition Red and black checked shirt, made of 100% cotton, has a contrast colour fabric neck white shirt stitched inside, red stitch detailing along the shoulder blade, short sleeves with attached panels that has piping on the edges, two chest pockets with embroidery on the right one, a full length buttoned placket and a curved hemline   Fitting  Slim   Wash care  Machine wash in cold water inside out Wash dark colours separately Use mild detergent Do not bleach or wring Tumble dry or flat dry inside out in shade Warm iron Do not iron on print/embellishments  Get casual, get comfortable in style with this checked shirt from lee. The half sleeves allow you double the shirt as a jacket over a full sleeves t-shirt and a regular shirt as just a style statement on its own. Team this with jeans and sports shoes for that cool, casual look.   Model statistics  The model wears size M in shirts Height: 5'7""; Chest: 33""; Waist: 25""",Lee Men Check Red Shirts,Shirts
51655.jpg,"Case style: Analogue watch, has a circular case with a fixed bezel, has a stainless steel back Dial style: Black dial, has hands and markings Features: A screw to reset the time, 3-faced chronograph display,nbsp;two push-buttons, a date aperture Strap style: Silver-toned bracelet-style steel strap, secured with a fold-over clasp Water-resistant up to 100 m Comes in a signature Fossil case Warranty: 1 year warranty against manufacturing defects Warranty provided by Brand Owner / Manufacturer",Fossil Men Black Dial Chronograph Watch CH2800,Watches
53702.jpg,"Brown handbag that has a faux croc print and an adjustable buckle  detail over the mouth of the bag that has a magnetic buttoned closure One main zipped compartment with an inner zipped pocket and organiser sleeves Two insert pocket on the sides with stitch detailing Two short handles woven through metallic loops and one long, removable and adjustable handle for carrying ease",Kiara Women Brown Handbags,Handbags
58167.jpg,"Cream coloured clutch with RS stitched branding in front Golden coloured brand badge at the magnetic closure on top, brand badge has pink crystal embellishments One main compartment with a zipped pocket inside Comes with a bag",Rocky S Cream Amazon Clutch,Clutches
57997.jpg,"Blue knit, sleeveless dress, has elasticated ruching below the arm holes and shaped neckline and beaded detail around the neckline",Latin Quarters Women Blue Dress,Dresses
36911.jpg,"Style Note Carry your essentials conveniently in these wallets from fossil. Crafted from genuine leather,  these wallets can be paired with any outfit and can become a fashion accessory! So, enhance your style with this fashionable, yet spacious wallet from Fossil. Product Details Brown leather wallet with three-folds Has one main compartment Has eight card slots, two insert pockets and two id card holders Has an insert pocket on the front Branding embossed on the front Material and Care Leather Wipe surface with a damp cloth to remove dust Size Dimensions: 11.5 cm x 9 cm",Fossil Men Brown Transit Wallet,Wallets
28969.jpg,"Red embroidered kurta churidar set with dupatta Red kurta , has a round neck, embroidery and sequin work on the front yoke, three quarter sleeves, embroidery above the hem and has a vented hem Red churidar, has a drawstring waist and tapered legs White and red dupatta",Biba Women Red Embroidered Churidar Kurta with Dupatta,Kurta Sets
58521.jpg,"Black balaclava cap with embroidered detail, elasticated band above the hem at the back, anti-pilling and water repellent Warranty: 5 years against defects in materials and workmanship Disclaimer: Please note that the thread colour in the brand logo may vary from the image shown",Wildcraft Men Black Balaclava Cap,Caps
33192.jpg,"Composition Pink printed top made of knitted polyester blend fabric and has flutter sleeves Fit Regular Wash care Rinse seperately Gentle hand wash in mild detergent Do not bleach Do not scrub on embroidery and print Line dry inside out Iron low It’s time to explore and discover new styles and get ready for freshness and summer outdoors with sepia. Stylish, girly and summery, this top is a must-have in your new season wardrobe. Pair this with form fitting jeggings and ballet flats for a sweet, girly vibe. Model statistics The product is a size M on a model of height 5'8"" and chest 33""",Sepia Women Printed Red Top,Tops
8292.jpg,"Composition Royal blue melange round neck t-shirt made of 100% cotton, with short sleeves, ribbed neckline that has tape detailing on the inseam and slightly distressed look graphic with flock detailing on the chest Fitting Regular Wash care   Machine wash with warm water of 40 degrees  Wash inside out with like colours  Do not bleach  Dry in shade  Do not iron on print   If you think that a bit of silliness is a good thing, then this round neck t-shirt from mr. men is perfect for you. While the cotton fabric keeps you fresh and dry all day, the slighty distressed look Mr. Silly graphic with flock print detailing will remind everyone to be a little less serious every now and then. A great casual wear, this T-shirt looks best with jeans and casual lifestyle footwear. Model statistics The model wears size M in t-shirts Height-6.1', Shoulders""",Mr.Men Men's Royal Blue T-shirt,Tshirts
23122.jpg,"Let your feet talk comfort with this pair of flip flops from converse. Crafted from durable and comfortable material, this pair of flip flops speaks volumes of your happy attitude towards life.  Upper Soft rubber straps in a thong style with a toe separator Textured PU footbed for cushioned comfort and ease of wear Print on the forefoot and brand logo printed on the heel for style  Outsole Terraced lugs on the PU outsole for absolute grip  Slipper care Wipe surface with a clean, damp cloth to remove dust Do not store in direct sunlight",Converse Unisex Basic Green Flip Flops,Flip Flops
30118.jpg,"Composition Navy blue round neck T-shirt made of 100% cotton, has short sleeves and distressed graphic print on the chest Fit Regular Wash care Machine wash in cold water Do not tumble dry Dry in shade inside out Warm iron; do not iron on print and embroidery Up your style with this T-shirt from flying machine. Created with soft cotton, this T-shirt offers exemplary comfort all day, while the distressed graphic print on the front gives it an edge. Team it with jeans or cargoes and slip-on shoes. Model statistics Product is a size M on a model of height 6' and shoulders 18""",Flying Machine Men Printed Navy Blue T-shirt,Tshirts
49161.jpg,"Mousse-cream foundation for oily to combination skin Matches and evens your skin tone, has a matte finish Hypo allergic, non comedogenic (does not block pores)",Deborah Colour Copy Mat Effect 5 Foundation,Foundation and Primer
26737.jpg,"Style Note Straight from the Sports lifestyle reebok collection of deodorants comes this fabulous Reesport deodorant. This amazing fragrant sensation is for men and comes in a cylindrical bottle Caution Flammable Keep away from sources of ignition Keep away from children Do not use near fire, flame or heat Avoid spraying near the eyes Quantity : 150 ml",Reebok Men Reesport Deo,Deodorant
23837.jpg,"Take training to the next level with these Razor M shoes from adidas. The sleek, lightweight design and high performance features helps you train better for longer. Team these with jeans and t-shirts for a cool casual look. Upper Air mesh uppers with synthetic overlays for excellent ventillation adidas patented 3-Stripe design on the sides for enhanced support and to exude the brand’s belief in performance Lace-ups for snug and customised Fit Padded mesh tongue for breathable comfort Cushioned collar for greater comfort Brand name embossed on the tongue and behind the collar Midsole Phylon midsole and padded footbed for lightweight comfort Outsole TPU outsole with a scooped out cavity for superior cushioning during impact Flex grooves and multi directional lugs for better grip Impact guidance line for shock free impact Flex grooves provide greater flexibility to the feet Outsole reinforced onto the upper as a toe guard for enhanced protection shoe care Wipe surface with damp, clean cloth to remove dirt Do not store in direct sunlight",ADIDAS Men White Razor Sports Shoes,Sports Shoes
40652.jpg,Style Note,Span Women Mustard Kurta,Kurtas
24836.jpg,"Grey sports shoes with a mesh upper Synthetic overlays throughout Central pink lace up closure Soft padded tongue with a mesh upper and branding Reinforced overlay at the toe and heel collar Soft padded footbed Branding at both sides at midfoot region Tough textured outsoloe with aggressive lugs and grooves, scooped at the heel area Warranty: 3 months against manufacturing defects",New Balance Women Grey Sports Shoes,Sports Shoes
32440.jpg,"Style Note With this performance enabled T-shirt, you can conveniently ignore the heat and keep your focus right where it needs to be: on the finish line. With a superior performance fabric which keeps cool air flowing in and heat and sweat flowing out, you can stay dry and comfortable, performing at your peak in even the most heated competition. On a day off, pair it with denims and cool sneakers to look your casual best. Product Details Black polo T-shirt, has short sleeves, engineered with climacool technology, buttoned chest placket, adidas patented stripes in tape detail on the sides, mesh panels under the armholes, back and sides and branding on the left chest Material and Care 100% polyester Machine wash at 30 degrees with like colours using a mild detergent Do not soak, tumble dry, bleach or dry clean Dry in shade Cool iron; do not iron on decorations Size and Fit Regular fit The model (height 6' and shoulders 18"") is wearing a size M",ADIDAS Men Black Polo T-shirt,Tshirts
11434.jpg,"Composition Grey short sleeve top made of 100% viscose, has a round neckline, pleated detailing on the shoulders and a lace bow on the upper left near the collar Fit Regular Wash care Machine wash inside out in cold water with like colours using a mild detergent Do not tumble dry Use warm iron  do not iron on decorations Perfectly stylish and comfortable, this grey top from united colors of benetton makes for great casual wear. The sheer fabric and lace bow near the collar lends this a big dose of cool, while the fabric keeps you fresh and comfortable all day. Team this with slim fit jeans and black heels and ooze style. Model statistics The product is a size M on a model of height 5'7"" and chest 33""",United Colors of Benetton Women Light Winter Grey Tops,Tops
27455.jpg,"Style Note jockey bras offer the best comfort and support for any occasion. This is one brand you can rely on to give you the comfort you need without letting you down in the style stakes. From Sports bras to glamourous evening-wear options, jockey bras make sure you get the look and support you need, whatever your shape or requirements. Product Details Semi coverage moulded bra with soft seamless cups Soft tip underwire and double layered cups for a complete and excellent lift Soft, adjustable straps that rest comfortably on your shoulders leaving no marks on your skin Material and Care Cotton/elastane Machine wash delicate at 40 degrees with like colours Do not bleach, iron or dry clean Flat dry in shade  Owing to intimate nature of this product it is eligible for self-ship return only (no pick-up facility)",Jockey Nude-Coloured Full-Coverage Bra 1616,Bra
2928.jpg,"Composition 100% organic cotton white tee, 180 GSM jersey with bold graphic print  Fitting Comfort  Washcare   Light machine wash  Do not bleach  Do not dry clean  Dry flat/ reverse  Do not scrub 6. Warm iron on reverse   Flaunt the earth warrior in you in this white organic cotton t-shirt from dusg. The bold graffitti on the front in shades of green, black and yellow speaks volumes about the much-needed environmental balance. A great casual wear, this tee will look great with jeans or khakhis. Model statistics The model wears size M in t-shirts Height-6.2', Shoulders-16""",DUSG Men's Earth Warrior Organic Natural T-shirt,Tshirts
59302.jpg,"Wine colour, poplin shirt with spread collar, full buttoned placket, branding on the left chest, double loop on the back of the neck, long sleeves with buttoned cuffs and curved hem",U.S. Polo Assn. Denim Co. Men Wine Shirt,Shirts
50952.jpg,"Style Note One of the world's largest denim-wear Brands lee definitely knows how to craft their denims. This Summer the brand presents a range of denim jeans that you will want to live in. Its blended fabric composition ensures a super-stretchy feel that is guaranteed to not stretch -out over time. tops, t-shirts, tunics ..... Whatever you pair it, a lot of complements will definitely come your way. Product Details Dark blue denim jeans, stone washed with slight whiskers and chevrons, two scoop pockets in front, pleated coin pocket on the right, yoke and two patch pockets at the back with arquette embroidery, brand patch over right pocket, waistband with loops, zippered fly with button, PU patch with branding on waistband at the back Material and Care Cotton blend Machine wash cold Warm iron Size and Fit Extra low rise, slim and super skinny fit The model( height 5'8""and waist 28"") is wearing a size 28",Lee Womens Blue Roxy Fit Jeans,Jeans
53449.jpg,"Blue foamy rubber straps in a thong style  with branding an the lateral side PU footbed for cushioned comfort Grey, black and white printed footbed for style  Foamy rubber outsole with patterned nubs for maximum traction ",ADIDAS Women White Flip Flops,Flip Flops
57229.jpg,"Brown and bronze handbag crafted from synthetic leather with two short handles woven through metallic loops A zipped pocket with a buttoned flap on the front One main zipped compartment with two slots with an inner zipped pocket in between, a zipped pocket and a mobile pouch on the sides",Murcia Women Brown Handbag,Handbags
48750.jpg,"Style Note Uniquely designed and crafted from silver, this stunning bangle from lucera will definitely add a sparkle to your life. Diamond encrusted and in an attractive shape this piece is great as a gift, for a loved one or simply to enjoy yourself. Its elegant and minimalistic design complements the various moods of the modern and fashion conscious woman of today. Product Details Silver bangle with diamond studded offset Round shaped, with screw clasp Materials and Care Silver with CZ diamonds Wipe with clean dry cloth to remove dust",Lucera Women Silver Bangle,Bangle
54794.jpg,"Style Note Look cool and casual in these jeans from peter england. The washed look gives you an individual style, while the cotton fabric keeps you fresh and comfortable all day. Team it with tees and canvas shoes. Product Details Dark blue jeans, has two insert pockets on the front with an insert pocket in the right side pocket, two patch pockets at the back, brand badge appliqued below the waistband at the back, comfortable waistband with loops and a button and zipper closure on the front Material and Care 100% cotton Wash separately using mild detergent Do not bleach Drip dry Warm iron Size and Fit Super slim The model (height 6' and waist 32"") is wearing a size 32",Peter England Men Blue Jeans,Jeans
58821.jpg,"Case style: Analogue watch with a stylised square casenbsp; Dial style: Brown dialnbsp; Features: A screw to reset time, a date aperture Strap style: Brown bracelet-style strap secured with a tang clasp Water-resistant up to 50 m Comes in a signature FCUK case Warranty: 2 years against manufacturing defects from the date of purchase Warranty provided by Brand Owner / Manufacturer",FCUK Men Brown Dial Watch FC1079STGN,Watches
40237.jpg,"Pack of 3 striped, above the ankle length socks Elasticated cuff and branding Micro geared for comfort One pair has black with grey stripes, second pair has black with purple stripes and the third has black with blue stripes",Provogue Men Pack of 3 Striped Socks,Socks
49768.jpg,"Style Note  Pared down to the basics, this kurta from alma is just right for a layered boho chic or a simple off-to-college vibe. Add a splash of colourful jewellery for an interesting dimension. The simple silhouette and the minimal design details will balance the brighter accessories.   Product Details  Maroon  kurta with a mandarin collar and a cross over neckline, has four hook and button closure on the yoke, three fourth sleeves with piping on the cuffs, ethnic print on the yoke, piping all the way from the neckline to the hem and a vented hem   Material and Care  Blended cotton  Machine wash  Wash dark colours separately  Dry in shade  Warm iron   Size and Fit  Regular fit  The model (height 5'8"" and chest 33"") is wearing a size M",Alma Women Maroon Kurta,Kurtas
24548.jpg,"Composition Green two-tone strappy top made of blended cotton fabric, has embroidery on the shoulder straps and midriff, pin tucks on the chest and a tie-up belt at the waist  Fit Regular  Wash care Hand wash separately in cold water using a mild detergent as colour may bleed Flat dry inside out in shade Warm iron  The inspiration for this top from mother earth is the retro-esque fusion of the ethnic with smart workwear. This piece epitomizes how fashion, vintage styling and comfort unite to create the perfect Indian tunic. Mother Earth uses hand processed fabrics including natural and Azo free dyes. Woven with slub yarns for an authentic vintage feel. Those interested in colour blocking can wear this with bright contrasting capris or pants. Others, who want to keep their look classic and chic, can pair this with denims and embellished slippers.  Model statistics The product is a size S on a model of height 5'8"" and chest 33""",Mother Earth Women Green Top,Tops
34262.jpg,Green chanderi printed dupatta with khari tree and Stitched hems,Fabindia Women Green Chanderi Dupatta,Dupatta
8309.jpg,"An all-time favourite accessory, belts form an integral part of dressing - be it to secure a bottom, or act as a styling detail to tops and trousers. This synthetic leather belt from fastrack is set to pump up your style and add zing to your attire. Length : Freesize   Made of synthetic leather for durability and style  Tang clasp to offer a snug Fit and to hold the belt in place  Holes to customise fit  Broad base to sit snug on the waist  One fixed loop, and one movable loop to hold the tongue in place  Brand name embossed on the loop   Care Use a brass polisher to maintain buckle shine Wipe surface with a clean, dry cloth to remove dust",Fastrack Men Non Leather Black Silver Color Brass Belt,Belts
32433.jpg,"White polo T-shirt, has short sleeves, concealed buttoned chest placket, appliqué     d brand name and logo, engineered with climacool technology and graphic print on the chest",ADIDAS Men White Polo T-shirt,Tshirts
13344.jpg,"Composition Black shorts made of 100% cotton, has two insert pockets and two cargo pockets on the front, two patch pockets on the back, and a zipper fly Fitting Regular Wash care Machine wash separately in cold water using a mild detergent Do not bleach or soak Line dry inside out in shade Warm iron only Do not iron directly on print/embroidery Get your little one up and about in a pair of shorts that play as hard as he does, from gini and jony. Team this with a tee and comfy footwear when you take him out the next time. The soft cotton fabric will keep him feeling fresh and comfortable all day long, while he makes the most of those fun days out with you.",Gini and Jony Kids Boys Solid Black Shorts,Shorts
25037.jpg,"Composition Purple leggings made of 95% cotton and 5% spandex, has an elasticated waist and embroidered branding on the left below the waist Fit Slim-fit Wash care Machine wash cold with like colours below 30 degrees using a mild detergent Do not bleach Line dry Warm iron; do not iron on decorations Stylish and in-vogue, the design team from nike have added a hint of retro chic to this contemporary essential. The luxe, stretchy fabric is designed to fit to your shape, making sure every day is perfect for leggings. Style this in so many ways - with a white shirt-dress and clunky heels, with a tunic and belt or with a long top and sneakers for your workouts. Model statistics The product is a size M on a model of waist 26” and hips 36”",Nike Women Long Purple Leggings,Leggings
11712.jpg,"Composition Light blue shirt made of 100% cotton, has long sleeves with buttoned cuffs, detachable collar inside the collar with panel detailing on the inseam, buttoned placket on the front, dark blue overlock detailing, brand name printed and embroidered on the left chest and a curved hemline with striped godet detailing on the side seam Fitting Slim Wash care Machine wash warm using a mild detergent Wash dark colours separately Do not bleach, wring or dry clean Tumble dry or flat dry in shade Mild iron Do not iron on print/embellishment/embroidery Get ready for a clean sophisticated look in this light blue shirt from lee. The embroidered branding on the left chest adds an element of interest, while the cotton fabric keeps you fresh and comfortable all day. Team this with jeans or chinos and lifestyle footwear from the wide collection available at myntra for casual occasions. Model statistics The model wears size M in shirts Height-6.3”, Shoulders-19""",Lee Men Solid Blue Shirts,Shirts
25388.jpg,"The final product delivered might vary in colour and prints from the display here. Pack of three briefs, in maroon, black and white, each brief has an elasticated waistband with branding on it, double layered at the crotch region and print patterns on the back  The final product delivered might vary in colour and prints from the display here.",Levis Men Pack of 3 Briefs,Briefs
59128.jpg,"Olive green quilted jacket with a mock collar, panel and stitch overlays, padded interlining, long sleeves with elasticated smocking at the cuffs, detachable zippered front, three pockets with a buttoned flap on the front, inner welt pocket on the left chest, yoke at the back with a mock button tab, branding inside, elasticated smocking at the hem for a snug Fit",Just Natural Men Olive Jacket,Jackets
47161.jpg,"Style Note A formal essential, the belt is a must-have accessory for the well-dressed male. peter england perfects this traditional accessory's foray into modern wardrobes by combining classic techniques and innovative designs. Wear this piece with formal trousers, formal shoes in a matching hue, and crisp full-sleeved shirts. Product Details Black belt with tang clasp for a snug Fit Holes to customise fit Fixed loop near the buckle to hold belt in place Material and Care Leather Wipe surface with a clean, dry cloth to remove dust Do not store in sunlight",Peter England Men Black Belt,Belts
51149.jpg,"Brown knitted socks with blue check patterning along the calf region and top of the foot Has ribbed, elasticated cuffs",Parx Men Brown Socks,Socks
58838.jpg,Steel coloured and black enamelled pair of cuff-links Hinged back to hold cuff in place,Hakashi Men Black Cufflinks,Cufflinks
5726.jpg,"The first of the ZigTech range of reebok shoes, the reebok ZigFuel is a huge favourite among those who love to run and feel the energy returning with every stride. Built with patented sole technology, the reebok ZigFuel maximizes energy return to the feet, offering a soft and springy ride: a complete energy drink for your feet that makes your key leg muscles so that you can do more. Fuel your every stride Replete with a DMX Sheer cushioning that minimizes shock on impact, and a PU sockliner that provides a smooth, cushioned and silky touch to the feet, the Reebok ZigFuel is one of the lightest cross trainers ever created. The upper is made of synthetic mesh and overlays for ample breathability and structural support. It is also employed with reflective properties to make tech shoe visible and safe even in low light conditions. Equipped with a padded tongue, collar and soft inner lining, the Reebok ZigFuel provides an absolutely snug and comfortable Fit. The outsole of the shoe is designed in the patented zig-zag pattern using DMX Shear foam. This is separated into a different panel altogether from heel to mid-foot and onto the forefoot to reduce impact on key muscle groups when running, providing a smooth heel to toe transition. Energetic from kick-off Light and energetic from the word Go, the Reebok ZigFuel reduces impact on the heel, which is especially beneficial for midfoot to heelstrike runners who land on their heels first. The Zig technology, coupled with the DMX Shear cushioning panels reduces impact and evenly distributes shock, returning maximum energy to the feet. This reduced heel stress and extra comfort allows you to run longer and stronger. In short, if you're looking for a shoe that adds fuel to your runs with that extra cushioned support and strainless experience for your shins, feet and glutes, the ZigFuel is what you need. Upper   Mesh uppers with synthetic overlays provide breath ability  Lace-ups for snug fit  Cushioned collar, tongue and foot bed for extra comfort  Soft, breathable fabric lining for comfort  Mesh tongue for greater breath ability  Play Dry lining on the insole for moisture management  PU sockliner for added cushioning and support  DMX Shear technology provides vertical and horizontal cushioning and reduces stress of heel impact   Midsole   Full-length Phylon midsole for lightweight cushioning   Outsole   ZigTech's unique zigzag sole designed to optimize energy return, helps to propel you forward with each step and reduces wear and tear on your shins by 20%  Forefoot flex grooves for flexibility and better running performance  Multi-surface outsole for optimal traction  TPU medial post for mid foot pronation control  Carbon-rubber heel strike offers durability and traction on any surface   Shoe care Rub surface with clean, damp cloth to remove dust Do not machine wash Do not store in direct sunlight",Reebok Men's Zigfuel Black Yellow Shoe,Sports Shoes
19838.jpg,"Composition Red checked shirt with hints of navy blue and white made of 100% cotton, has a medium spread collar with a press buttoned front placket, full sleeves with press buttoned cuffs, two patch pockets with press buttoned closures, branding above the left pocket and a curved hem   Fit  Slim   Wash care  Machine wash cold with like colours using a mild detergent Tumble dry low Warm iron; do not iron on decorations  This teal blue checked shirt from the US Polo Collection is crafted from soft cotton fabric and has a contemporary cut that offers a flattering silhouette, making for an easy addition to your wardrobe. Team it with crisp chinos and leather shoes or jeans and sneakers paired with classy accessories for that perfect look.   Model statistics  The product is a size M on a model of height 6' and shoulders 18""",U.S. Polo Assn. Men Check Red Shirt,Shirts
28950.jpg,"Composition Pink and rust coloured shaded kurti made of 100% cotton, has a square neckline with lace, yoke on the chest along with pin-tucks, lace, embroidery and sequins on the front and back, front buttoned placket with a vented hem on the front, three quarter sleeves with embroidery and sequins on the cuffs and a curved hem, Fit Regular Wash care Wash separately in cold water Do not bleach Dry in shade Medium to hot iron This kurti is made of soft cotton which will keep you cool in warm weather. The pretty lace, embroidery and sequins add to your femininity. Wear this over jeans or leggings depending on the occasion and dress it up or down with your choice of accessories. Model statistics The product is a size 36 on a model of height 5'8"" and chest 33""",BIBA OUTLET Women Pink Kurti,Kurtis
21618.jpg,"Crafted from soft cotton/lycra fabric, this high coverage brassiere from enamor is designed with a shaper panel for additional body contouring. The moulded style has double layered cups to prevent show through and ensures a smooth look with a cut that offers exemplary comfort making it perfect for the confident you. Ideal for daily wear.  Made of breathable stretch cotton/lycra fabric for enhanced comfort Shaper panel with double layered cups for perfect smoothness, shaping and style Beautifully cushioned straps with perfect stretch Printed label for abrasion-free comfort  Wash care Hand wash below 40 degrees Do not bleach or iron Drip dry in shade  Owing to the intimate nature of this product it is eligible for self-ship return only (no pick-up facility)",Enamor Women Smooth White Bra,Bra
14643.jpg,"Composition White shirt made of 100% cotton, has a spread collar with a front buttoned placket, full sleeves with buttoned cuffs, checked in yellow, white and black on the inner collar, back neck, along the inner placket, inside the mouth of the patch pocket on the left chest and along the cuff placket, and has a curved hem Fitting Regular Wash care Machine wash separately in cold water using a mild detergent Do not soak or bleach Line dry inside out in shade Warm iron; do not iron on print/embroidery An ever-green addition to your wardrobe, this white shirt from probase comes with a twist of checked patches that makes it a perfect urban weekend wear when teamed with jeans, sneakers and a jacket or sweater this winter. Model statistics The model wears size M in shirts Height: 5'11""; Shoulders: 17.5""",Probase Men Classic White White Shirts,Shirts
57049.jpg,"Black woven shift dress, round neck with pleated peter-pan collar, sleeveless, band at waist with tie ups at the back, pleats below waist, concealed zipper on the left side, attached lining",Elle Women Black A-Line Dress,Dresses
29275.jpg,"Composition White and red check top made of 100% cotton, has a round neck, key hole detail at the back, ruffle detail along the front, short puff sleeves and an elasticated hem  Fit Regular  Wash care Delicate machine wash at 30 degrees using mild detergent Do not dry clean, tumble dry, wring, scrub or bleach Dry flat in shade Warm iron Do not iron directly on print/embroidery  Perfectly stylish and comfortable, this top from wrangler makes for a great casual wear. The puff sleeves create a feel of casual comfort, while the fabric keeps you fresh and comfortable all day. Team this with slim fit jeans and sandals.  Model statistics The product is a size M on a model of height 5'8"" and chest 33""",Wrangler Women Star Red Top,Tops
8468.jpg,"Composition Black three-fourth sleeve short kurta made of 100% viscose, has a V-neck, sequins on the chest, buttoned flap on the elbow and a vented hem Fitting Regular Wash care Dry clean only Do not bleach Steam iron Take feminine dressing to the next level with this black short kurta from scullers. The seqins on the chest add bling and beauty to the soft  girly garment. Team this kurta with leggings and heels for the perfect look. Model statistics The model wears size M in tops Height-5.9"", Chest-33""",Scullers For Her Women Layered Black Tunics,Tunics
1806.jpg,Take that stroll down the park in fine style! These are versatile and ventilated sandals that are perfect for short and long walks. It offers good comfort and is a delight to wear. This durable pair of sandals come in an impressive brown colour.,Quechua Men Arpenaz Brown Sandal,Sandals
27996.jpg,"Style Note Revel in the comfort of soft fabric with these grey Zone briefs from jockey. The superior fabric provides breathable comfort, while the cut offers easy leg movement. The label allows abrasion free comfort and the double layered fly construction offers maximum support. Product Details Black tanga brief with double layer fly construction for maximum support and comfort Styled for optimum support and to provide free leg movement Red cushioned waistband for smooth comfortable grip with branding Low rise Fit Material and Care 100% premium combed cotton Machine wash warm Do not bleach, iron or dry clean",Jockey ZONE Men Black Tanga Brief US18,Briefs
45209.jpg,"Case style: Analogue watch, has a square case and a stainless steel back Dial style: Black dial Features: A screw to reset the time Strap style: Steel-toned bracelet style strap secured with a foldover clasp Water-resistant Comes in a signature CASIO case Warranty: 2 years from the original date of purchase against manufacturing defects Warranty provided by Brand Owner / Manufacturer",CASIO ENTICER Women Black Dial Analogue Watch A664,Watches
9478.jpg,"Composition Black and white check shirt made of polyester-cotton blend fabric, has a tipped collar, front buttoned placket, full arm sleeves and pocket on left chest Wash care Pre-soak the garment before wash Preferably hand wash inside out with zippers and buttons fastened, using a mild detergents Wash dark colours separately Do not attempt to remove stains by spot washing Flat dry or drip dry on hanger and avoid wringing Preferably steam iron Checks that add immense style to your formal look is what john miller brings into your life. Be the cynosure of all eyes in this stylish shirt, while the fabric keeps you fresh and comfortable all day. The full arm sleeves add a touch of regality to your personality. Pair it with formal trousers and black leather footwear for that classic look.  Size and Fit Regular fit The model (height 6' and shoulder 18"") is wearing a size 40",John Miller Men Black & White Check Shirt,Shirts
56669.jpg,"Case style: Stainless steel rectangular case Dial style: Black dial with silver and white coloured hands  roman numerals Strap style: Steel strap with butterfly clasp Features: B randing on the 12 and 6 hour mark and a screw to reset time  date aperture at the 3 hour mark Waterproof to 3 ATM, wearable around sinks and in mild rains Warranty:    1 year",Maxima Men Black Dial Watch,Watches
25357.jpg,"Black and grey striped brief made of 100% combed cotton, has the signature logo on the contrast waistband, shaped-to-Fit double layered contoured pouch and printed label on the inner   Fit  Mid rise   Wash care  Machine wash warm Do not bleach Tumble dry low Do not dry clean Warm iron if needed  These briefs from Levi's are crafted using a superior cotton knit that provides breathability. The cut allows free leg movement, the double layered pouch gives enhanced durability while the printed label on the inside offers abrasion-free comfort.  The final product delivered might vary in colour and prints from the display here.",Levis Men Black & Grey Brief,Briefs
27646.jpg,"Composition Black T-shirt made of 100% cotton, has a round neck, short sleeves and applique and graphic print on the front  Fit Regular  Wash care Hand wash with like colours Use only non-chlorine bleach when needed Line dry Do not iron on print Do not dry clean che guevara brings a dash of style to your look with these t-shirts. Be the cynosure of all eyes in this stylish tee, while the fabric keeps you fresh and comfortable all day. Pair it with denims for that stylish look. Model statistics The product is a size M on a model of height 6' and shoulders 18""",Che Guevara Men Printed Black T-shirt,Tshirts
5125.jpg,"Vanilla white shirt with blue floral print, has a mandarin collar with an open V-neck running into a front full buttoned placket with fabric buttons, short sleeves with elasticated hems, pin tucked and thin laced chest panel, flaired panel at the bust with mild gathers at the mid back, drawcord at the hem and badge stitched at the left waist",Wrangler Women English Florals Vanilla White Shirt,Shirts
40626.jpg,Style Note,Span Women Pink Kurta,Kurtas
11268.jpg,"Composition Beige full length formal trousers made of 65% polyester and 35% viscose, has a flat front with two pockets on the sides, two  buttoned welt pockets on the back, and metal zipper and button closure   Fitting Regular   Wash care  Hand/machine wash  in cold water with mild detergent Wash dark colours separately Do not bleach or wring Drip dry in shade Warm iron  Classy trousers are the mark of a gentleman. These beige formal trousers from indigo nation will go a long way in making you the most sophisticated-looking man at any gathering. Made from the choicest of selected fabrics, they are perfectly fitted for office wear and any other formal occasion when you want to look your best effortlessly. Pair them with a crisp formal shirt and leather shoes to look spectacular.  Model statistics The model wears trousers of length 41.5"" Height-6.1"", waist-31""",Indigo Nation Men Cream Trouser Cream Trousers,Trousers
57153.jpg,"Peach knit, cropped T-shirt, has a round neckline, short extended sleeves and a graphic print with red beaded detail on the front",Elle Women Peach T-shirt,Tshirts
8354.jpg,"Composition Rust BLACK crew neck t-shirt made of 100% cotton, with short sleeves, black piping round the neck and chest print Fitting Regular Wash care Machine wash in cold water with like colours in a delicate cycle Do not bleach Tumble dry low or lay flat to dry Warm iron when needed Do not iron on print Flaunt your pride in your son imbibing all the great qualities you have with this doodle t-shirt. The cotton fabric will keep him fresh and comfortable all day, while you enjoy every moment of him behaving the way you do. Team it with cargoes and little sneakers for a great rock star look.",Doodle Boy's I am Handsome No1 Rust Kidswear,Tshirts
49517.jpg,"Case style: Analog watch with a circular stainless steel case Dial style: White dial Features: Date aperture, three-faced chronograph display, a screw to reset timenbsp; Strap style: Black strap secured with a tang clasp Water-resistant up to 100 m Comes in a signature Police case Warranty: 2 years Warranty provided by Brand Owner / Manufacturer",Police Men White Dial Chronograph Watch PL13092JS-04,Watches
9035.jpg,"When you have the desire to hang out in style, slip into the Amigo mid-ankle casual shoe from buckaroo, and you'll easily be the most stylish person at the gathering! With a smart silhouette and a clean, smooth upper, this pair of lightweight shoes is not just great-looking, but also super comfortable. Pair it with your best pair of jeans and a smart tee to look like a fashionista.   Upper  Nubuck leather upper for added durability and style Contrast stitch detailing for added attraction Lace-up system with synthetic laces for a snug, customized Fit Lightly padded collar and tongue for in-step comfort and a snug fit Brand badge on lateral side of foot   Midsole  EVA midsole with shock absorbers for lightweight comfort Well-cushioned footbed for all-day comfort Fabric lining for extra comfort   Outsole  Lightweight, slip-resistant rubber outsole for better shock absorption Lettering on the outsole in the form of lugs all over the outsole for improved traction  shoe care  Wipe leather surface with dry, clean cloth to remove dust Use a branded leather conditioner to maintain shine Do not store in direct sunlight",Buckaroo Men Amigo Green Casual Shoes,Casual Shoes
51394.jpg,"Red and white check shorts , has belt loops around the waist, buttoned closure at the waist with a buttoned fly, two insert pockets on the sides in front and two welt pockets at the back",Myntra Men Red Check Shorts,Shorts
34021.jpg,"Composition Orange round neck T-shirt made of 100% cotton, sleeveless, has graphic print on the front  Fit Regular  Wash care Machine wash separately in cold water using a mild detergent Do not bleach or soak Line dry inside out in shade Warm iron only Do not iron directly on print/embroidery  boys will love this T-shirt from palm tree. The print on the front adds to the cool vibe, while the cotton fabric keeps him feeling fresh and comfortable all day. Team this with shorts and comfy footwear for a stylish, casual look.",Gini and Jony Boys Printed Orange T-shirt,Tshirts
46863.jpg,"Style Note Your feet will surely thank you for giving them extra care, so be confident with unmatched comfort in this pair of socks from lino perros. Crafted to perfection, these skin-friendly socks keep the feet dry and are ideal to be worn in the warm seasons, with either formal or sports shoes .   Product Details Set of two pairs of socks with stripes in white and red No toe seam for abrasion-free wear Double layered elasticated mouth for a comfortable wear Branding on footbed   Material and Care  Cotton Machine wash Wash dark colours separately",Lino Perros Men Pack of 2 Socks,Socks
9456.jpg,"Composition Red and white striped shirt made of polyester-cotton blend fabric, has a  tipped collar, front buttoned placket, full arm sleeves and pocket on  left chest   Fitting Regular   Wash care Pre-soak the garment before wash Preferably hand wash inside out with zippers and buttons fastened, using a mild detergents Wash dark colours separately Do not attempt to remove stains by spot washing Flat dry or drip dry on hanger and avoid wringing Preferably steam iron  Stripes that add immense style to your formal look is what john miller  brings into your life. Be the cynosure of all eyes in this stylish  shirt, while the fabric keeps you fresh and comfortable all day. The  full arm sleeves add a touch of regality to your personality. Pair it  with formal trousers and black leather footwear for that classic look.   Model statistics The model wears size M in shirts Height-6', Shoulders-18"" ",John Miller Men Red White stripe Red Shirts,Shirts
4925.jpg,"Composition top : Aqua green round neck top made of 100% cotton, with triple layer flared cap sleeves, heat transferred lettering on the front with subliminal print on the front hemline and eyelet closure on the back shorts : Blue shorts made of stretchable cotton fabric, with elasticated waist, two insert pockets on the front and two patch pockets on the back with embroidery Fitting Top : Regular 98 cm (24-30 months) Shorts : Regular 98 cm (24-30 months) Wash care Machine wash separately in cold water Use mild detergent Do not bleach Avoid soaking Remove promptly Line dry inside out in shade Warm iron only Do not iron directly on print/embroidery Indulge the urban spirit of your little girl in this green city girl tee and denim shorts combo from gini and jony. The bold ""City Girl"" lettering in silver on the chest and the sublime doodle graphics on the hemline, all add to the carefree spirit of this tee. Team this with the super comfy denim shorts and crocs footwear for happy, casual outings with your little one, while the pure cotton fabric stays soft on his skin and keeps her fresh and comfortable all day.",Gini and Jony Girl's Valencia Green Blue Kidswear,Tops
5702.jpg,Get ready to take relaxed style to the next level with the Torino shoes from skechers. These leather sneakers are great for casual outings and look fabulous when teamed with jeans and tees or shorts for a cool laidback look. Upper   Leather upper with soft suede and leahter overlays for comfort and protection  Stitch detailing for greater style  Embossed brand logo on the side of heel  Brand name on the tongue  Lace-ups for snug Fit  Cushioned collar and tongue for greater comfort  Textile shoe lining   Midsole   Cushioned Relaxed Step insole for step-in comfort  Shock absorbing midsole for greater cushioing of the feet   Outsole   Hight traction outsole with TPR lugs  Bold lugs positioned on the periphery of the shoes for greater traction  Flexible traction outsole for greater flexibility of the feet   Shoe care Use a dry brush to dust off the dirt Use a branded leather polish,Skechers Men's Torino Black Shoe,Casual Shoes
52358.jpg,"Pink knee-length nightdress with shoulder straps, ruffles, bow detail and paneling on the chest, print on the waist and ruffles, bow detail and paneling above the hem",Red Rose Women Pink Nightdress,Nightdress
36255.jpg,-,SDL by Sweet Dreams Men Grey & Red Pyjama Set,Night suits
52970.jpg,"Multicoloured sari with overtones of red, blue and green",FNF Multi Coloured Sari,Sarees
16087.jpg,"Hot, hip and happening - brand MTV has caught the nerve of the new generation like no other. This MTV eyewear is desgned to make one stand out in a crowd and is fashioned to dress those who wear their appetite to win up their sleeves.  This set of glasses comes in a sturdy fiber case with felt lining for easy and delicate storage.  Fitted with shatterproof polycarbonate lenses that filter out 100% UVA and UVB rays Suitable wear for average sunlight conditions Stylised metal frame in a classic design with rectangular lens for absolute comfort and durability Flexible plastic nose holders to hold the glasses in place, ensuring there is no friction with the skin   Care  Remove dust and grime by gently wiping the lens with the cloth provided Remove oil or tough stains with the help of a lens cleaner Do not use your fingers on such stains Do not place glasses on uneven surface or heated areas like the dashboard of a car",M tv Men My Fab Eyewear Black Sunglasses,Sunglasses
36693.jpg,"Style Note Trust spalding to come up with essentials like this pair of durable floaters. Lightweight and ultra comfy, this is an all-season essential, whether you're braving the city traffic or taking a brisk walk in the park! Product Details Round toed sandal with forefoot straps and ankle loops (that have Velcro closures and a pull loop) Foamy footbed with herringbone grooves for comfort Thick TPU outsole with aggressive lugs for maximum traction Material and Care Synthetic Do not machine wash or store in direct sunlight Remove dust with a dry clean cloth",Spalding Men Brown Sandals,Sandals
22369.jpg,"Composition Navy blue chinos made of 100% cotton, has two slant pockets on the sides, two buttoned pockets on the back, belt loops on waistband, and a zipper and button closure on the front  Fit Slim  Wash care Machine wash at 40 degrees Wash dark colours separately Do not bleach Tumble dry normal setting or line dry Warm iron  Soft cotton gives a relaxed look to these smart/casual trousers from highlander.  Chinos are the perfect choice for those times when you want to look good but still be comfortable – you can dress up your outfit for an evening occasion by tucking in your formal shirt and adding a belt and leather shoes, or wear these trousers with a slim fitting polo t-shirt for a casual weekend look.  Model statistics The product is a size M on a model of height 6' and waist 32”",Highlander Men Solid Navy Blue Trouser,Trousers
53441.jpg,"White Race walk Sports shoe Mesh upper with synthetic overlays Central lace-ups and a padded tongue with branding Reinforced heel collar with branding Padded footbed with branding Printed adidas tri-stripe stitched onto the side Upper adhered to out-sole, EVA midsole TPR out-sole with grooves and nubs",ADIDAS Men White Sports Shoes,Sports Shoes
12360.jpg,"Composition Black shirt made of 100% cotton, has full sleeves with buttoned cuffs, tipped collar with buttoned front placket, patch pocket on left chest and a curved hem Fitting Regular Wash care Wash and dry inside out Machine wash cold in gentle cycle using a mild detergent Wash dark colours separately Do not bleach or wring Tumble dry low and dry in shade Use mild iron Welcome to the world of fantabulous formal dressing with this Reid and Taylor shirt. The full sleeves add a regal touch to your formal look and also keep the winter chill at bay, while the cotton fabric keeps you fresh and comfortable all day. Team this with crisp, fresh, formal pants, a blazer and leather shoes for that perfect formal touch. Model statistics The model wears size M in shirts Height-6', Shoulders-18""",Reid & Taylor Men Solid Black Shirts,Shirts
35690.jpg,"U.S Polo Association believes in the spirit of Polo. The brand embodies an enthusiasm for competition, a passion for horses and an appreciation for all those who work to bring the sport together. Wear these casual derby shoes in premium quality leather to showcase the genuine spirit known throughout the world as Classic American Style -   comfortable and casual, but still perfectly put together. Upper Leather upper with contrast stitch and suede detailing with brand tag for heightened style Padded tongue and collar for customised comfort Lace-up system for a snug Fit Midsole PU midsole for lightweight comfort Fabric footbed for sweat-free wear Outsole TPR outsole with herringbone and geometric grooves for absolute grip, durability and easy turning of the feet shoe care Wipe surface with a damp, clean cloth to remove dust and dirt Use a branded leather conditioner and brush Do not machine wash or store in direct sunlight",U.S. Polo Assn. Men Navy Blue Shoes,Casual Shoes
29879.jpg,Lens colour: Green Lens type: UV protected lens Frame colour: Black Frame type: Metal full frame High bridge with flexible nose pads Comes in a signature Mayhem hard case,Mayhem Men Sunglasses 1020-204,Sunglasses
57084.jpg,"Blue denim skirt, has a broad elasticated waistband and a stitched curved layer in front with lace and stitched detail",Elle Women Blue Skirt,Skirts
59133.jpg,"Brown and black checked quilted reversible jacket with a mock ribbed collar, padded interlining, long sleeves with elasticated ribbed cuffs, detachable zippered front, two zippered pockets on the front and two inner welt pockets, badge at left arm, elasticated and ribbed hem for a snug Fit",Just Natural Men Brown Reversible Jacket,Jackets
14979.jpg,"This chocolate brown Newhide belt has a refined finish complemented by its smart gunmetal buckle. Newhide leather breathes, regulates temperature to suit the climate, prevents dust penetration and has high ripping resistance that makes it a must-have in your wardrobe!   Length : 42""  Made of leather for durability and style Tang clasp to offer a snug Fit and to hold the belt in place Stitch detailing and metal embellishments across the sides Holes to customise fit Brand name embossed on the tail   Care  Use a brass polish to maintain buckle shine Use a branded leather conditioner to protect the belt",New Hide Men Solid Brown Belts,Belts
17626.jpg,"Composition White jacket made of 100% polyester, has a mock neck with a front zipper closure, full sleeves with elasticated cuffs, two pockets on the sides, navy blue paneling from the arm to the hem, elasticated hem and a heat transferred brand logo on the left chest   Fitting  Comfort   Wash care  Wash dark colours separately Do not soak, bleach, tumble dry or iron on print/logo Dry in shade Warm iron  This jacket from adidas is crafted from durable polyester fabric to wick sweat away from the body and offer exemplary comfort during strenuous training sessions. The elasticated cuffs offer snug comfort from the early morning chill. Pair it with sports shoes and trackpants to look your best while on the field and with t-shirts for casual comfort.   Model statistics  The product is a size M on a model of height 6'1” and shoulders 18.5”",ADIDAS Men Solid White Jacket,Jackets
3095.jpg,"Composition: Red round neck t-shirt made of 100% cotton with graphic print on chest Wash Care: Soft wash to avoid shrinking Fitting: Slim Fit If you are oozing with energy and spirit, then this bold red tee from probase is meant especially for you. Team this up with denims, slim fit jeans, corduroys or cargoes and sway to the rhythm of life. Model's Statistics: 1. The model wears size M in t-shirts 2. Height-5'11 ft, Shoulders-18""",Probase Men's Freestyler Red T-shirt,Tshirts
5988.jpg,"Composition 100% cotton shirt with half sleeves, has checks in pink, blue and black, black stitch detailing, tape detailing on the in-seam of the collar, patch pockets on the both chest with brand tab on left chest, full length buttoned placket and curved hemline Fitting Slim Wash care   Machine wash at 40 degree C  Wash dark colours separately  Do not bleach  Tumble dry on normal or line dry  Warm iron   Get ready to take casual dressing to the next level with this checked shirt from locomotive. The cool cotton fabric keeps you fresh all day while you hang out with your friends. This shirt can be teamed with low slung jeans and canvas shoes for a laidback look. Model statistics The model wears size M in t-shirts Height-6', Shoulders-18""",Locomotive Men Pink Checked Shirt,Shirts
51666.jpg,Lens colour: Graduated grey Frame colour: Silver-toned Frame type: Metal full frame with plastic casing along the arms High bridge with flexible nose pads Comes in a signature Louis Philippe hard case Warranty: 12 months from the date of purchase against manufacturing defects,Louis Philippe Men Aviator Sunglasses LP218-C2,Sunglasses
52623.jpg,"Black and grey textured handbag with a patent finish, kisslock clasp for closure and a metal rim, one short handle, one metallic brand badge hanging from the handle and one fixed in the front, one main slot with a zipped pocket on one side and an organiser sleeve on the other side, one external zipped pocket at the back",Mod'acc Women Black & Grey Handbag,Handbags
43882.jpg,"Style Note These El Rey Slip on from puma are both feminine and versatile. They feature synthetic upper with stripes and a cushioned foot-bed. The rubber outsole adds extra grip making these shoes perfect for urban living.  Product Details Blue and white striped slip-on with synthetic upper, a rubber strap on the midfoot with branding and a haul loop at the heel counter Cushioned footbed for all day comfort Thick rubber outsole TPU outsole with herringbone grooves  Material and Care Synthetic Rub surface with clean, damp cloth to remove dust Do not store in direct sunlight",Puma Women El Rey Slipon Stripes Wns White Flats,Flats
52797.jpg,"Style Note Handcrafted from premium leather, this wallet from jag is specially designed and created with the highest quality standards, ensuring that this piece will last for several years. Its classic styling and minimalistic detailing offers unbeatable understated style, while multiple pockets and slots help keep your monetary essentials organised. nbsp; Product Details Brown textured leather wallet with cording detail Embossed branding on the front Two fold wallet with flap at the left fold Two main compartments One photo id card slot and a slip pocket on the left foldnbsp; One coin pocket and a slip pocket on the right Six credit card slots on the flap Guarantee: 1yr Materials and Care Leather Wipe with damp cloth to remove dust Size Dimensions: 11.5 cm x 9 cm Warranty provided by the brand owner / manufacturer",JAG Men Chocolate Brown Leather Wallet,Wallets
20388.jpg,"baggit was founded in 1990 and since then has created a name in the market for fighting against cruelty to animals. A practical and stylish choice of bag in brown with extra roomy space and comfortable to carry, this smooth blended bag will give a sophisticated look to any casual outfit. Height : 20 cm Width : 33 cm Depth : 10 cm Made of smooth synthetic leather for durability Has one large zipped compartment with two internal zipped pockets Two short handles through two loops for carrying ease Small zipped pocket on the back Stitch detailing with a buckle design on the front and slightly pleated from the bottom Stylish, easy to grip, synthetic leather zip pulls Brand name printed on the back below the zipped pocket Bag care Wipe with clean, damp cloth to remove dirt",Baggit Women Brown Ishqiya Taj Handbag,Handbags
30588.jpg,"Composition Blue polo T-shirt for men made of 100% cotton, has a ribbed collar, short sleeves, stitch detailing, buttoned chest placket, nike swoosh appliquéd on the left chest and a vented hem   Fit  Regular   Wash  care  Machine wash cold at 30 degrees with like colours using a mild detergent Do not bleach or dry clean Tumble dry low Cool iron; do not iron on decorations  Get comfortable in style with this polo T-shirt from Nike. The soft cotton fabric keeps you fresh and comfortable during fun times with friends, while the brand logo adds style. Pair this tee with your favourite denims and sports shoes .",Nike Men Club Pique Polo Blue T-shirt,Tshirts
17214.jpg,"High on style, this pair of sunglasses from united colors of benetton comes in a styled frame. An eclectic mixture of fashion and substance, its shape provides the perfect Fit over the root of your nose. The glasses come with a sturdy case.  Tinted lens for use in normal daylight conditions Plastic frame in an aerodynamic design Oval lens for absolute style and protection from elements Flexible hinges for durability Fixed nose holder which is part of the frame to hold the glasses in place, ensuring there is no friction with the skin   Care  Remove dust and grime by gently wiping the lens with the cloth provided Remove oil or tough stains with the help of a lens cleaner Do not use your fingers on such stains Do not place glasses on uneven surface or heated areas like the dashboard of a car",United Colors of Benetton Women Funky Eyewear Black Sunglasses,Sunglasses
44983.jpg,-,Maxima Women Silver Dial Watch,Watches
22187.jpg,"This rugged colour block shoe in two-tone leather by timberland is designed for the cosmopolitan male. Referencing the yacht shoe in design and cuts, this sturdy shoe has a woody outsole. Push the proverbial envelope with these shoes. Upper Leather upper with fabric overlay Two-hole lace-up system for snug, customised Fit Short leather tongue with a fabric inner lining for a comfortable, abrasion-free wear Stitch detailing for durability and style Fabric footbed for all-day comfort Midsole Rubber midsole for lightweight comfort and impact protection Outsole TPU outsole with a stacked heel Multi-directional lugs on the fore foot and heel Shoe care Rub surface with a soft, damp cloth to remove dust Do not store in direct sunlight",Timberland Men Brown Casual Shoes,Casual Shoes
26007.jpg,"tous Man deodorant for men from    has a stylish, masculine fragrance. Wear this for coffee shop visits on warm afternoons. Quantity : 150 ml Caution Flammable Keep away from sources of ignition Keep away from children Do not use near fire, flame or heat Avoid spraying near the eyes",Tous  Natural Men Deo,Deodorant
49321.jpg,"Case style: Analogue watch, has a circular case with a fixed bezel, a stainless steel back Dial style: Black dial, has hands Features: A screw to reset time Strap style: Black metallic strap, secured with a butterfly clasp Water-resistance up to 50 metres Comes in a signature Adidas Original case Warranty: 2 years from the date of purchase against manufacturing defects Warranty provided by Brand Owner / Manufacturer",ADIDAS Originals Men Black Dial Watch ADH2643,Watches
58542.jpg,"Lens colour: Graduated grey Lens type: High optical grade lenses with glare control, 100% distortion free vision and 100% UV 400 protection Frame colour: Gun metal Frame type: Oval, full thin frame and arms made of superior, corrosion resistant material High bridge and flexible ergonomically shaped nose-holder The glasses come in a signature miami blues case Warranty: 1 year Warranty provided by Brand Owner / Manufacturer",Miami Blues Men Sunglasses,Sunglasses
42637.jpg,"Style Note You'll catch every passing eye with this beautiful bracelet from estelle. The subtle design gives a touch of sophistication while the gold plating provides an exquisite sheen. Wear it to ensure that your next special occasion becomes a memorable one. Product Details Golden studded clamp bracelet, two hinge joints to provide flexibility, studded in the form of three strokes, slightly curved bracelet with metal fastening Material and Care 24 carat gold plated Pewter base metal High quality imported Crystals/CZs Wipe with a clean cotton swab to remove dust Size Circumference of bracelet: 18 cm",Estelle Women Gold Bracelet,Bracelet
14674.jpg,"Composition Yellow shirt made of 100% cotton, has a spread collar with stitch detailing at the seams, front buttoned placket, full sleeves with buttoned cuffs that have stitch detailing at the seams, mid-sleeve buttoned flaps, patch pocket on the left chest and a curved hem Fitting Slim Wash care Machine wash separately in cold water using a mild detergent Do not soak or bleach Line dry inside out in shade Warm iron  do not iron on print/embroidery Created from cotton fabric, this yellow shirt from basics' Play collection makes for an easy addition to your wardrobe, offering exemplary comfort. Team it with jeans for an urban style. Add on suede shoes, a blazer or sweater and enjoy the winter with much elan. And simply roll up the sleeves and secure them with the flaps for a summery look. Model statistics The model wears size M in shirts Height: 5'11""  Shoulders: 17.5""",Basics Men Yellow Slim Fit Shirt,Shirts
6728.jpg,"The Faas 300 from puma is a lightweight everyday trainer. Inspired by old school running trainers, these shoes look great when teamed with casual wear. Upper",Puma Women Faas 300 White Silver Purple Shoe,Sports Shoes
56693.jpg,"Blue striped kurta, has a mandarin collar, half chest button placket, short sleeves, a patch pocket on the left chest and side slits",Fabindia Men Blue Kurta,Kurtas
21202.jpg,"Nail that carefully careless look with these funky flip flops from quiksilver. While the footbed massages your feet whenever you walk, the thong straps sit comfortably on the upper of your foot, pampering your feet. Upper Rubber thong straps with stitch detailing for snug Fit Rubber toe separator to support the foot Brand mark on thong straps Rubber footbed with textured graphics for constant massaging of the foot Outsole TPU outsole with patterned grooves for greater grip and stability Flip flop care Wipe off dirt with a moist cloth Do not machine wash",Quiksilver Men Multi Milokai Print Flip Flops,Flip Flops
13688.jpg,"Wash care  Wipe surface with soft, clean, damp cloth Do not machine wash",ADIDAS Kids Unisex Hyperrun 5K Sports Shoes,Sports Shoes
8938.jpg,Care Remove dust and grime by gently wiping the lens with the cloth provided Remove oil or tough stains with the help of a lens cleaner Do not use your fingers on such stains Do not place glasses on u,Fastrack Unisex Black Sunglasses,Sunglasses
12850.jpg,"Composition Light green top made of 100% cotton, has a round neck and mildly puffed short sleeves with green piping along the neckline and sleeve hems, ruffles on the chest and graphic print with bead detailing on the front Fitting Comfort Wash care Machine wash cold using a mild detergent Do not soak Dry flat in shade Warm iron This pretty top from ant is a true flowery treat and a great casual wear for your little girl. Crafted from soft cotton fabric, this top is sure to become her wardrobe favoutite. Team it with denim skirts or skorts.",Ant Kids Girl Cheerful Green Tops,Tops
27212.jpg,"Composition Blue and white striped shirt, made of 100% cotton, has short sleeves, tipped collar, buttoned front placket, patch pocket on the left chest, appliqué on the right chest, yoke on the shoulders and at the back, stitch detailing, a red vertical panel in the middle at the back with stitch detailing and a curved hem   Fit  Regular   Wash care  Machine wash in cold water with like colours using a mild detergent Do not bleach or wring Tumble dry low Dry in shade Warm iron; do not iron on decorations  Let your little boy learn to play Basketball in style with this striped shirt from doodle. Teach him the game and sporting spirit, while the cotton fabric keeps him fresh and comfortable all day. Team this with shorts and sports shoes for an even more sporty look.",Doodle Kids Boy Striped Blue Shirt,Shirts
10019.jpg,"Composition White t-shirt made of 100% polyester, engineered with Dri-Fit fabric, has a mesh crew-neck and side panels, a reflective loop at the upper back, and flat seams   Fitting  Slim  Wash care Machine wash cold at 30 degrees with like colours Do not bleach Tumble dry low Remove immediately/do not allow to lay on itself when wet Cool iron, but do not iron on design Do not dry clean  Expert ventilation gives her the edge in the nike Miler girls' running t-shirt - a lightweight design that keeps sweat at bay as she's picking up speed. Pair it with Dri-Fit bottoms to perform at your best. The reflective loop at the back helps keep media plaayer cords out of the way, while the flat seams avoid chaffing, making your sporting experience comfortable and wonderful.",Nike Women As Miler Ss White T-Shirts,Tshirts
4338.jpg,"With a soft footbed and a lace up front, these shoes are assured to support your exercise regime as well as when on outings with friends. Upper   Synthetic upper with lace-up front for snug Fit  Padded tongue for soft feel  Padded sock liner for enhnaced shock absorption and snug fit  Rubber heel counter embedded into the upper for longer shoe life  Perforations around the toe box for ventilation   Midsole   Lightweight EVA midsole for extra shock absorption  Soft footbed for an ergonomic fit   Outsole   Carbon rubber outsole with rib pattern below the toe area for flexible 180 degree movement  Ridges below the heel counter for enhanced grip and support   Wash care Do not machine wash Rub with soft cloth to clear off dust and dirt",Fila Men's Leonard Black Shoe,Sports Shoes
8667.jpg,"Lens colour: Graduated brown Lens type: Scratch and impact-resistant polycarbonate lenses with 100% UV 400 protection, 100% distortion-free Frame colour: Black Frame type: Plastic full frame, detachable and adjustable strap on the back High bridge with fixed nose holders The glasses come in a signature Fastrack case Warranty: 1 year from the date of purchase against manufacturing defects Comes with a pair of detachable arms Warranty provided by Brand Owner / Manufacturer",Fastrack Men Gradient Bikers Sunglasses P148BR2,Sunglasses
2559.jpg,"Composition Polyster snug Fit with high drying quality, high quality fitness products Fitting Body fit Wash Care   Hand wash/Machine wash   A perfect fitted tshirt, wear it while performing any fitness based activity. With a snug look, this t-shirt is a great wear for fitness-based activities.  Model statistics The model wears size M in t-shirts Height-5.11"", Shoulders-18""",Decathlon Men's Comp Black T-shirt,Tshirts
30908.jpg,"Composition Red and black striped mangalgiri top made of a cotton fabric, has a round slit neckline, three quarter sleeves, printed border at the hem and slit side seams  Fit Regular  Wash care Hand wash separately in cold water using mild detergent Dry in shade Do not soak This unique fabric has been dyed/ printed using traditional dyeing processes. Some colours may initially transfer when in dry or wet contact with light coloured fabrics or upholstery. This transfer will reduce after a few washes but we recommend that you wash the product separately for the first few washes.  fabindia specialises in natural, craft-based contemporary pieces, while also providing rural craft persons a platform to use traditional dyeing and fabric printing techniques. Capturing the essence of Indian roots, crafted with a focus on the traditional, this top sets the tone for an all-new ethnic trend. Wear this with denims or cotton pants.  Model statistics The product is a size M on a model of height 5'8"" and chest 33”",Fabindia Women Red Mangalgiri Top,Tops
19267.jpg,"guess watches are creative masterpieces with absolute durability. They have proven themselves in the art of creating high quality timepieces, by combining the epitome of style with impeccable technology. The new range of watches are a fresh take on perfection and are great for urban wear.   Case diameter: 40 mm  Case thickness: 8 mm  Dial shape: Round  Warranty: 2 years  Stainless steel case with a fixed bezel and a black leather strap guess logo at the 12 hour mark Tang clasp with a silver dial, metallic numbers and metallic hands Three chronograph time displays with time, date and day for easy reading Polished hands to mark sub dials Screw to reset time, alarm and set the timer Solid case back made of stainless steel for enhanced durability Water resistance up to 50 meters, allowing you to use it even when showering",Guess Men Chase Steel Watch,Watches
43004.jpg,"Style Note If comfort is on your mind, these floaters from nike will transport you to heavenly bliss! Stylish, super comfy and lightweight, they will make you feel like you are walking on a bed of roses all day. Ruggedly crafted for casual wear with a tough outsole, you can team them with jeans or shorts and step out in style. Product Details Black and green floaters with synthetic leather forefoot and midfoot straps and an ankle loop The straps have triangular cut- out detailing and are fastened by velcro closures Elasticated gussets on the heel collar strap for snug Fit Padded and textured footbed TPU outsole with rectangular lugs Warranty for manufacturing defects: 6 months (not valid on products with more than 20% discount) Material and Care Synthetic Wipe surface with damp, clean cloth to remove dust Do not machine wash or store in direct sunlight",Nike Men Black and Green Sandals,Sandals
14699.jpg,"Composition Black jeans made of 100% cotton, has a flat front, two pockets on the sides, two patch pockets on the back with buttoned closures, looped waist, appliqued brand name on the waistband, and a button and zipper closure with embroidered detailing on the zipper placket Fitting Mid-low rise; Straight leg Wash care Machine wash separately in cold water using a mild detergent Do not bleach or soak Line dry inside out in shade Warm iron; do not iron on decorations Designed to be worn as casual wear with t-shirts, jackets and accessories, these jeans from basics are made of cotton fabric to offer a flawless casual silhouette. Model statistics The model wears trousers of length 40 cm Height: 6.2', Waist: 32""",Basics Men Black Trousers,Trousers
46422.jpg,-,Timex Men White Dial Watch,Watches
10007.jpg,"Composition White round neck t-shirt with short sleeves, made of  100% cotton, has fabric tape detailing on the inseam of the neckline, graphic print on the front and nike swoosh printed near the hem   Fitting  Regular  Wash care Machine wash in cold water at 30 degrees with like colours Do not use bleach or softeners Remove immediately Do not allow to lay on itself when wet Tumble dry low Cool iron Do not iron directly on print/trims/ logo Do not dry clean  You know how they say, “when in doubt, wear white”.... This white t-shirt from nike takes this saying and makes it better by adding funky graphic print on the front! The multi coloured print is eye-catching and funky, which will make you stand out in a sea of people! Plus, the cotton fabric will keep you comfortable all day long. Team it with jeans or shorts and casual shoes to look fab.",Nike Women As Trophy Swo White T-Shirts,Tshirts
40668.jpg,"Style Note lee brings a phase of glamour into the lives of the fashion aware crowd. This shirt style piece brings out your feminine side while maintaining a gallant enigma of high octane fashion. Pair it with your favourite denims to look absolutely gorgeous. Product Details Slate grey pleated shirt, has floral print, spread collar, full front button placket, drawstring at the midriff, long sleeves with roll-up detail and a buttoned tab and pintucks at the shoulder Material and Care 100% cotton Machine wash cool Do not bleach or wring Tumble dry low or dry in shade Low iron Size and Fit Regular fit The model (Height 5'8"" and chest 33&rdquo ) is wearing a size M",Lee Women Grey Glorious Shirt,Shirts
42060.jpg,"Style Note american tourister has always strived to make products to enable easy travel and other accessories. We bring to you products which are convenient and efficient no doubt, but also exclusively stylish just for all of you'll who love to make style statements with the best accessories. American Tourister brings it out through this camera bag. Product Details Black camera bag with lemon pattern and branding on the fron, it has one main compartment with an elastic wll, to increase storage Material and Care 100% polyester Clean with a damp cloth when necessary Size 9cm x 12 cm x 3cm",American Tourister Unisex Black Camera Bag,Mobile Pouch
2912.jpg,"Composition: Golden heels made of PU shoe care: Rub surface with soft, clean, damp cloth to remove dust Fitting: Regular Fit This golden pair from catwalk has the right balance of sleek design and glamour. The perfect pair for a modern bride who likes luxurious minimalism, this pair of sandals looks great with traditional Indian wear.",Catwalk Women Wedding Gold Crystal Heels,Heels
2147.jpg,"Composition 100% Cotton Fitting Slim Wash Care Machine Wash separately in cold water, use mild detergent. Do not Bleach. Avoid Soaking. Remove promptly. Line Dry inside out in shade. Warm iron only. Do Not Iron Directly on Print/embroidery. Add some funk to your day. This t-shirt and its funky colour combination is full of style and flare. Pair this t-shirt with your favourite denims, cargos or khaki trousers for the best look. Model statistics The model wears size M in t-shirts Height-5.11"", Shoulders-17.5 """,Basics Men Orange Striped Polo T-shirt,Tshirts
19172.jpg,"Composition Blue polo t-shirt made of 100% cotton, has short sleeves with ribbed cuffs, ribbed collar below a denim collar, appliqué  d branding on the left chest, stitch detailing, half buttoned placket and a vented hem Fit Regular Wash care Delicate machine wash at 30 degrees using mild detergent Do not dry clean Do not tumble dry, wring, scrub or bleach Dry flat in shade Warm iron  Do not iron directly on print/embroidery The classic polo t-shirt from united colors of benetton for men. The polo t-shirt is an off-duty essential in every cosmopolitan male's wardrobe. This piece can be worn with denims for a weekend in the woods or with corduroy trousers for semi-formal events. Wear with casual shoes and understated belts. Model statistics The product is a a size M on a model of height 6' and shoulders 18& rdquo",United Colors of Benetton Men Solid Navy Blue TShirt,Tshirts
49980.jpg,"Style Note Revel in the luxurious comfort of a combed cotton fabric in this vest from hanes. Engineered with ComfortFit technology, this vest will contour your body perfectly, stretch to your ease and retain its shape wash after wash. The athletic neckline and stylish shoulder straps offer a flattering Fit. And what's even better is that this vest comes with a printed brand label on the inner neck - so bid goodbye to those scratchy labels and welcome comfort at its best! Product Details Khaki sleeveless vest made of ComfortFit 100% combed cotton knit fabric, navy blue ribbed binding at neck and armhole, printed inner branding, brand badge at the back Materials and Care 100% cotton Machine wash warm Cool iron if needed Size and Fit Regular fit The model (height 6'and shoulders 18"") is wearing a size M",Hanes Men Khaki Innerwear Vest,Innerwear Vests
55970.jpg,"Colorbar Velvet Matte Hearts & Tarts Lipstick 80V Nourished with Vitamin E, its unique 2-in-1 formulation gives the lips a creamy, yet matte finish",Colorbar Velvet Matte Hearts & Tarts Lipstick 80V,Lipstick
19584.jpg,"Composition Grey and black striped t-shirt made of 100% cotton, has full black sleeves with grey ribbed cuffs, round ribbed neckline, buttoned chest placket, tape detailing in black on the sides, branding embroidered on the back of the neck, branding appliqué  d on the chest and a vented hem   Fit  Regular   Wash care  Machine wash in cold water below 30 degrees using a mild detergent Do not bleach, wring, tumble dry, scrub or dry clean Flat dry in shade Warm iron  Do not iron on decorations  Take sophisticated dressing to the next level with this round neck t-shirt from united colors of benetton. The stripes gives this tee a burst of energy, the United Naval appliqué   adds to your masculine appeal, while the soft cotton fabric keeps you comfortable all day. Pair this tee with denims and sneakers   Model statistics  The product is a size M on a model of height 6' and shoulders 18""",United Colors of Benetton Men Stripes Grey Tshirt,Tshirts
37002.jpg,"Deviating from the label's standard leatherette trend, Linos Perros comes up with this line of distressed retro chic denim pieces for the contemporary vintage vibe. Work the 70's aesthetic with this stylish piece and style it with a worn-out denim vest or pants! Comes with a detacahle handle and shoulder strap.   Height: 26 cm  Width: 16 cm  Denim upper with leatherette trims Mat weave details on the front Two zippered compartments with a zippered pocket in one and two pouches in the other Two buttonable pockets and a zippered pocket at the back   Care Wipe with a clean, damp cloth to remove dust",Lino Perros Women Blue Sling Bag,Handbags
39611.jpg,"Style Note Updated summer style for your feet with catwalk's latest line. Inspired by the fresh fashion fetishes this season, this pair of sandals exemplify versatility - they look good with everything from smart formal day wear to breezy spring separates. Style them with an all-pastel coloured ensembles or a colour pop one, they go well with both!   Heel: 3""   Product Description Broad black forefoot strap with grey faux python hide overlay Lightly padded footbed with embossed branding at the heel TPU outsole with a slim heel   Material and Care Synthetic Wipe surface with soft, clean cloth to remove dust Do not machine wash or use a drier Do not store in direct sunlight",Catwalk Women Black Heels,Heels
12727.jpg,"Composition Leafy green, white and navy blue striped polo neck short sleeve T-shirt made of 100% organic cotton, has ribbed collar and cuffs, short buttoned placket, black fabric tape on the inseam of the collar, vented hem and an embroidered logo on the left chest Fitting Regular Wash care Machine wash warm on gentle cycle Use only non-chlorine bleach if needed Tumble dry low on gentle cycle Iron if desired If you want to look classy, stylish and fun at the same time, green striped polo neck T-shirt from timberland is the right choice. Made of organic cotton, and in an attractive color combination, it will keep you fresh and comfortable all through the day. Pair it with jeans or cargos, and don a killer look in style. This shirt has been manufactured in an environment-friendly manner, with the aim to reduce Carbon Footprint. Model statistics The model wears size M in t-shirts Height-6', Shoulders-18""",Timberland Men Solid Green Polo T-Shirts,Tshirts
20836.jpg,"Simple and stylish, this oxford from hush puppies adds that casual zing to your semi-formal wear. Wear it with crisp semi-formals and classy accessories for heightened style.   Upper Leather upper for comfort and style Lacing system for a snug, customised Fit Mildly padded tongue and collar with a leather inner for breathable comfort Padded footbed for all-day comfort  Midsole  EVA midsole for impact protection   Outsole  TPU outsole with textured TPR units in the forefoot and heel for absolute grip and traction   shoe care  Wipe surface with a clean, dry cloth to remove dust Use a branded leather conditioner if needed Do not store in direct sunlight",Hush Puppies Men Formal Brown Shoes,Formal Shoes
30559.jpg,"Lens colour: Black Lens type: Tinted Frame colour: Black with red highlight Frame type: Plastic, rectangular The glasses come in a signature Opium case",Opium Unisex Black Sunglasses,Sunglasses
12518.jpg,"Take casual dressing to the next level with this leather boot from red tape. The natural hide colour lends it a natural finish enhancing your style quotient immensely, making casual dressing all the more fun. Upper Full-grain leather upper for absolute comfort, durability and style High ankle for absolute comfort and support to the lower leg, and enhanced style Lace-up system for a snug, customised Fit Zipper on the medial ankle side for better fit Fabric inner lining for ultimate breathability and sweat-free comfort Midsole Fabric footbed for sweat-free comfort PU midsole for lightweight comfort and shock absorption Outsole Durable rubber outsole with strategically placed lugs on the forefoot and heel, and has a wooden-texture finish in the midfoot region for absolute grip and traction Raised heel for ergonomic comfort and style shoe care Use a branded leather conditioner and brush Do not wash or store in direct sunlight",Red Tape Men Casual Brown Casual Shoes,Casual Shoes
55000.jpg,lakme Absolute Lip Last comes with a unique brush which ensures smooth application and locks moisture,Lakme Absolute Liplast Day Rose Lip Gloss,Lip Gloss
35484.jpg,"Style Note The right shoe to beat the corporate mid-week blues from bata hush puppies.  There is a reason the brand is a household name and this shoe shows us  why. Easy on the pocket and easy on the eye, we love this jet black  pair! Find a pair your size and buy them now, before we run out of  stock. Product Details Leather upper with stitch details at the seams of the toe box Padded inner and tongue Classic four hole lace ups Upper adhered to the outsole TPU outsole with a raised heel that has grooves all over Material and Care Leather Wipe surface with a clean, dry cloth to remove dust Do not machine wash or store in sunlight",Hush Puppies Men Jungle Black Formal Shoes,Formal Shoes
9992.jpg,"Composition Blue hooded sweatshirt made of 80% cotton and 20% polyester, has green ribs made of 96% cotton and 4% spandex, with a lined hood and drawcord for warmth, ribbed sides, cuffs and hems for snug Fit, and kangaroo pocket with cord-management feature to keep media-player cords out of the way   Fitting  Regular   Wash care Machine wash cold at 30 degrees with like colours Do not bleach Tumble dry low Remove immediately/do not allow to lay on itself when wet Cool iron, but do not iron on design Do not dry clean  The nike Squad Hoodie is built for comfort in a classic profile. The nike Squad Fleece Hoodie offers plush comfort and a soft interior for lasting warmth. An active fit with a sporty silhouette, this hoodie is a versatile everyday essential.",Nike Men As Squad Flc Navy Blue Sweatshirts,Sweatshirts
47200.jpg,"Black slip-on with a leather upper, overlays and stitched detailing at the seams of the toe box Perforation style at the toe region Elasticated inserts on the sides of the tongue Soft sockliner for instep comfort Padded tongue Outsole adhered to the upper TPU outsole with stitched detailing and a stacked heel",Franco Leone Men Black Formal Shoes,Formal Shoes
59216.jpg,"Gold coloured steel case with a fixed bezel for durability, style and comfort titan logo at the 12 hour mark  date aperture at the 3 hour mark Brown leather strap with a tang clasp White dial with gold coloured hands Screw to reset time Solid case back for enhanced durability Water resistance up to 30 meters allowing you to use it even when showering Warranty: 2 years",Titan Men White Watch,Watches
29653.jpg,"Composition Blue and white striped shirt made of blended cotton fabric, has a spread collar, long sleeves with double button cuffs, a patch pocket on the left chest, a full buttoned placket and a curved hem Fit Slim fit Wash care Wash dark colours separately Hand wash or machine wash cold Use mild detergent Flat dry in shade Do not wring, bleach, iron on print This impeccably designed shirt from indigo nation remains a timeless classic. Wear this with chinos or denims and style it with understated accessories. Model statistics The product is a size 40 on a model of height 6' and shoulders 18""",Indigo Nation Men Striped Blue Shirt,Shirts
25024.jpg,"Composition Navy blue shorts made of 100% polyester, engineered with Dri-Fit technology, has built-in brief, an elasticated waist with drawstrings, grey and orange stripe detailing with mesh panels along the sides and nike swoosh printed on the left leg Fit Comfort Wash care Machine wash cold with like colours using a mild detergent Do not dry clean or bleach Tumble dry low Cool iron, do not iron on decorations Built with the breathable comfort and zero-distraction fit that athletes demand, these nike training shorts come in a body-friendly design. These high-performance shorts features Dri-Fit technology that wicks sweat away from the skin and keeps you dry and comfortable. Team it with a T-shirt, tracksuit jacket and running shoes . Model statistics The product is a size M, length 15” on a model of height 6' and waist 32""",Nike Men Tempo Navy Blue Shorts,Shorts
2292.jpg,"Composition: This t-shirt is cotton blend Wash Care: It can either be hand washed or machine washed Fitting: Comfort Fit Action: Complete your girl-next-door look with this black t-shirt, detailed with a broad front V-neck and short sleeves. Wear it when playing a game of tennis or just team it up with a pair of casuals or skirt and look younger.",Nike Women Accuracy Black T-shirt,Tshirts
44115.jpg,"Style Note baldessarini Delmar perfume, for men, is an ideal fragrance geared towards the active young man who loves the exotic locations. Product Details This exciting, fragrant expedition begins with freshness of water melon with unexpected accords of black pepper, accompanied with essential oil of angelica. A heart is presented with notes of nutmeg, clary sage and tobacco aromas. A base of the fragrance is created by woody accords of oak and Guaiac wood with suede Caution Flammable Keep away from sources of ignition Keep away from children Do not use near fire, flame or heat Avoid spraying near the eyes Size 50 ml",Baldessarini Men Delmar Perfume,Perfume and Body Mist
43928.jpg,"Style Note Pair of shoes with a fun twist, this piece from catwalk is for those who  are tired of the standard foot staples. Pair these with a short pleated  skirt for an emo-style vibe or with rolled up denims (we recommend  colour pop ones!) and a tonal tee. Product Details White patent leather ballet flat style upper Smooth footbed with branding embossed on the heel Textured rubber outsole with a wedge heel Material and Care Rubber and synthetic Wipe surface with soft, clean cloth to remove dust Do not use a drier or store in direct sunlight Size Heel: 3""",Catwalk Women White Heels,Heels
38620.jpg,"Style Note Stay fresh and stylish this summer in this nike  T-shirt. Team it with  training pants and sports shoes for a high  performance outfit when  you're exercising, or wear it with jeans for a  relaxed weekend look.  Product Details Black and blue striped polo  T-shirt,  has a spread ribbed collar, two button  placket, short sleeves with  ribbed cuffs, vents at hem, logo on left  chest  Material and Care 100% cotton Machine wash cold with like colours Do not dry clean or bleach Tumble dry low Warm iron do not iron on print/decoration",Nike Men Club Jersey Blue T-shirt,Tshirts
45581.jpg,"Style Note Perfect for those casual outings, these leather sandals from arrow are all you need to pamper your feet with style and comfort. Product Details Grey sandals with criss- cross midfoot leather straps and a toe separator Padded footbed with perforations and branding on the heel Upper stitched to the outsole for durability Rubber outsole with patterned grooves and a pivot point on the toe region Material and Care Leather Wipe surface with soft, clean, damp cloth Do not machine wash",Arrow Men Grey Sandals,Sandals
41902.jpg,"Style Note playboy launches a new fragrance, named Miami, thus enlarging the collection of   fragrances which includes Ibiza, New york, Malibu, Hollywood and, Vegas edition. Playboy Miami is sexy, lustrous and sensual. Passion for life is shown in a pleasant mixture of bergamot with green vegetable, apple and ozone. A heart is dominated by rosewood, along with jasmine and cyclamen, while a base attracts attention with amber, musk and cedar, which leave a magnetic scent on man's skin and charms the gentler sex in a seductive way   that   makes this fragrance a must buy and what's more  to double the joy, you buy one   perfume and get one absolutely free! Quantity : 50 ml Caution Flammable Keep away from sources of ignition Keep away from children Do not use near fire, flame or heat Avoid spraying near the eyes",Playboy Men Miami Perfume Buy 1 Get 1 free,Perfume and Body Mist
15020.jpg,"Composition Maroon and navy blue jacket made of 60% cotton and 40% polyester, has a hood with drawstrings and sleeves in white, adidas patented 3-Stripes from the shoulders to the cuffs, ribbed cuffs and hem, twill detailing on the bust area and pockets on the front waist Fitting Comfort Wash care Wash below 40 degrees separately Do not dry clean Do not soak, bleach or tumble dry Dry in shade Warm iron; do not iron on decoartions Perfect for your sporting needs, this jacket from adidas is designed to keep you warm and comfortable during your training sessions in the winter chill. Team it with adidas track pants and sports shoes for a sporty look. Model statistics The model wears size M in jackets Height: 6'1', Shoulders: 18.5""",ADIDAS Men Solid Maroon Jackets,Jackets
12806.jpg,"Composition Grey melange T-shirt made of 88% polyester and 12% spandex, that has mock neck with neon yellow tape detailing on the inseam, neon yellow zippered chest placket, long raglan sleeves, black mesh inserts on the arm pit area ,swoosh logo embossed on the upper left chest and reflector strips on the sleeves Fitting Comfort Wash care Machine was warm Wash separately with like colours Do not use softeners Remove immediately Do not allow to lay on itself when wet Do not bleach, iron or dry clean Line dry This grey melange T-shirt from nike is made of Dri-Fit fabric that wicks sweat away from the body to the fabric's surface, where it quickly evaporates. Spandex fibres allow it to stretch for better mobility and a comfortable, athletic fit. The Element Half-Zip features a fitted design that stays out of your way as you run. Ergonomic seams map the natural contours of your body to help reduce friction and chaffing while providing great range of motion. The mock collar delivers extra warmth and protection when you need it, and the mesh under arm vents increase airflow in this high-heat area to help you stay dry and comfortable. Rough on the weather, soft on you, the nike Element t-shirt helps you stay dry, comfortable and distraction-free from the first mile to the last.",Nike Men Zip Grey Sweatshirts,Sweatshirts
26676.jpg,"Let the monsoon pave the way for your style with these fun-to-wear-in-the-rains flip flops from puma. Upper Thong strap construction in textile with foam lining Padded straps for snug Fit Fabric toe separator for comfort Embroidered swoosh on the strap Soft, cushioned foam footbed with strawberry print Outsole Grooved TPU outsole for great grip shoe care Rub surface with clean, damp cloth to remove dust Do not machine wash",Puma Women Stawberry Pink Flip Flops,Flip Flops
38400.jpg,"Composition Blue polo neck jersey made of 100% polyester engineered with ClimaCool technology, premium structured knit fabric with climacool mesh at the back for comfortable feel, has short sleeves, half zipper on the front, mesh fabric along the sides at the hem for breathability, Maestro logo on the left sleeve, Mumbai Indians printed on the left chest, has Mumbai Indians embroidered on the collar, adidas brand logo on the right chest, Hero logo on the front, patented adidas 3-Stripes and gold trims on the shoulders   Fit Regular   Wash care Machine wash in lukewarm water below 40 degrees, using a mild detergent Wash dark colours separately Do not soak, bleach, tumble dry, dry clean or iron on print/trims/ logo Dry in shade Warm iron  The Indian Premier League has kick started. You know you have the Gods of cricket on your team - show your appreciation for their super-human efforts by wearing this Mumbai Indians match jersey from Adidas. Their motto is 'Play Like One' and you too can be part of that global team spirit which brings people together, defying all odds, to triumph at the highest level! With an all new look and design for the 2012 DLF IPL, the Climacool fabric keeps skin dry and comfortable during the heat of the day. So wear this stylish jersey and cheer for your favourite team at the IPL.   Model statistics Product is a size M on a model of height 5'7"" and chest 33""",ADIDAS Mumbai Indians Women Blue Match Jersey,Tshirts
26710.jpg,"Composition White T-shirt made of 100% cotton, has a round neck, short sleeves, fabric tape detailing on the in-seam, stitch detailing and branding in yellow, green and blue printed on the front  Fit Regular  Wash care Gentle machine wash inside out in cold water with like colours using a mild detergent Do not bleach or dry clean Tumble dry low Warm iron on reverse  This fabulous puma T-shirt has an exclusive casual style and a great look. The branding on the tee ups your style quotient, while the cotton fabric keeps you fresh and comfortable all day. Pair it with denims or tracks and canvas shoes to look your best.  Model statistics The product is a size M on a model of height 6' and shoulders 18”",Puma Men Jamaica Fun White T-shirt,Tshirts
26876.jpg,"Style Note jealous 21 stays in-vogue with this stylish      piece that is sure to become  a love-forever favourite in your casual      wardrobe. Wear it with form  fitting denims, style with      understated accessories and  peep-toe shoes.   Product Details White v-neck top that has short raglan sleeves, graphic print on the front with crystal embellishments and a bow on the left Material and Care 100% cotton Machine wash delicate in cold water with like colours using a mild detergent Do not bleach, scrub, wring, tumble dry or dry clean Dry flat in shade Warm iron; do not iron on decorations Size and Fit Regular fit The model (height:5'8"" and chest:33"") is wearing a size M ",Jealous 21 Women White Top,Tops
28022.jpg,"The final product delivered might vary in colour and prints from the display here. Pack of two briefs  Style Note Revel in the    comfort of soft fabric with these grey skants Elance  briefs from    jockey. The superior fabric provides breathable comfort,  while the cut    offers easy leg movement. The label allows abrasion free  comfort and    the fly construction offers maximum support   Product Details Skants brief is designed to Fit excellently around the hip Styled for optimum support Full back coverage for enhanced comfort Stylish and comfortable fabric covered waistband   Material and Care 100% premium combed cotton with rib fabric Machine wash delicate at 40 degr ees with like colours using a mild detergent Do not bleach, iron or dry clean",Jockey ELANCE Men Pack Of 2 Briefs 1004,Briefs
49435.jpg,Round toed slip-on shoes with gussets at the sides of the tongue EVA midsole with foxing at the toe box Waffle gum rubber outsole with a reverse waffle pattern,Vans Men Blue Shoes,Casual Shoes
27859.jpg,"White shirt with red and navy blue checks, has full length buttoned placket, three quarter sleeves with button tabs and a curved hem",Scullers For Her Check Navy Blue Shirt,Shirts
37971.jpg,"Style Note Handcrafted leather goodness for your feet - with love from clarks. This sandal is moulded to Fit your feet to perfection and designed to add an understated polish to your ensemble.   Product Details Leather crisscrossing forefoot and midfoot straps and an ankle loop with a Velcro closure Padded footbed with a heel patch TPU outsole with deep flex grooves and an upraised heel   Material and Care Leather Wipe with a clean, dry cloth to remove dust Use a branded leather conditioner for added shine",Clarks Women Un Spire Red Sandals,Heels
34566.jpg,"Style Note Spring's animal print trend sees a comeback in this tonga dress, referencing your wild spirit within. The dress is balanced with Victorian themed lace sleeve straps - a perfect fusion of vintage and contemporary. Product Details Blur printed sleeveless dress with a V-neck, with four tiers, lace at the straps and back chest and elastication under the arms Material and Care 97% polyester and 3% spandex Hand wash cold Do not bleach Hang or line dry Size and Fit Regular fit The model (height 5'8"" and chest 33"") is wearing a size M",Tonga Women Printed Blue Dress,Dresses
11502.jpg,"Get dressed in these thong sandals from catwalk for a wonderful ethnic look. The beaten metal discs lend a dose of glamor to your look, making this pair a must have in your wardrobe.   Upper  Slim synthetic straps in a thong design Beaten metal discs attached to the straps for added style Soft leather lining for all day comfort   Midsole  Leather footbed for added style and durability   Outsole  TPU outsole with a heel for ergonomic comfort   shoe care  Wipe surface with soft, clean cloth to remove dust Do not machine wash or use a drier Do not store in direct sunlight ",Catwalk Women Lifestyle Silver Flats,Heels
40655.jpg,Style Note,Span Women Green Kurta,Kurtas
3596.jpg,"Composition canvas shoes with multi coloured denim upper, rubber outsoles and All Star heel patch shoe care Make a paste using 1 tbsp of baking soda, 1 tbsp white vinegar and 1 tbsp hot water Rub this paste onto the canvas and the sole using a brush Wash off with lukewarm water This All Star Chuck Taylor converse multicoloured pair with an Ox length heel counter supports ankle movement and protects it from injuries. Made of denim uppers and diamond-shaped ridges in the outsole, this pair is perfect for use on rough terraine. The carbon rubber outsole ensures longevity, strong grip and weather resistance, while the laces and metallic eyelets ensure a snug Fit. The original rubber toe box and toe guard give added protection to the feet, making it a perfect addition to your wardrobe.",Converse Men's Chuck Taylor Digital Print Ox Black Canvas Shoe,Casual Shoes
36396.jpg,"Style Note It's comfort unparalleled once you slip into this pair of multi coloured socks from Reid and Taylor. Crafted from soft, stretchable fabric, these socks have been designed for casual occasions. Product Details Multi coloured socks for all-day comfort, easy stretch and sweat-free wear Padded foot-bed for cushioned comfort Hand finished toe seam for abrasion-free wear Rib knit mouth for a comfortable wear Roomy toe area for superior comfort and durability Branding on the heel area Material and Care 100% combed mercerized cotton Machine wash cold in 40 degrees using a mild detergent Wash dark colours separately Do not iron, dry clean or tumble dry Dry in shade",Reid & Taylor Men Striped Socks,Socks
39195.jpg,"Style Note Updated summer style for your feet with catwalk's latest line. Inspired by the fresh fashion fetishes this season, this pair of sandals exemplify versatility - they look good with everything from smart formal day wear to breezy spring separates. Style them with an all-pastel coloured ensembles or a colour pop one, they go well with both!   Heel: 3""   Product Description Thick thong style straps with sequin details all over it (and a synthetic toe separator) Padded nubuck footbed Wedge heel with lined grooves on the sides TPU outsole with an arched midfoot and grooves on the forefoot and heel patch   Material and Care Synthetic Wipe surface with soft, clean cloth to remove dust Do not machine wash or use a drier Do not store in direct sunlight",Catwalk Women Gold Heels,Heels
53563.jpg,"Case style: Analogue watch with white plastic square case Dial style: White dial with black hands Strap style: White plastic strap with a tang clasp Features: Branding on the 9 hour mark and a screw to reset time Water resistance to 5 BAR, wearable around sinks, during swimming, poolside diving but not highboard diving and surfing Warranty: 1 year",Q&Q Unisex White Analog Dial Watches,Watches
22191.jpg,"timberland experiments in blending a mid-ankle shoe style with penny loafer style toe box. Perfect for the fashionable cosmo male who loves to push the sartorial envelope. Upper Two-tone leather upper for absolute comfort, durability and style Mid-high ankle for enhanced style and better support to the lower leg Leather overlay at the heel for added shoe structure and style Lace-up system for a snug, customised Fit Fabric footbed for sweat-free comfort Midsole Rubber midsole for lightweight comfort and shock absorption Outsole TPU outsole with patterned grooves Shoe care Use a dry clean cloth to remove dust Do not wash or store in direct sunlight",Timberland Men Light Brown Casual Shoes,Casual Shoes
18872.jpg,"Tapering leather loafers for men is the latest tongue-in-cheek statement from franco leone. These slip-on shoes add a roguish twist to your conventional formal ensemble. Upper Leather upper with a tapering toe box Reinforced overlay on the low-cut heel for support to the ankle Slip on styling with elasticated seams on the sides of the tongue for ease of wearability Leather lining Padded tongue Soft sockliner for instep comfort Stitch detailing on the seams of the tow box Midsole Shock absorbing EVA midsole Outsole TPR outsole with an upraised heel Terraced grooves on the midfoot for grip and traction Wash care Wipe surface with soft, clean, damp cloth Do not machine wash",Franco Leone Men Formal Black Shoes,Formal Shoes
9001.jpg,"Absolutely stylish, comfortable and different, the puma EI Rey Riddim 50s OC sneakers are great for urban wear. Team these with jeans and tees and make a statement wherever you go.  Upper Printed canvas upper for protection, comfort and style Rubber flap over the midfoot slit for easy insertion and removal of the feet cat logo engraved over the rubber flap abd printed behind the collar   Midsole Cushioned footbed for all-day comfort EVA midsole for better shock absorption   Outsole Durable rubber outsole with thatched pattern for better grip and traction ",Puma Men El rey Riddim 50s OC Grey Casual Shoes,Casual Shoes
11449.jpg,"Composition Navy blue and blue striped blouson top made of 82% viscose and 18% polyester, has a bateau cowl neckline and long sleeves Fitting Regular Wash care Machine wash in 30 degrees using mild detergent Do not dry clean, tumble dry, wring, scrub or bleach Dry flat in shade Cool iron Do not iron directly on print/embroidery Perfect on style and great in comfort, this navy blue and melange blue striped blouson top from united colors of benetton makes for a great casual wear. The  cowl neckline lends this a big dose of cool, while the fabric keeps you fresh and comfortable all day. Team this with slim Fit jeans and black heels and ooze style. Model statistics The model wears size M in blouson tops Height: 5'8"", Chest: 33""",United Colors of Benetton Women Light Winter Blue Tops,Tops
13033.jpg,"It's femininity celebrated and enhanced with this pair of heeled shoes from Inc. 5. With it's sleek design and simple style, this pair is a perfect part wear. This pair comes with a shoe bag that helps you carry it around in ease. Heel : 3"" Upper Slip-on style shoe with a leather upper that has a sheen outer lining, back heel cup and forefoot cap with a peep toe for absolute comfort and style Synthetic leather strip on the footbed for enhanced comfort Bow on the forefoot strap for style Outsole Non-slip outsole with grooves on the forefoot and heel patch, and has a textured toe region for absolute grip even on smooth surfaces Shoe care Wipe surface with a damp, clean cloth to remove dust and dirt Do not wash or store in direct sunlight",Inc 5 Women Casual Black Heels,Heels
20888.jpg,"Return to your basics and play around your style statement with this pair of canvas shoes from basics. A perfect blend of style and comfort with its contrast coloured laces, this sneaker makes for a great buy.  Upper  Canvas upper for easy maintenance and durability Carbon rubber toe box for enhanced protection of the upper foot Eyelets on the medial midfoot for breathable comfort Long canvas tongue for added comfort and snug Fit Padded footbed with a fabric lining for cushioning and all-day comfort Haul loop for easy on/off and to hang shoes   Midsole  EVA midsole for enhanced cushioning and impact protection Reinforced guard to protect the forefoot of the shoe and enhance durability   Outsole  Vulcanized rubber outsole for flexibility and traction Diamond-shaped lugs on the forefoot and heel, with slanting grooves along the periphery and midfoot for superior grip on all terrains   Shoe care  Make a paste using 1 tbsp of baking soda, 1 tbsp white vinegar and 1 tbsp hot water Rub this paste onto the canvas and the sole using a brush Wash off with lukewarm water",Basics Men Blue Casual  Shoes,Casual Shoes
2983.jpg,"Composition: Grey V-neck tee in cotton with large graphic print Wash Care: Hand wash or machine wash Fitting: Comfort Fit This grey v-neck tee from puma with the bold chest print is great for summers. Team it up with skinny jeans or denim shorts for outings with friends. Model's Statistics: 1. The model wears size M in t-shirts 2. Height-5.7', Chest-32"", Waist-26""",Puma Women's Graphic V-Neck Grey T-shirt,Tshirts
6559.jpg,"Talk about style and space rolled into one, and there's no better Sports bag you can find than this one from nike. Neatly designed with lots of organizer space, this bag also makes for a great everyday wear to school or college. Height : 18"" Width : 12.5"" Depth : 8” Capacity : 30 litres   Made of polyester with a nylon and polyester lining for durability and easy cleaning  Branded zippers and sliders for easy use and longer life of the bag  One main copiously spaced zippered compartment with a zippered pouch to store essentials  One front zippered compartment at the bottom with two mesh organizers for easy use  Appliqued Athletic Department badges on the front and side panels, with a nike swoosh badge on the small front pocket  Synthetic haul loop for handling ease  Wide, adjustable padded handles and padded back for carrying ease and to protect the shoulders and back from injuries   Care Hand wash Clean with a damp cloth when necessary Do not dry clean or machine wash Do not bleach Do not tumble dry Do not wring Line dry Do not iron",Nike Unisex All Access HA Pink Backpack,Backpacks
41989.jpg,"Style Note Your little guy will love the soft comfort of this cotton shirt from Gini & Jony while you'll love how smart he looks. Fuss-free dressing doesn't get better than this! Product Details White shirt with blue checks, has short sleeves, embroidery on the chest, applique pockets on the chest, a buttoned placket and a curved hem Material and Care 100% cotton Machine wash separately in cold water using a mild detergent Do not bleach or soak Line dry inside out in shade Warm iron only Do not iron directly on print/embroidery",Gini and Jony Boys Check Blue Shirt,Shirts
9243.jpg,NA,Mark Taylor Men Blue Striped Shirt,Shirts
29977.jpg,Stainless steel round case with crystal embellishments Stainless steel strap in the form of a bracelet with a double press clasp White dial with metallic hands Branding at the 12-hour mark Screw to reset time Solid case back made of stainless steel for enhanced durability Water-resistance up to 30 meters Comes in a signature ASPEN case Warranty: 2 years against manufacturing defects,Aspen Women White Dial Watch AP1102,Watches
22174.jpg,"Blending plush two-tone suede with rustic leather, these ankle boots from timberland are designed for comfort under extreme conditions. The high top styling with stitch seams at the toe box is a sartorial reference to the spirit of adventure. Wear these with form fitting denims and a dark formal shirt. Upper High-top nubuck upper with strategically placed overlays Brand embossing on the lateral side of the heel Central lace ups with metal rings Padded tongue Padded insole for in-step comfort Removable sockliner to accommodate an orthotic Outsole reinforced onto the upper at the toe box Midsole Rubber midsole for cushioning Outsole TPU outsole with geometric lugs for grip and traction and a stacked heel shoe care Wipe surface with soft, clean, damp cloth to remove dust Use a nubuck brush to remove dust from suede parts Do not machine wash",Timberland Men Light Brown Casual Shoes,Casual Shoes
26091.jpg,"Composition Blue and white checked shirt made of a cotton/polyester blend, has long sleeves with buttoned cuffs, spread collar with a buttoned front placket, patch pocket on the left chest, embroidered branding on the right cuff and a curved hem  Fit Slim  Wash care Hand or machine wash cold at 30 degrees with like colours using a mild detergent Do not bleach Tumble dry low Dry in shade Warm iron; do not iron on decorations  Designed for the ambitious executive in flattering shades and crafted from cotton/polyester blended fabric, this checked formal shirt from the john miller collection, is stitched to perfection. Pair it with crisp formal pants, a blazer, classy accessories and rich leather formal shoes.  Model statistics The product is a size 40 on a model of height 6' and shoulders 18""",John Miller Men Check Blue Shirt,Shirts
22677.jpg,"Black laptop bag Two short handles, one long detachable and adjustable sling strap Two main zip compartments, has a padded laptop sleeve with a Velcro closure Two zip pockets on the front, has an organiser sleeve An external zip pocket on the back Warranty: 5 years from the date of purchase against manufacturing defects Disclaimer: Please note that the thread colour in the brand logo may vary from the image shown Note: The inner lining material/colour may vary from what is shown in the image",Wildcraft Unisex Gear for Life Black Laptop Bag,Laptop Bag
9090.jpg,"When you have the desire to hang out in style, slip into the Valle casual shoes from buckaroo, and you'll easily be the most stylish person at the gathering! These smart lace-ups are not just great-looking, but also lightweight and comfortable. Pair them with your best pair of jeans and a smart tee to look like a fashionista.   Upper  Full grain leather upper for added durability and style Stitch detailing for added structure and style Lace-up system with synthetic laces for a snug, customized Fit Lightly padded collar and tongue for in-step comfort and a snug fit Brand badge on tongue   Midsole  EVA midsole with shock absorbers for lightweight comfort Well-cushioned footbed for all-day comfort Woven fabric lining for extra comfort  Outsole  Lightweight, slip-resistant rubber outsole for better shock absorption Oval lugs all over the outsole for better grip and traction on all surfaces  shoe care  Wipe leather surface with dry, clean cloth to remove dust Use a branded leather conditioner to maintain shine Do not store in direct sunlight",Buckaroo Men Valle Black Casual Shoes,Casual Shoes
23210.jpg,"Composition Brown animal print kurta, made of blended sheer fabric, has a mandarin collar with a split neckline, shimmery sequin work on the yoke, three quarter asymmetrical bell sleeves and a curved hem Fit Regular Wash care Hand wash separately in cold water using a mild detergent as colour may bleed Flat dry inside out in shade Warm iron The inspiration for this kurta from aneri is the retro-esque fusion of the uniquely ethnic with smart workwear. The modern Indian working woman has come into her own, as has her wardrobe. This piece epitomises how fashion, vintage styling and comfort unite to create the perfect Indian tunic. Those interested in colour blocking can wear this with bright contrasting capris or pants. For those who want to keep their look classic and chic, pair this with tonal leggings and embellished sandals. Model statistics The product is a size M on a model of height 5'8"" and chest 33""",Aneri Women Sequin Brown Top,Tops
7100.jpg,"Green medium duffel bag Two short handles with a padded tab secured with a Velcro closure, and detachable and adjustable sling strap with a shoulder pad One main zip compartment Two side zip pockets Warranty: 18 months Warranty provided by the brand owner / manufacturer",Wildcraft Unisex Green Duffel Bag,Duffel Bag
24678.jpg,"An all-time favourite accessory, belts form an integral part of dressing - be it to secure your trousers, or act as a styling detail to your outfit. This Leatherette belt from fastrack is set to pump up your style and add zing to your attire.   Made of Leatherette for durability and style Metal studs after the loop and the holes to increase the smartness quotient Tang clasp to offer a snug Fit and to hold the belt in place Holes to customise fit Brand name embossed on the inside of the belt  Care Use a brass polisher to maintain buckle shine Wipe surface with a clean, dry cloth to remove dust",Fastrack Women Leatherette Black Belt,Belts
35116.jpg,-,Allen Solly Woman Black Necklace,Necklace and Chains
12221.jpg,"A pair of grey woven mid-rise trousers, has a zip fly and button closure, waistband with belt loops, a slant pocket on either side of the front, a coin pocket on the right, two welt pockets with button closures on the back, a brand patch above the right welt pocket",Basics Men Grey Trousers,Trousers
50944.jpg,"Style Note One of the world's largest denim-wear Brands lee definitely knows how to craft their jeggings. This Summer the brand presents a range of jeggings        that you will want to live in. Its blended fabric composition ensures a super-stretchy feel that is guaranteed to not stretch -out over time. tops, t-shirts, tunics ..... Whatever you pair it, a lot of complements will definitely come your way. Product Details Navy blue denim jeggings, two mock scoop pockets in front with top stitch detail, embroidered branding on right , yoke and two patch pockets at the back with arquette embroidery, waistband with loops, zippered fly with button, embroidered branding at back waistband Material and Care Cotton blend Machine wash cold Warm iron Size and Fit Extra low rise, slim and super skinny fit The model( height 5'8""and waist 28"") is wearing a size 28",Lee Women Navy Blue Jeggings,Jeans
28521.jpg,"Composition Black capris for women made of 61% cotton, 33% polyester and 6% spandex, has a broad elasticated waistband and drawstring, elasticated hem and embroidered branding below the waistband on the left and at the back on the right Fit Regular Wash care Gentle machine wash inside out with like colours using cold water Do not bleach, or dry clean Line dry Do not iron Whatever the occasion, be it a visit to the mall or park, jogging or just hanging out with friends, this pair of capris from nike is a well deserved addition to your casual wardrobe. The sporty look does wonders for your casual style and the soft fabric keeps you extremely comfy. Pair it with a sporty T-shirt and running shoes .",Nike Women Jersey Cuffed Black Capris,Capris
46175.jpg,"Red, beaded, multi-stranded necklace that is knotted at the end to give a pendant look and feel",Adrika Women Red Necklace,Necklace and Chains
40260.jpg,"Style Note  This classic shirt from scullers adds a big dose of style to your casual look. Be the cynosure of all eyes in this shirt, while the soft cotton fabric keeps you fresh and comfortable all day. Pair it with jeans and casual footwear.   Product Details  Blue and white checked shirt, has a spread collar, long sleeves with buttoned cuffs, full buttoned placket, pockets on the front with flap button closure, brand tag stitched on the left chest pocket and a curved hem   Material and Care  100% cotton  Hand or machine wash in cold water with like colours using a mild detergent  Do not bleach  Tumble dry low  Dry in shade  Warm iron do not iron on decorations   Size and Fit  Slim fit  The model (height 6' and shoulder 18"") is wearing a size 42",Scullers Men Check Blue Shirt,Shirts
16788.jpg,"A hot favourite among the casually stylish, this adidas watch from the Originals collection ia a perfect digital wrist watch is a great buy for those who enjoy performance and style. With excellent touches and grooved comfort, this watch makes for an excellent buy as a daily wear.  Case diameter: 40 mm Case thickness: 10 mm Dial shape: Round  Plastic case with a orange and black plastic strap and adidas logo for added durability, style, comfort Fixed bezel for added comfort Grooved strap and tang clasp for snug Fit and comfort wear, White digital dial displaying hours, minutes, seconds, date and day of the week Quartz movement of time display using a paper-thin piece of synthetic quartz to ensure accurate time measurement Solid stainless steel case back for enhanced durability 10 ATM water resistance tested using the equivalent static depth rating, with resistance  at 100 meters, allowing you to use it even when snorkelling, skin-diving, and swimming Lap memory that allows the watch to record your laps",ADIDAS Unisex Digital Black Watch,Watches
39723.jpg,"Style Note  Dress up in this summery frock from arrow and add a dash of bright colours to your outfit. This dress combines style and comfort to give you the perfect outfit for a day out in the sun. Accesorize subtly and pair the dress with simple sandals to complete the look.  Product Details  Aqua green printed dress with shades of brown, white and green patterns on it, has a round neck, raglan short sleeves, loops for a belt around the waist and a brown belt with a metallic buckle  Material and Care  95% viscose and 5% lycra  Warm wash with light colours  Use non chlorine bleach only when needed  Tumble dry  Medium iron  Size and Fit  Regular fit  The model (height 5'8& rdquo and chest 33& rdquo ) is wearing a size M  Style Note Dress up in this summery frock from Arrow and add a dash of bright colours to your outfit. This dress combines style and comfort to give you the perfect outfit for a day out in the sun. Accesorize subtly and pair the dress with simple sandals to complete the look. Product Details Aqua green printed dress with shades of brown, white and green patterns on it, has a round neck, raglan short sleeves, loops for a belt around the waist and a brown belt with a metallic buckle Material and Care 95% viscose and 5%  lycra Warm wash with light colours Use non chlorine bleach only when needed Tumble dry Medium iron Size and Fit Regular fit The model (height 5'8& rdquo and chest 33& rdquo ) is wearing a size M",Arrow Woman Aqua Green Dress,Dresses
48455.jpg,"Style Note french connection tees indulge in a minimalist uncomplicated aesthetic. Layer this under a tailored blazer and fitted chinos, or for a pared down look, we recommend a fitted pair of denims with no distressing or wash. Style this with low top shoes without socks for maximum effect. Product Details White T-shirt, has a round neckline, short sleeves and graphic print with branding in front Material and care 100% cotton Machine wash cold Do not bleach or tumble dry Use cool iron Size and Fit Regular fit The model (height 6' and shoulders 18"") is wearing a size M",French Connection Men White Printed T-shirt,Tshirts
4816.jpg,"Composition White round neck t-shirt made of 100% polyester, with black and white ribbed crew neck, iconic three stripes running from shoulder to the sleeve hem panel,Climacool fabric and embroidered logo and appliqued badge on the chest Fitting Comfort Wash care only hand wash gently Do not machine wash Wash with like colours Wash and iron inside out Do not use fabric softener Use mild detergent only Do not iron on motif/print/trims/logo Lightweight and quick drying, this white tee from adidas gives a great comfortable feel and looks stylish too. The ventilated ClimaCool keeps you dry and comfortable through an active day or hectic training schedules. Team this with adidas tracks and shoes for an action filled day on the Sports field or for working out. Model's statistics The model wears size M in t-shirts Height-6', Shoulders-18""",ADIDAS Men's AP ST White Black T-shirt,Tshirts
11834.jpg,Style Description,Playboy Men Casual Grey Casual Shoes,Casual Shoes
3259.jpg,"First launched in 1971, the Basketball Classic in an all-time retro style that will never go out of fashion. The leather upper offers great comfort and durability, while the rubber outsole provides absolute grip. Upper Leather upper for great style with suede formstripe Upper stitched to the outsole for added durability Central lacing system for snug, customised Fit Lightly padded collar for snug fit Perforation on the medial side for breathability Midsole Lightly padded insole for added comfort. EVA midsole for lightweight comfort Outsole Textured rubber outsole for durability and absolute grip and traction on various surfaces",Puma Men's Basket White Green Shoe,Casual Shoes
17766.jpg,"Leather upper casual shoe with central lace up fastener The suede leather has plain leather overlays and in an interwoven pattern in the midfoot area Reinforced heel collar that is slightly padded Soft, slightly padded footbed for comfort Soft and padded tongue Tough grooved outsole",Buckaroo Jefe Men Olive Casual Shoes,Casual Shoes
33826.jpg,"The Axis XT for men from puma is a lightweight everyday trainer. A great neutral running shoe, it looks fabulous when teamed with casual wear as well. Upper Mesh upper with synthetic overlays for structure and breathability Formstripe and cat logo on the sides for added style and structure Cushioned collar and tongue for plush comfort Lace-ups for snug Fit Midsole Phylon midsole for strength and lightweight structure OrthoLite sockliner for superior comfort, material regeneration, air circulation and anti-microbial function Outsole ArchTec for greater ease in heel to toe transition Flex grooves built across the outsole to enhance flexibility shoe care Wipe surface with soft, clean, damp cloth to remove dust Do not machine wash Store away from sunlight",Puma Men Axis Black Sports Shoes,Sports Shoes
36000.jpg,"Style Note Stretchy and comfy room-to-grow style t-shirt from ben 10, a pint-sized version of his dad's T-shirt. The go-to piece for summertime games and fun, this tee will last longer than his scruffy escapades! Product Details Navy blue and green round neck t-shirt, has short sleeves, graphic and rubber print on the front, brand tag on the left hem and at the back Material and Care 100% Cotton Hand wash warm with like colours using a mild detergent Use a non chlorine bleach if needed Line dry Cool iron  do not iron on decorations Do not dry clean",Ben 10 Boys Navy Blue T-shirt,Tshirts
37483.jpg,"Style Note Taking a traditional design and giving it a modern twist is what makes esprit watches timeless timepieces. Contemporary and trendy, this is an affordable timepiece with an exquisite design that highlights your individuality.   Product Details Case style: Stainless steel round case with crystal embellishments Dial style: White dial with white hands Strap style: Steel strap with a butterfly clasp Features: 3-faced multifunction display, branding on the dial and screw to reset time Water resistant  Size Case diameter: 37 mm Case thickness: 5 mm",Esprit Women White Dial Watch,Watches
38299.jpg,"Brown one-fold leather wallet Has two main compartments, four card holders, two slip pocket, and a flap with three card holders and one id card holder on the left fold, and a coin pocket and a slip pocket on the right fold Branding embossed on the front",Reid & Taylor Men Brown Wallet,Wallets
15701.jpg,"Composition Grey sleeveless sweater made of 100% cotton, has black stripes across the front chest, ribbed V-neck, armholes and hemline, and embroidered branding on the left chest Fitting Comfort Wash care Machine wash in warm water with like colours only, using a mild detergent Do not bleach Dry in shade Do not iron Welcome the winter in style with this sleeveless sweater from spykar. The fabric traps your body heat offering cosy comfort, and keeps the winter chill at bay, while the ribbing offers a customized Fit. Wear this over shirts or t-shirts and semi-formal pants for a stylish look. Model statistics The model wears size M in sweaters Height: 6’1”; Chest: 38.5”; Shoulders: 18.5”",Spykar Men Stripes Grey Sweaters,Sweaters
27181.jpg,"Composition Blue striped formal trousers, made of polyester and viscose blend, has a flat front with two pockets on the sides, brand name embroidered beside right pocket on the front, two buttoned welt pockets on the back, metal zipper and hook closure and has extendable hems   Fit  Regular fit; Regular rise   Wash care  Machine wash inside-out separately in warm water Do not bleach Tumble dry low Dry inside out in shade Warm iron  These formal trousers from mark taylor will go a long way in making you the most sophisticated-looking man at any gathering. Made from the choicest of fabrics, they are perfectly fitted for office wear and any other formal occasion when you want to look your best without effort. Pair them with a crisp formal shirt and leather shoes.  Model statistics  The product is a size 32 on a model of height 6' and waist 32""       LMBE00056    ",Mark Taylor Men Striped Blue Trousers,Trousers
16162.jpg,"Indulge in the luxury of pure leather with this pair of sandals from enroute. In a classic silhouette and with ample cushioning, this sandal makes for a fabulous addition to your casual wardrobe.   Upper Soft and wide leather midfoot straps in a cross-over pattern Backfoot strap has an adjustable velcro closure to offer a custom Fit Ergonomically padded leather footbed for all-day comfort   Outsole TPU outsole with modified leaf rib-styled lugs strategically placed on the forefoot and heel to offer absolute grip and traction  shoe care Wipe surface with a clean and dry cloth to remove dust Use a branded leather conditioner Do not store in direct sunlight",Enroute Men Leather Black Sandals,Sandals
3985.jpg,"Composition Cobalt blue round neck t-shirt made of 100% cotton, with short sleeves, ribbed collar, and bold graphic and flock print on chest Fitting Regular Wash care   Machine wash with warm water of 40 degrees  Wash inside out with like colours  Do not bleach  Dry in shade  Do not iron on print   There's no better way to flaunt your power than by donning the sun itself on your t-shirt. Advertise your strengths with the sun doing the talking with this cool blue cotton Mr. Strong T-shirt from mr. men. The colour blending chest print with a contrast coloured velvetty flock print makes this tee perfect for those who flaunt their cool attitude to perfection. A great casual wear, this T-shirt looks best with jeans and casual lifestyle footwear. Model statistics The model wears size M in t-shirts Height-6', Shoulders-18""",Mr.Men Men's Strong Blue T-shirt,Tshirts
11946.jpg,"Designed for those who never compromise on comfort and style, these sandals from ganuchi are a perfect addition to your wardrobe. Upper Synthetic twill straps on the mid foot, backfoot and crossing over on the forefoot Fabric inner lining for the straps for all-day comfort Buckled forefoot and midfoot straps and velcro closure for the backfoot strap to customise the Fit Padded fabric patch on the inner of the back strap for added comfort to the backfoot Flexible and textured PU footbed for all-day comfort Outsole TPU putsole with waffle pattern lugs for absolute grip shoe care Wipe surface with a dry, clean cloth to remove dust Do not wash or store in direct sunlight",Ganuchi Men Casual Brown Sandals,Sandals
34445.jpg,"Style Note Spun from our irresistibly soft cotton, this is a blissfully cosy T-shirt. Sporting a print on the chest, this tee from myntra gives a fresh twist to an off-duty staple making it ideal for your cool summer wardrobe. Style it with shorts or jeans, understated accessories and lace up casual shoes for perfect woman-about-town nonchalance   Product Details Peach T-shirt has a round neck, short sleeves with stitch detail and graphic print on the left chest   Material and Care 100% cotton Wash in cold water with like colours using a mild detergent Do not bleach, soak or wring Warm iron on reverse   Size and Fit Regular The model (height 5'8"" and chest 33"") is wearing a size M",Myntra Women Love Only Peach T-shirt,Tshirts
21324.jpg,Lens colour: Brown Lens type: UV protected lens Frame colour: Gold-toned and black Frame type: Metal frame with plastic arm ends High bridge and flexible nose pads Comes in a case,Louis Philippe Men Aviator Sunglasses LP201-C1,Sunglasses
3552.jpg,"Composition Light brown casual shoes with suede leather upper, phylon midsole and carbon rubber. shoe care 1. Rub surface With soft, clean cloth to remove dust 2. Do not machine wash This pair of semi-formal shoes exude a sense of sophistication, with its padded collar and tongue and suede body. The same colour artificial lace strung along the backfoot ensures a snug Fit and adds a sense of style to the shoes as well. The soft fabric shoe lining is comfortable on the feet and keeps them safe from shoe bite. The cushioned insole provides comfort to the foot, while the shock absorbing lightweight midsole makes the pair of footwear appropriate for use on hard indoor surfaces. The high traction flexible outsole supports your natural body movement and walking posture, while the outsole makes the shoe flexible, weather-resistant and easy to maintain through all seasons. ",Skechers Men's Light Brown Lifestyle Shoe,Casual Shoes
41782.jpg,"Style Note remanika combines edgy style with flattering fits in all their creations, including this trendy top. With excellent styling and a well designed look, this tunic can be worn with contrasting leggings and sandals for an evening out in style.  Product Details Black coloured sleeveless tunic, has a square neckline with a curved centre in front and a V neckline at the back bordered with sequins, has a string detail hanging from the curved part of the neckline which can convert the top into a halter neck as well, ruffled detail below the sequins at the back, has ruffles around the arm holes, draping below the yoke and tapers at the waist  Material and Care Viscose Gentle machine wash Do not bleach and flat dry only Use cold iron  Size and Fit Regular fit The model (height 5'8"" and chest 33"") is wearing a size M",Remanika Women Black Tunic,Tunics
15016.jpg,"Composition Grey sweatshirt made of 80% cotton and 20% polyester, has a ribbed round neck, long raglan sleeves, ribbed cuffs and hem, mock pocket on the left chest with a synthetic leather piping, adidas patented 3-Stripes running from the back chest to the left sleeve, and branding in print on the right sleeve Fitting Comfort Wash care Wash below 40 degrees separately Do not dry clean Do not soak, bleach or tumble dry Dry in shade Warm iron; do not iron on decoartions Perfect for your sporty fashion needs, this sweatshirt from adidas is designed to keep you warm and comfortable in the winter chill. Team it with adidas track pants or denims and sports shoes . Model statistics The model wears size M in sweatshirts Height: 6'1', Shoulders: 18.5""",ADIDAS Men Solid Grey Sweatshirts,Sweatshirts
42950.jpg,"Style Note  Spring Summer 2012 saw statement accessories steal the show on ramps. Now bring this trend to your wardrobe with this stylish french connection belt, crafted from superior materials. Pair these with unlikely pieces in your wardrobe be it pastel hues or colour pops.   Product Details  Thick brown belt  Has a wide oval buckle with text and detailing  Has a press clasp with buttons to customise the Fit   Material and Care  Leather  Wipe with a clean, dry cloth to remove dust",French Connection Men Brown Belt,Belts
48637.jpg,Silver earrings Intricate silver pattern with CZ diamond embellishments Push back closure,Lucera Women Silver Earrings,Earrings
9996.jpg,Wash Care  Machine Wash separately in cold water Use mild detergent Do not Bleach Avoid Soaking Remove promptly Line Dry inside out in shade Warm iron only Do Not Iron Directly on Print/embroidery,Palm Tree Girls Sp Jelly Top Blue Tops,Tops
23601.jpg,"For the free-spirited cosmopolitan male, this nike fragrances Casual fragrance is inspired by the essence of the nike fragrances brand. This eau de toilette, bottled in a delectable flask, is best for casual outings and lazy weekends. Caution: Flammable, Keep away from sources of ignition, Keep away from children. Do not use near fire, flame or heat, Avoid spraying near the eyes",Nike Fragrances Men Casual Perfume 75 ml,Perfume and Body Mist
35358.jpg,"Style note The Spanish influences in the design details of this sandal is the reason for the Spanish name, senorita. Subtle pastel hues, super soft footbed styling anf classic designs with a sophisticated polish, style this pair with kohl-rimmed eyes and an ethno-western ensemble! Product Details Blunt toed sandal with braided thong style synthetic straps Padded black footbed with a heel patch Mini wedge heel (no midsole) TPU outsole with textured patterns Material and Care Synthetic Wipe surface with a clean, damp cloth to remove dust Do not machine wash Do not store in direct sunlight",Senorita Women Black Flats,Heels
18117.jpg,"Composition Black sleeveless vest made of 100% combed cotton ribbed fabric, has a round ribbed neck and racer back with a brand badge at the back neck   Fit  Comfort   Wash care  Machine wash warm with like colours Do not bleach Tumble dry low Warm iron  Revel in the luxurious comfort of a combed cotton fabric in this vest from crusoe. This vest made of ribbed combed cotton fabric will contour your body perfectly, stretch with you and retain its shape wash after wash. The athletic neckline and stylish shoulder straps in contrast colour offer a flattering fit. And what's even better is that this vest comes with a printed brand label on the inner neck - so bid goodbye to those scratchy labels and welcome comfort at its best!   Model statistics  The model wears size M in vests with height 6' and shoulders 19""",Crusoe Men Easy Tee Black Innerwear Vest,Innerwear Vests
55519.jpg,Revlon Top Speed Brownish Black hair colour 68 Enriched with mother of pearl and ginseng extracts to make hair shinier and more resilient Ammonia free After-color conditioner saturates your hair for a soft and shiny result Please follow instruction manual carefully before use,Revlon Unisex Top Speed Brownish Black Hair Colour 68,Hair Colour
53437.jpg,"Tour360 Carbon WD shoes from adidas with a leather upper Mono-tongue construction for a glove-like Fit with lace ups X-STATIC silver filament fibers woven into the lining is antimicrobial, eliminates odor and static, and helps regulate temperature for optimized comfort Embossed branding on the tongue and back AdiTUFF technology for durabiltiy and strength Silver tri-stripe design on the sides Removable FitFOAM insole which provides ever-lasting cushioning, support and comfort CLIMAPROOF technology for moisture management and ventilation THiNTech technology for improved traction and stability TRAXION technology with spike configuration which provides lock-down grip in all directions and even pressure distribution.",ADIDAS Men White Sports Shoes,Sports Shoes
12326.jpg,"Black striped formal shirt, has a spread collar, full button placket on the front, long sleeves, a patch pocket, curved hem",Genesis Black Striped Formal Shirt,Shirts
8229.jpg,"Black solid backpack Padded haul loop, sternum shoulder straps 1 main compartment with zip closure Padded Mesh back Padded shoulder strap: Padded Water-resistance: No Volume: up to 23 litres Warranty: no warranty",Fastrack Men Black Backpack,Backpacks
19338.jpg,"Composition Black sleeveless puffer jacket with the shell and lining made of 100% polyester and trim fabric made of 97% polyester and 3% elastane, has a mock neck, zippered front placket, two pockets on either sides and a ribbed hem  Fit  Regular  Wash care  Gentle machine wash with cold water Wash dark colours separately Do not bleach, iron or wring Dry in shade  This polyester puffer jacket from united colors of benetton is the perfect piece for winter versatility. Pair it with jeans and a bright tee, or wear unzipped with a monochrome tee and form fitting  jeans. Ankle high boots look best with this piece.  Model statistics  The product is a size M on a model of height 6' and shoulders 18""",United Colors of Benetton Men Solid Black Jacket,Jackets
10316.jpg,"Taking traditional designs and giving it modern twist is what makes esprit watches timeless timepieces. This classic Pure Vitality analog wrist watch from esprit is no exception. Contemporary and trendy, it&  rsquo s an affordable timepiece with an exquisite design that highlights your individuality.  Case diameter: 28 mm  Case thickness: 8.5 mm  Dial shape: Rectangle  Matt finish stainless steel case with horizontal grooves and a fixed bezel for added durability, style and comfort Leather strap with reptile embossing and a matt finish tang clasp with branding Durable, scratch-resistant mineral crystal glass White textured dial with black accents, branding below 12 o&  rsquo  clock position and lines denoting hour markings Quartz movement of time display Screw to reset time Solid case back in stainless steel for enhanced durability Water resistance up to 30 meters, allowing you to use it when washing hands or your car ",Esprit Men Pure Vitality Brown Steel Watches,Watches
31921.jpg,This clutch from fabindia references authentic Indian style with its materials and design details. Epitomise the ethnic boho chic look when you match this to Indian ensembles or pair it with a dress and heels for a great Indo-Western fusion. Dimensions : 11 cm x 28 cm Silk brocade upper with a flap Double buttoned magnetic closure Two compartments with fabric lining One pouch pocket Care Wipe surface with a clean and dry cloth to remove dust,Fabindia Women Casual Magenta Clutch,Clutches
23605.jpg,"For the free-spirited woman, this nike fragrances Casual fragrance is inspired by the essence of the nike fragrances brand. This eau de toilette, bottled in a delectable flask, is best for casual outings and lazy weekends. Quantity : 75 ml Caution Flammable Keep away from sources of ignition Keep away from children Do not use near fire, flame or heat Avoid spraying near the eyes",Nike Fragrances Women Casual Perfume,Perfume and Body Mist
39499.jpg,"Mango yellow t-shirt, has a round ribbed neckline, short sleeves, print and stitch detail on front, printed branding at back, brand label at side seam Please note that the thread colour in the brand logo may vary from the image shown",Wildcraft Men Yellow T-shirt,Tshirts
59223.jpg,"Gold coloured steel case with a fixed bezel for durability, style and comfort Two toned gold and silver coloured steel strap with a press clasp Silver dial with gold coloured hands titan logo at the 12 hour mark Screw to reset time Solid case back for enhanced durability Water resistance up to 30m, allowing you to use it even when showering Warranty: 2 years",Titan Women Silver Watch,Watches
38432.jpg,"Style Note Small things often come in small packages but that doesn't mean that they don't look absolutely gorgeous. This chic tiny mobile pouch from baggit brings glamour and style to your life. Let this little fella accompany you to that oh-so-special event that requires you to look brilliant - it will give you that extra something you were looking for. Product Details Red mobile pouch with a long red strap Has floral print on the upper Has three compartments with metal zippers Material and Care Synthetic, leatherette Use cloth to remove dust and dirt Size Height: 11 cm Width: 18 cm Depth: 6 cm",Baggit Women Red Affair Hoor Mobile Pouch,Mobile Pouch
55625.jpg,"Round toed, brown, derby shoes Top stitched overlays on the upper Leather upper with reinforced overlay at the heel collar Central lace ups Padded collar and tongue, padded foot-bed TPR out-sole with grooves and nubs, branding on fore-foot ",Numero Uno Men Brown Formal Shoes,Formal Shoes
25574.jpg,"Designed for those who enjoy those long healthy runs and walks, the Trempet from fila combines comfort and stability at its best. With a heavily meshed upper and great ergonomic construction, this is one classic running shoe.  Upper Heavily meshed upper and perforations for ultimate ventilation and fresh comfort to the feet Strategically placed synthetic overlays for enhanced shoe structure Lace-up system for a snug, customised Fit Meshed and padded tongue and collar for snug, all-day comfort Padded footbed for all-day comfort  Midsole Midsole for lightweight comfort and shock absorption  Outsole TPR outsole for durability Multi-directional grooves for absolute grip and traction on various surfaces  Shoe care Wipe surface with a damp, clean cloth to remove dust and dirt Do not wash or store in direct sunlight",FILA Men Trempet Black & White Sports Shoes,Sports Shoes
27261.jpg,"Composition Yellow round neck top made of 100% cotton, has short mutton leg sleeves and crystal embellishments above the hem  Fit Regular  Wash care Machine wash with similar colours Do not bleach or dry in direct sunlight Use warm iron if required  arrow woman caters to every fashionista. This top is a a tried-and-true favourite with a slouchy silhouette that flatters your curves. Pair it with form-fitting denims and kitten heels.  Model statistics The product is a size M on a model of height 5'8"" and chest 33""",Arrow Woman Yellow Top,Tops
36841.jpg,"Style Note Take edgy rugged dressing to the next level in these navy blue jeans from spykar. Perfect for casual outings, this pair looks great with grunge tees, jackets and leather boots. Product Details Navy blue jeans, made of 98% cotton and 2% spandex, has two side pockets with an insert pocket in the right pocket, two patch pockets on the back with embroidery, comfortable waistband with belt loops, brand badge appliqued on the waistband at the back and zipper and button closure on the front Material and Care 98% cotton and 2% spandex Machine wash in warm water with like colours only, using a mild detergent Do not bleach Dry in shade Warm iron Size and Fit Slim fit  low waist The model (height 5'8"" and waist 28"") is wearing a size 28",Spykar Women Renegade Navy Blue Jeans,Jeans
31111.jpg,"Composition Black denim jeans made of 100%  cotton fabric, has two insert pockets on the front with a coinpocket on  the right side, two patch pockets at the back with embroidered  decoration,  elasticated tabs at inner waist to adjust Fit, belt loops  and metal zipper and button closure   Fit Regular   Wash care Machine wash separately in cold water, use mild detergent Do not bleach Remove promptly after washing and avoid soaking Line dry inside out in shade Warm iron; Do not iron directly on print/embroidery  Get your little one up and about in a pair of jeans from palm tree that plays as hard as he does. Team this with a white tee and crocs footwear when you take him out. The soft cotton fabric will keep him feeling fresh and comfortable all day long.",Gini and Jony Boys Solid Black Jeans,Jeans
37070.jpg,"Style Note Understated and compact, yet spacious, this Linos Perros bag works the military aesthetic with its rugged cool. Add this to your accessory arsenal and you'll not regret it. The right bag for versatile styling, use this piece to pare down a dressy frock for a casual do or to add a hint of sporty to an oh-so-girly ensemble. Product Details Polyester blend upper Two short handles Appliqued brand patch on the front Two zippered pockets on the sides and one in the front (under a pocket with a velcro closure) One compartment in the front and a main zippered compartment A zippered pocket and a pouch inside A removable and adjustable shoulder strap made of fabric Material and Care Blended polyester Wipe surface with a clean, dry cloth to remove dust Size Height: 13 cm Width: 20 cm Depth: 8 cm",Lino Perros Women Brown Handbag,Handbags
19430.jpg,"Composition White and grey striped walkshorts made of 100% cotton, has belt loops on the waistband, a button and zipper closure and internal drawcord, two insert pockets plus coin pocket on the sides, two bagged-out cargo pockets on the back with buttoned flaps, and two on the lower sides, brand name embroidered on the left front pocket and branding embroidered on the back right pocket Fit Regular Wash care Machine wash separately with like colours Do not bleach or dry clean Line dry or tumble dry immediately after washing Cool iron Get ready for the outdoors with these walking shorts from quiksilver. The cotton fabric keeps you feeling fresh and comfortable all day while the big practical pockets add style appeal. Team this with a bright tee and comfy footwear for a happy, casual outing with your pals. Model statistics The product is a size 32 on a model of height 6' and waist 32""",Quiksilver Men Grey Hammonds Cargo Shorts,Shorts
30073.jpg,"Tattoo artist ed hardy has taken the world by storm with his funky, urban brand - from rock stars to Hollywood legends, those who have a quirky taste in fashion love the tattoo inspired designs. Wear this watch to prove you're a style maverick not a trend follower.   Case  diameter : 44 mm  Case  thickness : 7 mm  Dial  shape : Round  Warranty : 2 years  Stainless steel round case Broad white genuine leather strap with a tang clasp Black printed dial with copper hands and Swarovski crystals Hardened mineral crystal face ed hardy branding on the dial Date aperture on the dial Screw to reset time Solid case back made of stainless steel for enhanced durability Water resistance up to 100 meters, wearable around sinks, during swimming, poolside diving but not highboard diving and surfing",Ed Hardy Men Black Dial Watch,Watches
5406.jpg,Designed for  for beginner runners.,Kalenji Ekiden Blue Scratch 2011,Sports Shoes
25016.jpg,"Soft leather upper for durability Padded insole for instep comfort TPR outsole attached to the foot-bed Upraised heel for comfort and style Wipe surface with soft, clean cloth to remove dust Do not store in direct sunlight Use a branded leather conditioner and brush to restore shoe shine",United Colors of Benetton Women Beige Ballerinas,Flats
18056.jpg,"A perfect blend of practicality and style, this wallet from lino perros comes in a woven pattern and with a copious zippered compartment to keep your currency away from your cards. Made of leather with a woven pattern on the front and back Front flap secured by a clasp button flap Card slots and organiser space One external zippered compartment with a divider Care Wipe surface with a clean and dry cloth to remove dust",Lino Perros Women Solid Brown Wallet,Wallets
15902.jpg,"Let your little one flip flop in pure comfort and joy in this pair of Tom and Jerry Cheese flip flop from Warner Brothers. With a cushioned footbed and a grippy outsole, it makes for a safe pair of casual footwear.   Upper  Soft fabric twill straps with a toe separator Synthetic leather strip detailing on the straps with Tom and Jerry embossed on the lateral strap Cushioned PU footbed with cartoon print   Outsole  Flexible and durable rubber outsole with modified terraced lugs for absolute grip and traction   Care  Wipe surface with a clean, damp cloth Do not store in direct sunlight",Warner Bros Kids Unisex TJ Cheese Flops Purple Slippers,Flip Flops
18950.jpg,"Set of three Levi's socks White ankle length trainer socks with a spandex in welt for better grip, branding at the welt, arch support for better grip and fit and a breathable mesh sole",Levis Women White Set of 3 Trainer Socks,Socks
33572.jpg,"Composition Red polo T-shirt with navy blue stripes, made of 100% cotton, has a navy blue spread collar, short sleeves with ribbed cuffs, buttoned chest placket, vented hem, embroidered branding on the right chest, appliquéd and embroidered branding on the left chest   Fit Comfort   Wash care Machine wash in cold water with like colours using a mild detergent Do not bleach, wring or tumble dry Flat dry in shade Warm iron; do not iron on decorations  Designed for the man of regal style, this striped polo T-shirt from wrangler is made of pure cotton to keep you fresh and comfortable all day. The short ribbed sleeves compliment your well-toned arms, while the vented hem provides a comfortable fit. Team this tee with denims and suede shoes.   Model statistics The product is a size M on a model of height:6' and shoulders:18”",Wrangler Men Broad Striped Polo Red T-shirt,Tshirts
15713.jpg,"Designed for absolute comfort, the nike Air Relentless running shoe is absolutely stylish and versatile for those wanting a comfortable run. It's stylish look doubles it up as a great lifestyle footwear. Upper Heavily meshed upper for breathability, with synthetic overlays for enhanced shoe structure Lacing system for a snug, customised Fit Meshed and padded tongue and collar for all-day comfort Midsole Phylon midsole for impact protection and lightweight comfort Outsole TPR outsole with flex grooves for ease of movement Waffle-pattern lugs for grip and traction Scooped heel for extra cushioning to the backf oot Shoe care Wipe surface with a dry, clean cloth to remove dust Do not store in direct sunlight",Nike Men Air Relentless Black Sports Shoes,Sports Shoes
36746.jpg,"Style Note This Mr men t-shirt and shorts set is designed to  make your little bundle of mischief look cute, while he stays  comfortable all day in the soft cotton fabric. Pair it with floaters for  unbridled comfort Product Details White sleeveless t-shirt which has a round neck, graphic print on the front and yellow piping on the neckline and armholes Yellow shorts with an elasticated waistband with drawstrings, graphic print  on the left below the waistband and white panels on the sides Material and Care 100% Cotton Machine wash warm with like colours using a mild detergent Use a non chlorine bleach if needed Tumble dry low Cool iron; do not iron on decorations Do not dry clean",Mr.Men Boys Weeee!! White Clothing Set,Clothing Set
55626.jpg,"Square toed, black, derby shoes Leather upper with reinforced overlay at the heel collar and a pull-up tab at the ankle Top stitched overlays on the upper Central lace ups with metal branding on the lateral side Mildly padded collar and tongue TPR out-sole with grooves and branding",Numero Uno Men Black Shoes,Casual Shoes
2373.jpg,"Take formal dressing to the next level with this leather shoe from red tape. The full grain leather lends it a natural finish enhancing your style quotient immensely, making formal dressing all the more fun. Upper Full-grain leather upper for absolute comfort, durability and style Lace-up system for a snug, customised Fit Pointed toe design for added style Leather inner lining for ultimate breathability Midsole Ergonomically padded leather footbed with perforations for sweat-free comfort PU midsole for lightweight comfort and shock absorption Outsole Durable rubber outsole with a wooden-texture and has horizontal grooves on the back heel for absolute grip and traction shoe care Use a branded leather conditioner and brush Do not wash or store in direct sunlight",Red Tape Brown Formal Men's Shoe,Formal Shoes
38000.jpg,"Style Note Stay cool this summer in these flip flops from the Spanish sportswear and fashion brand kelme. The print adds an interesting dimension to the classic flip-flop without going over the top. Product Details Blunt toed flip flop in navy blue and red with synthetic thong style straps Print on the footbed Soft rubber footbed Single piece rubber outsole that has textured grooves Material and Care Synthetic, rubber Do not machine wash or store in direct sunlight Remove dust with a dry clean cloth",Kelme Men Red & Blue Flip Flops,Flip Flops
3904.jpg,"Composition White and red round neck, sleeveless t-shirt made of 100% cotton, with red bib around neckline, red ruffles on hemline and embroidered image of Minnie on the front Wash care 1. Machine wash in cold water with gentle cycle using mild detergent 2. Wash dark colours seperately 3. Do not bleach 4. Do not soak or wring 5. Dry inside-out 6. Do not tumble dry 7. Do not iron on print and studs Fitting Comfort Fit This patterned white and red Minnie Mouse tee from disney is perfect for your little princess. Minnie will keep her company while she romps around in the park or runs around with her friends. The ruflled hemline and the cute heart print add a dainty touch, while the sleeveless cotton tee will keep your little one comfortably dry. It looks great when teamed up with denim shorts or skirts for an enjoyable outing. Add on a pair of pretty footwear from the crocs collection available at myntra, include colourful jibbitz, and transform your little darling into a princess.",Disney Kids Girl's Red And White Minnie Flower Kidswear,Tshirts
4547.jpg,"A perfect boot for a striker, the nike Egoli TF is designed to be lightweight to allow great speed and excellent ball control. A great entry level soccer shoe, the nike Egoli TF has a sleek, predatory look that makes it a great lifestyle casual wear shoe as well. Upper   Trophy synthetic leather in a sleek silhouette package  Knit laces across the centre for snug Fit and to lock the foot in place  Padded collar for added comfort and snug fit  Invert foldable tongue for funky look  Stitch detailing across the toe box for added durability  High density recycled sockliner for enhanced comfort   Midsole   EVA injected midsole for lightweight feel  Full phylon midsole with TPU shank for stability   Outsole   Carbon rubber outsole with micro studs for optimum turf use  Moulded rubber outsole with multi-directional studs and herringbone pattern for optimal traction   Wash care Wipe surface with soft, clean, damp cloth to remove dust Do not machine wash",Nike Men's Egoli White Black Shoe,Sports Shoes
50428.jpg,"Bag with a flap, has buckle details above the magnetic closure strips on the flap One main zipped compartment featuring two pockets and a zipped compartment inside Has a haul loop and an adjustable, removable shoulder strap with printed branding Has a zipped pocket at the back",Lino Perros Unisex Khaki Satchel,Messenger Bag
21227.jpg,"Composition Orange polo T-shirt made of 100% cotton, has a ribbed collar, short sleeves, rugged buttoned chest placket, graphic print on the front, branding embroidered and appliqué d on the left sleeve and a vented hem Fit Muscle fit Wash care Hand wash inside out with like colours using a mild detergent Do not bleach, scrub or dry clean Flat dry inside out Warm iron inside out If you need a T-shirt to keep you feeling fresh, then you've found it here. basics knows what your needs are when it comes to practical essentials which will make you look and feel great. This tee made of cotton offers exemplary comfort, while the cut provides a perfect fit. Wear this with jeans and casual shoes Model statistics The product is a size L on a model of height 6' and shoulders 18""",Basics Men Orange Printed Polo T-shirt,Tshirts
43360.jpg,"Mesh and synthetic upper with a sleek design and no fussy overlay; has central lace-ups Has a padded inner and a tough heel cup IMEVA midsole cushioning absorbs shock Cushioned EVA sockliner Forefoot flex grooves for natural flexibility in the sole Flexible wave sole with Durable Carbon rubber heel strike for traction on a variety of surfaces Grooved non marking TPU outsole which is lightweight, has easy return and supreme foot flex",Reebok Men White Ultimate Vibe Sports Shoes,Sports Shoes
31547.jpg,"Composition White, blue and red striped polo T-shirt made of 100% cotton, has a ribbed collar, short sleeves, two button chest placket, patch pocket on the left chest, embroidered brand logo on the pocket and a vented hem Fit Regular Wash care Machine wash with similar colours at 40 degrees using a mild detergent Do not bleach Tumble dry low Dry in shade Warm iron; do not iron on decorations Comfortable, casual dressing at it's most sophisticated, this T-shirt from classic polo guarantees effortless style whatever the occasion, while the cotton fabric offers exemplary comfort. Pair it with jeans or chinos and casual shoes. Model Statistics Product is a size M on a model of height 6' and shoulders 18""",Classic Polo Men Striped White T-shirt,Tshirts
46588.jpg,"Style Note catwalk perfects the spring's aesthetic just right with this simplistically designed pair. This simple heeled pair elevates your casual staples to give them a refined polish. Versatile enough to be worn with ethnic kurtis and denims and tees. Heel: 3"" Product Details Thong style upper in gold with big stone embellishment Beige, soft footbed with a heel patch Gold slim heel with a plastic heel cao Smooth, tough outsole Material and Care Synthetic Wipe with a clean cloth to remove dust Do not store under sunlight",Catwalk Women Golden Heels,Heels
52053.jpg,"??????????????????????????????????????????????????????????????????????????????????????????????????????????????????????????????????????????????????????????????????????????????????????????????????????????????????????????????????????????????????????????????????????????????????????????????????????????????????????????????????????????????????????????????????????????????????????????????????????????????????????????????????????????????????????????????????Black T-shirt, has a round ribbed neckline and short sleeves",Myntra Men Black T-shirt,Tshirts
12777.jpg,"Composition Yellow kurta made of 100% organic cotton, has a square neck with a bib that has floral embroidery, bishop sleeves mildly pleated at the shoulder and mildly elasticated at the hem, embroidery at the hem and pleated below the bib Fitting Regular Wash care Hand wash separately in cold water using a mild detergent as colour may bleed Flat dry inside out in shade Warm iron Perfect for the pretty you, this organic cotton kurta from mother earth is a great addition to your wardrobe. The embroidery on the bib and sleeves ooze feminity, while the fabric keeps you fresh and comfortable all day. Team this with leggings and embellished slippers for a perfect ethnic look. Model statistics The model wears size M in kurtas Height-5’7"", Chest-33""",Mother Earth Women Collt Organic Cotton Yellow Kurtas,Kurtas
44632.jpg,"Grey track pants with a green tone, has mesh lining, elasticated waistband with an internal drawstring closure, two zipped side pockets, branding printed on the leg, zippers at the hems",Nike Men Grey AS Sideline Track Pants,Track Pants
45358.jpg,"Open-toed brown sandals with low-top styling Synthetic leather upper, has a strap across the forefoot with cut-out, floral and stud detail, has an ankle loop secured with a buckle closure Soft footbed with stitch detail on the sides, branding on the heel Textured outsole with a wedge heel",Cobblerz Women Brown Sandals,Heels
28693.jpg,"Rust sleeveless and striped kurta made of 100% cotton, has a V-neck with a vented hem",W Women Striped Rust Kurta,Kurtas
13304.jpg,"Composition Red skort made of 100% cotton, has an elasticated waistband, two patch pockets on the back, a zipper fly, and brand name embroidered above the left hem in silver Fitting Regular Wash care Machine wash separately in cold water using a mild detergent Do not bleach or soak Line dry inside out in shade Warm iron only Do not iron directly on print/embroidery The cute statement simply zooms high when you dress your little girl in this skort from gini and jony. The shorts and box pleats offer her absolute comfort to move around in ease, while the fabric keeps her fresh and comfortable all day. Team this with a T-shirt or girly tops, and sandals, and let your little one play in much comfort.",Gini and Jony Kids Girls Solid Red Skirts,Skirts
5941.jpg,"Composition 100% cotton shirt with half sleeves, has plaid checks in shades of blue with grey-brown-purple accents, blue stitch detailing, tape detailing on the in-seam of the collar, patch pockets with snap buttons on both chest, buttoned shoulder flaps, embroidered lettering above left pocket, full length buttoned placket and curved hemline Fitting Slim Wash care   Machine wash at 40 degree C  Wash dark colours separately  Do not bleach  Tumble dry on normal or line dry  Warm iron   Get ready to take casual dressing to the next level with this plaid shirt from locomotive. The cool cotton fabric keeps you fresh all day while you hang out with your friends. This shirt can be teamed with low slung jeans and canvas shoes for a laidback look. Model statistics The model wears size M in t-shirts Height-6', Shoulders-18""",Locomotive Men Blue Checked Shirt,Shirts
9970.jpg,"Composition Black printed round neck sweatshirt made of 80% cotton and 20% polyester, has long sleeves, ribs made of 96% cotton and 4% spandex, a lined hood and drawcord for warmth, ribbed sides, cuffs and hems for snug Fit, graphic print and branding on the chest, and kangaroo pocket with cord-management feature to keep media-player cords out of the way   Fitting  Regular   Wash care Machine wash cold at 30 degrees with like colours Do not bleach Tumble dry low Remove immediately/do not allow to lay on itself when wet Cool iron, but do not iron on design Do not dry clean  The nike Squad is built for comfort in a classic profile. The nike Squad Fleece Hoodie offers plush comfort and a soft interior for lasting warmth. An active fit with a sporty silhouette, this hoodie is a versatile everyday essential.",Nike Men As Squad Ft C Black Sweatshirts,Sweatshirts
22591.jpg,"Composition Grey and black hooded sweatshirt made of 80% cotton and 20% polyester, has long sleeves with ribbed cuffs, a full zippered placket, drawstrings for the hood, printed branding on the left chest, two pockets on the sides and a ribbed hem Fit Comfort Wash care only hand wash in cold water using a mild detergent Do not soak or wring Dry flat in shade and set shape when wet Moderate warm iron Welcome the winter in style this season with this sweatshirt from nike. The fabric is sure to keep the winter chill at bay, while you look stylish with the sharp silhouetting. Wear this sweatshirt over jeans to keep the cold wind away. Model statistics The product is a size M on a model of height 6' and shoulders 18""",Nike Men Stripes Grey Sweatshirt,Sweatshirts
24104.jpg,"Comfort and style rolled into one - that's playboy for you. Revel in the comfort of flip flops with this summery pair in black from Playboy. Upper Rubber thong straps that are smooth for absolute comfort Textured on the upper with brand badge Toe separator to hold the foot in place Soft, cushioned rubber footbed with printed brand name and logo across the length of the right slipper footbed Oustole Single piece flexible and cushioned rubber footbed and outsole for all-day comfort Bunny logo-styled lugs throughout the footbed for absolute grip and traction on various surfaces Flip flop care Wipe surface with a damp, clean cloth to remove dust",Playboy Men Casual Black Flip Flops,Flip Flops
11550.jpg,"Composition Teal blue Madhubani print kaftan top made of 100% cotton, sleeveless with a V-neck that has a teal blue piping and has a drawstring below the bust with bead detailing Fitting Regular Wash care Wash dark colours separately Do not bleach Dry in shade Hot iron inside out Ethnic is back with a bang in the form of this Madhubani print kaftan top from w! Look ethnically hip in this print, while the pure cotton fabric keeps you absolutely fresh and comfortable through the day. Team it with leggings and chunky accessories for a chic look. Model statistics The model wears size M in kaftan tops Height-5.6"", Chest-32""",W Women Printed Blue Kurtas,Kurtas
5970.jpg,"Composition 100% cotton shirt with long sleeves, has bold checks in red, blue and white, tape detailing on the in-seam of the collar, patch pocket on left chest and full length buttoned placket Fitting Slim Wash care   Machine wash at 40 degree C  Wash dark colours separately  Do not bleach  Tumble dry  Warm iron   Get ready to take casual dressing to the next level with this bold checked shirt from highlander. The cool cotton fabric keeps you fresh all day, while you hang out with your friends. This shirt can be teamed with jeans or chinos and canvas shoes for a laidback look. Model statistics The model wears size M in t-shirts Height-6', Shoulders-18""",Highlander Men Red White Checked Shirts,Shirts
14505.jpg,"An eclectic fusion of hot style and cutting edge design, this shoe from flying machine is a great way to attain a cult status. Made with a canvas and suede upper, this is a must-have in your casual wardrobe. Upper Canvas upper with a suede toe box for absolute breathable comfort Canvas tongue with a fabric inner lining for sweat-free comfort Cushioned footbed with a fabric lining for sweat-free comfort and impact-protection Lace-up system for a snug, customised Fit Midsole EVA midsole for absolute impact protection Outsole Durable rubber outsole with herringbone grooves on the medial side and brick-styled grooves on the lateral side for absolute grip and traction Shoe care Clean the suede patches using a suede brush To clean the canvas, make a paste using 1 tbsp of baking soda, 1 tbsp white vinegar and 1 tbsp hot water. Rub this paste onto the canvas and the sole using a brush. Wash off with lukewarm water.",Flying Machine Men Casual Black Casual Shoes,Casual Shoes
37322.jpg,"Case style: Analogue watch with a circular crystal-studded case and a stainless steel back Dial style: Mother of pearl dial with crystal-studded detail Features: A screw to reset the time, a date and day aperture Strap style: Steel-toned metal bracelet-style strap, secured with a foldover and butterfly clasp Water-resistant up to 50 m Warranty: 2 years against manufacturing defects from the date of purchase Warranty provided by Brand Owner / Manufacturer",CASIO Sheen Women Mother Of Pearl Dial Watch SX019 SHE-4022D-4ADR,Watches
50468.jpg,"Style Note Lightweight and soft, inner wear from chromozome epitomises comfort Fit and takes care of individual requirements with a lot of variety. Ensuring that you are relaxed inside and look good outside, these are stylish necessities that you shouldn't do without.   Product Details Grey boxer briefs, has a soft elasticated waistband with branding on it, tagless comfort and double layered pouch   Material and Care 96% cotton and 4% lycra Machine wash warm Tumble dry medium Do not iron on print   Size and Fit Regular fit The model (height 6' and waist 32"") is wearing a size M  The final product delivered might vary in colour and prints from the display here.",Chromozome Men Grey Melange Trunks,Trunk
20961.jpg,"Goldish-beige sling bag with a strap for carrying ease Two external zipped pockets and print on the exterior One main zipped compartment an inner zipped separator, a zipped pocket on one side and an organiser sleeve on the other side Warranty: 3 months against manufacturing defects",Fastrack Women Beige Sling Bag,Handbags
38995.jpg,"Style Note Room to grow style jeans for your little man from gini and jony. Designed for his comfort and tailored to Fit his growing body - now that should make you and your little one happy. Buy this before stocks run out!   Product Details Blue faded jeans with a button and zipper closure at the waist, two patch pockets on the front (with applique above the right pocket), two patch pockets at the back (a zippered slot inside one pocket at the back) and a yellow removable chain at the loops for style   Material and Care 100% cotton Machine wash separately in cold water using a mild detergent Do not bleach or soak Line dry inside out in shade Warm iron only Do not iron directly on print/embroidery",Gini and Jony Boys Comics Blue Jeans,Jeans
44976.jpg,"Case style: Analog watch with a stainless steel round case Dial style: Black dial with silver and white hands Strap style: Black rubber strap with a tang clasp for comfort and style Features: Branding on the 12 hour mark, rotating bezel with date markings on it and date aperture on the 3 hour mark and screw to reset time Water resistance upto 30 metres Guarantee: 1 year",Maxima Attivo Men Black Dial Watch,Watches
14119.jpg,"Composition Grey round neck T-shirt made of 50% cotton and 50% polyester, has short sleeves, graphic print on the front,  and embroidered brand logo on the left hem Fitting Regular Wash care Machine wash in cold water Do not tumble dry Turn inside out and dry in shade Warm iron; do not iron on print and embroidery Celebrate your winter vacation in style and fly away to the land of fun in this grey T-shirt from flying machine. Created from soft cotton-polyester fabric, this piece of clothing will flatter your silhouette and offer exemplary comfort. Pair it with jeans and canvas shoes for that absolute holiday look. Model statistics The model wears size M in tops Height: 5'7""; Chest: 33""; Waist: 25""",Flying Machine Women Printed Grey Tshirts,Tshirts
50313.jpg,"Chocolate brown tie with black textured designs, has a shiny finish to it A loop behind the broad tongue to tuck the smaller end in",Park Avenue Men Brown Tie,Ties
50843.jpg,"Purple dupatta with a crushed / wrinkled look, has threadbare edges with beaded detail",Fabindia Women Purple Dupatta,Dupatta
46034.jpg,"Gold link chain with white stone embellishment at each link and has a butterfly clasp A 6-shaped pendant with heavy  white stone embellishments A pair of earrings shaped like ""6"" with stone embellishments, has a post and back closure Warranty: 1 year",Estelle Women Gold Jewellery Set,Jewellery Set
3983.jpg,"Composition White round neck t-shirt made of 100% cotton, with graphic print on the front Wash care 1. Machine wash separately in cold water 2. Use mild detergent 3. Do not bleach 4. Avoid soaking, remove promptly 5..Line dry inside-out in shade 6. Warm iron only 7. Do not iron directly on print/embroidery Fitting Comfort Get real, get stylish in this white t-shirt from mr. men. Made of pure cotton fabric, this tee wicks away sweat and keeps you comfortable and dry while your shirt wears your mind, asking after everyone’s well-being in an absolutely cool way. Pair it with jeans or chinos and comfortable lifestyle shoes or sandals from the international collection at myntra to complete your fashion statement. Model's statistics 1. The model wears size M in t-shirts 2. Height-6', Shoulders-18""",Mr.Men Men's Wassup White T-shirt,Tshirts
55015.jpg,"lakme Aqua Shine Lip Colour acts as a lip balm, lipstick and lip gloss and offers your lips a defined look and smooth finish",Lakme 3 in 1 Aqua Shine Truffle Lip Color,Lip Gloss
12883.jpg,"Dedicated to Basketball champ Chuck Taylor, this All-Star series of art canvas shoes from converse are also called Chucks and come in classic designs. Created using canvas and rubber, this range of sneakers from Converse was initially designed to capture the basketball market, but soon enough turned into a hot casual footwear favourite. Upper Canvas upper for easy maintenance and durability Carbon rubber toe box for enhanced protection of the upper foot Long canvas tongue in contrast colour for added comfort and snug Fit Lace-ups through metal eyelets for snug fit and durability Art design in brush print on upper for enhanced style  Midsole Comfort Insole made of contoured latex foam for high energy return and cushioning Outsole Vulcanized rubber outsole for flexibility and traction Diamond-shaped lugs on the forefoot and heel, with horizontal lugs and grooves on the toe region and heel region, and slanting grooves along the periphery and midfoot for superior grip on all terrains shoe care Make a paste using 1 tbsp of baking soda, 1 tbsp white vinegar and 1 tbsp hot water Rub this paste onto the canvas and the sole using a brush Wash off with lukewarm water",Converse Unisex Brush Print Green Casual Shoes,Casual Shoes
56819.jpg,"Blue striped and checked woven shirt, has a spread collar, long sleeves with buttoned cuffs, full button placket, buttoned flap pockets on the chest, white trim on the shoulder and a curved hem",John Players Men Blue Shirt,Shirts
29446.jpg,"Each timepiece from giordano has an elegant, contemporary look and advanced Japanese movements, seamlessly blended with classic, timeless designs. A watch designed for modern life but remaining true to its heritage.  Case diameter: 32 mm Case thickness: 5 mm Dial shape: Square Warranty: 1 Year  Black coloured steel case for durability, style and comfort Black coloured textured strap with a butterfly clasp Black and grey dial with metallic hands Screw to reset time Solid case back for enhanced durability Branding at the 12 hour mark Water resistance up to 30 meters, allowing you to use it even when showering or in light rain",Giordano Men Black Dial Watch,Watches
42239.jpg,"  Style Note  It’s time to explore, discover new styles and get ready for freshness and summer outdoors with sepia. Stylish, girly and summery, this top is a must-have in your new season wardrobe. Pair this with form fitting jeggings and ballet flats for a sweet, girly vibe.  Product Details  Blue sleeveless tunic, has a cutaway collar with no top button and a split V neckline, half buttoned placket, a belt with lace detail and loops for the belt around the waist, one patch pocket on either side with pin tucks on it and a buttoned flap closure and lace detailing and a curved hemline  Material and Care  100% cotton  Hand wash using a mild detergent separately  Do not bleach or scrub on embroidery and print  Dry on reverse side  Use cool iron  Size and Fit  Regular fit  The model (height 5'8"" and chest 33"") is wearing a size M  Style Note It’s time to explore, discover new styles and get ready for freshness and summer outdoors with Sepia. Stylish, girly and summery, this top is a must-have in your new season wardrobe. Pair this with form fitting jeggings and ballet flats for a sweet, girly vibe. Product Details Blue sleeveless tunic, has a cutaway collar with no top button and a split V neckline, half buttoned placket, a belt with lace detail and loops for the belt around the waist, one patch pocket on either side with pin tucks on it and a buttoned flap closure and lace detailing and a curved hemline Material and Care 100% cottonHand wash using a mild detergent separately Do not bleach or scrub on embroidery and print Dry on reverse side Use cool iron Size and Fit Regular fit The model (height 5'8"" and chest 33"") is wearing a size M",Sepia Women Blue Tunic,Tunics
25125.jpg,"Look your glamorous best with this Linos Perros clutch, customised for the diva in you. Show off your classy style with this piece, which is as functional as it is fashionable. Dimensions : 10 cm x 25 cm Shiny synthetic textured leather upper with sequin details on the flap Magnetic button closure One main compartment with fabric lining and a pouch inside A detachable shoulder chain Care Wipe surface with a damp clean cloth",Lino Perros Women Sequins Gold Clutch,Clutches
43667.jpg,"Purple sleeveless printed dress, has a round neckline with a drawstring tie and cut out detail, elasticated smocking at the waist and a curved hemline ",ONLY Women Purple Dress,Dresses
31167.jpg,"Blue dress made of blended fabric, has shoulder straps with fabric flowers appliqued on the straps, puffed skirt, a zipper on the left side below the arm, a belt at waist and ruched design on the front    ",Gini and Jony Girls Blue Dress,Dresses
13287.jpg,"Composition Black  and white checked full-sleeve shirt made of 100% cotton, has foldover  sleeves with a mid-sleeve button, tipped collar, stitch detailing above  the two pockets on either chest and a full length buttoned placket Fitting Regular Wash care Machine wash separately in cold water using a mild detergent Do not bleach or soak Line dry inside out in shade Warm iron only Do not iron directly on print/embroidery Dress  your little boy in this shirt from gini and jony and watch him play a  game of soccer like a pro with his friends during weekend games. The cut  adds a hint of smartness to this shirt, while the fabric keeps him  fresh and comfortable all day. Team it with shorts and sneakers for that  smart look.",Gini and Jony Kids Boys Check Black Shirts,Shirts
40099.jpg,"Style Note  adidas helps you avoid discomfort by keeping you dry and comfortable. This tee offers you a stylised look that will make sure you look great on your day off. Pair it with a pair of jeans and sports shoes on the weekend.   Product Details  Grey T-shirt, has a round neckline, short sleeves, flock printin on the chest and branding in front left above the hemline   Material and Care 100% cotton Machine wash warm with like colours using a mild detergent Do not soak, tumble dry, bleach or dry clean Dry in shade Warm iron  do not iron on decorations   Size and Fit Regular fit The model (height 6' and shoulders 18"") is wearing a size M",ADIDAS Men Grey T-shirt,Tshirts
38611.jpg,"Style Note Stay cool and stylish this summer in this nike T-shirt with the Dri-Fit technology. Team this with training pants and training shoes for  complete  benefit during your Sports sessions or simply wear it with  jeans and sports shoes and flaunt your sporty attitude.   Product Details Deep royal blue Tshirt with a round neck, short sleeves, graphic print on the chest and branding on the left sleeve   Material and Care 60% cotton 40% polyester Machine wash warm with like colours Do not bleach Tumble dry low Warm iron   do not iron on print/decoration",Nike Men Blue Run Free T-shirt,Tshirts
33426.jpg,"Treat yourself to a colour pop extravaganza this summer with this bright baggit bag. An oh-so-cute bow detail on the front and the plush corduroy upper makes this a winner, design-detail wise. Colour block it or match it, you can't go wrong with this piece! Height : 30 cm Width : 44 cm Depth : 20 cm Canvas upper with a bow detail on the front A zippered pocket on the front and back A compartment on the front with a magnetic button closure Thick base Nylon lining with a zippered pocket inside Care Wipe with clean, damp cloth to remove dirt",Baggit Women Marsx Baby Orange Handbag,Handbags
20598.jpg,"Worry no longer about managing money, cards, mobile phone and coins in your tote bag! Organise your everyday essentials into this stylish three fold wallet from baggit. This timeless piece is on the top of our wishlist this year. A sophisticated addition to your accessory collection, you can carry this piece in your hand or convert it to a sling bag with the detachable shoulder strap. Dimensions : 14 cm x 11 cm Created from genuine leatherette A flap over the main flap with a magnetic closure, securing a pocket Main flap has two press buttons to secure the three folds Side pocket Two card holder slots and two pockets on the left fold One pocket and one slot with a photo id holder on the centre fold A zippered pocket at the back Care Wipe with clean, damp cloth to remove dirt",Baggit Women Humtum Taj Beige Wallet,Wallets
22480.jpg,"Composition Black T-shirt made of 100% cotton, has short sleeves and print on the chest Fit Regular Wash care Machine wash separately in cold water using a mild detergent Do not bleach or soak Remove promptly and line dry inside out in shade Warm iron only Do not iron directly on print/embroidery timberland's fresh take on incorporating a vintage aesthetic into typical graphic?????????????????????????????????????????????????????????????????????????????????????????????????????????????????????????????????????????????????????????????????????????????????????????????????????????????????????????????????????????????????????????????????????????????????????????????????????????????????????????????????????????????????????????????????????????????????????????????????????????????????????????????????????????????????????????????????????????????????????????????????????????????????????????????????????????????????????????????????????????????????????????????????????????????????????????????????????????????????????????????????????????????????????????????????????????????????????????????????????????????????????????????????????????????????????????????????????????????????????????????????????????????????????????????????????????????????????????????????????????????????????????????????????????????????????????????????????????????????????????????????????????????????????????????????????????????????????????????????????????????????????????????????????????????????????????????????????????????????????????????????????????????????????????????????????????????????????????????????????????????????????????????????????????????????????????????????????????????????????????????????????????????????????????????????????????????????????????????????????????????????????????????????????????????????????????????????????????????????????????????????????????????????????????????????????????????????????????????????????????????????????????????????????????????????????????????????????????????????????????????????????????????????????????????????????????????????????????????????????????????????????????????????????????????????????????????????????????????????????????????????????????????????????????????????????????????????????????????????????????????????????????????????????????????????????????????????????????????????????????????????????????????????????????????????????????????????????????????????????????????????????????????????????????????????????????????????????????????????????????????????????????????????????????????????????????????????????????????????????????????????????????????????????????????????????????????????????????????????????????????????????????????????????????????????????????????????????????????????????????????????????????????????????????????????????????????????????????????????????????????????????????????????????????????????????????????????????????????????????????????????????????????????????????????????????????????????????????????????????????????????????????????????????????????????????????????????????????????????????????????????????????????????????????????????????????????????????????????????????????????????????????????????????????????????????????????????????????????????????????????????????????????????????????????????????????????????????????????????????????????????????????????????????????????????????????????????????????????????????????????????????????????????????????????????????????????????????????????????????????????????????????????????????????????????????????????????????????????????????????????????????????????????????????????????????????????????????????????????????????????????????????????????????????????????????????????????????????????????????????????????????????????????????????????????????????????????????????????????????????????????????????????????????????????????????????????????????????????????????????????????????????????????????????????????????????????????????????????????????????????????????????????????????????????????????????????????????????????????????????????????????????????????????????????????????????????????????????????????????????????????????????????????????????????????????????????????????????????????????????????????????????????????????????????????????????????????????????????????????????????????????????????????????????????????????????????????????????????????????????????????????????????????????????????????????????????????????????????????????????????????????????????????????????????????????????????????????????????????????????????????????????????????????????????????????????????????????????????????????????????????????????????????????????????????????????????????????????????????????????????????????????????????????????????????????????????????????????????????????????????????????????????????????????????????????????????????????????????????????????????????????????????????????????????????????????????????????????????????????????????????????????????????????????????????????????????????????????????????????????????????????????????????????????????????????????????????????????????????????????????????????????????????????????????????????????????????????????????????????????????????????????????????????????????????????????????????????????????????????????????????????????????????????????????????????????????????????????????????????????????????????????????????????????????????????????????????????????????????????????????????????????????????????????????????????????????????????????????????????????????????????????????????????????????????????????????????????????????????????????????????????????????????????????????????????????????????????????????????????????????????????????????????????????????????????????????????????????????????????????????????????????????????????????????????????????????????????????????????????????????????????????????????????????????????????????????????????????????????????????????????????????????????????????????????????????????????????????????????????????????????????????????????????????????????????????????????????????????????????????????????????????????????????????????????????????????????????????????????????????????????????????????????????????????????????????????????????????????????????????????????????????????????????????????????????????????????????????????????????????????????????????????????????????????????????????????????????????????????????????????????????????????????????????????????????????????????????????????????????????????????????????????????????????????????????????????????????????????????????????????????????????????????????????????????????????????????????????????????????????????????????????????????????????????????????????????????????????????????????????????????????????????????????????????????????????????????????????????????????????????????????????????????????????????????????????????????????????????????????????????????????????????????????????????????????????????????????????????????????????????????????????????????????????????????????????????????????????????????????????????????????????????????????????????????????????????????????????????????????????????????????????????????????????????????????????????????????????????????????????????????????????????????????????????????????????????????????????????????????????????????????????????????????????????????????????????????????????????????????????????????????????????????????????????????????????????????????????????????????????????????????????????????????????????????????????????????????????????????????????????????????????????????????????????????????????????????????????????????????????????????????????????????????????????????????????????????????????????????????????????????????????????????????????????????????????????????????????????????????????????????????????????????????????????????????????????????????????????????????????????????????????????????????????????????????????????????????????????????????????????????????????????????????????????????????????????????????????????????????????????????????????????????????????????????????????????????????????????????????????????????????????????????????????????????????????????????????????????????????????????????????????????????????????????????????????????????????????????????????????????????????????????????????????????????????????????????????????????????????????????????????????????????????????????????????????????????????????????????????????????????????????????????????????????????????????????????????????????????????????????????????????????????????????????????????????????????????????????????????????????????????????????????????????????????????????????????????????????????????????????????????????????????????????????????????????????????????????????????????????????????????????????????????????????????????????????????????????????????????????????????????????????????????????????????????????????????????????????????????????????????????????????????????????????????????????????????????????????????????????????????????????????????????????????????????????????????????????????????????????????????????????????????????????????????????????????????????????????????????????????????????????????????????????????????????????????????????????????????????????????????????????????????????????????????????????????????????????????????????????????????????????????????????????????????????????????????????????????????????????????????????????????????????????????????????????????????????????????????????????????????????????????????????????????????????????????????????????????  t-shirts resulted in this piece. Deep tones with a sporty vibe, this is perfect to wear with fitted denims. Model statistics The product is a size M on a model of height 6' and shoulders 18""",Timberland Men Printed Black T-shirt,Tshirts
38446.jpg,"Style Note Worry no longer about managing money, cards, mobile phone and essentials in your tote bag! Organise your everyday essentials into this stylish handbag from baggit. This timeless piece is on the top of our wishlist this year. A sophisticated addition to your accessory collection, you can carry this bag anywhere and add style to any casual outfit and formal outfit.   Product Details Beige colour handbag with a leather-look finish and a woven-look finish on the handles and front pouch flap Two long handles A U shaped zipper that opens up a flap to give a wide mouth One main compartment with a zipped separator and an internal zipper pouch One small compartment in front with a flap with a sealed magnetic closure Two zippered pockets in the front on the sides   Material and Care PU / Leatherette Wipe surface with a damp cloth when necessary   Size  Height: 45 cm Width: 41 cm Depth: 7 cm",Baggit Women Beige Handbag,Handbags
44022.jpg,"Style Note hugo Dark Blue from the house of hugo boss guarantees perfumes that you will fall in love with. With fragrances that last long and keeps you feeling fresh all day, these perfumes for men are great inclusions in your perfume collection.   Product Details Hugo Dark Blue is a spray perfume for men which comes in an innovative glass flask The top notes are ginger, lime grapefruit, middle notes are cardamom, geranium, sage  and base notes are vanilla, patchouli and woods   Caution Do not use near fire, flame or heat Avoid spraying in eyes   Size 75 ml",HUGO Men Dark Blue Perfume,Perfume and Body Mist
33148.jpg,"Style Note Get your little girl up and about in a pair of leggings from gini and jony. Team this with a pretty dress and comfy footwear when you take her out. The blended fabric will keep her feeling fresh and comfortable all day long. Product Details Black leggings, has an elasticated waistband and ruching at either side of the ankle with flower embellishments Material and Care 95% Viscose and 5% Lycra Machine wash separately in cold water using a mild detergent Do not bleach or soak Warm iron only",Gini and Jony Girls Black Leggings,Leggings
20381.jpg,"Composition Purple round neck t-shirt made of 100% cotton, has short sleeves, ribbed neckline, graphic print on the chest and a vented hem Fit Regular Wash care Machine wash with warm water of 40 degrees Wash inside out with like colours Do not bleach or iron on print Dry in shade This t-shirt from urban yoga is a crafty take on the typical Sports wear for men. Crafted with a narrow silhouette, this piece can be worn with casual ensembles or with gym wear. Wear this with denims, a tee and sports shoes or with track pants for yoga sessions. Model statistics The product is a size M on a model of height 6' and shoulders 18""",Urban Yoga Men Printed Purple Tshirt,Tshirts
55976.jpg,"Colorbar Velvet Matte Secretly Pink Lipstick 62P Nourished with Vitamin E, its unique 2-in-1 formulation gives the lips a creamy, yet matte finish",Colorbar Velvet Matte Secretly Pink Lipstick 62P,Lipstick
45218.jpg,"Case style: Analogue watch with a circular case and a stainless steel back Dial style: Black dial Strap style: Silver-toned bracelet-style stainless steel strap, secured with a butterfly clasp Features: Screw to set time Water resistant upto 50 m Comes in a signature CASIO case Warranty: 1 year against manufacturing defects from the date of purchase Warranty provided by Brand Owner / Manufacturer",CASIO ENTICER Women Black Dial Watch A673,Watches
41255.jpg,"Style Note Your go-to brand for office essentials, arrow comes up with this stylish belt to add a refined finish to your corporate look. This belt is the right accessory for a formal office-ready look. Product Details Black belt with faux croc-hide texturing Single pronged metal buckle with a tang clasp and holes to customise the Fit One fixed loop Width: 3.8 cm Material and care Leather Wipe with a clean cloth to remove dust",Arrow Men Black Belt,Belts
18170.jpg,"Composition Green hooded sweatshirt made of 100% cotton, has long sleeves with ribbed cuffs, two front pockets, appliqued design on the front and a ribbed hem   Fit  Comfort   Wash care  Machine wash in cold water Wash dark colours separately Do not bleach Warm iron  doodle is known for its comfort clothing for children with its high quality fabric. Keep your little one warm with this protective hooded sweatshirt from doodle. Let him wreak his usual havoc even during the chill, protected by this sweatshirt. Pair it with jeans and sports shoes .",Doodle Kids-Boys Be Born Green Sweatshirt,Sweatshirts
11358.jpg,"Composition Light and dark purple Stripesd knit top made of 100% cotton, with dolman sleeves that have ribbed hems, ribbed round neckline, stitch detailing on the front and has a ribbed hem with a drawcord   Fitting Comfort  Wash care  Wash, dry and iron inside out Machine wash delicate at 30 degrees with a mild detergent Do not scrub, bleach, wring, tumble dry or dry clean Dry flat in shade Cool iron, but do not iron on print or embroidery  Enjoy the winter in style in this knit top from united colors of benetton. The dolman sleeves coupled with the ribbed hem at the waist allow the top to fall free over your torso, while you can further customise the Fit around your waist with the drawcord. Pair this with jeans or skirts and sports shoes for unparalleled cool.   Model statistics  The model wears size M in tops Height: 5'8"", Chest: 33""",United Colors Of Benetton Women Light Winter Purple Tops,Tops
4317.jpg,"Composition Round round neck t-shirt in 100% cotton, with chest print Fitting Comfort Wash care Machine wash separately in cold water Use mild detergent Do not bleach Avoid soaking Remove promptly Line dry inside out in shade Warm iron only Do not iron directly on print/embroidery Bring out the cheeky side of your kid with this red tee from tantra. The cute China man graphic on the front with the ""kya boss"" foretells impending mischief. Team this with denim shorts or cargoes and crocs when you take your kid for outings.",Tantra Kid's Unisex Kya Boss Red Kidswear,Tshirts
34258.jpg,"Navy blue tracksuit Navy blue knitted jacket, has a mock collar with a full zip closure, long sleeves, a split kangaroo pocket Navy blue knitted? mid-rise track pants, has two pockets, an elasticated waistband",Proline Men Navy Tracksuit,Tracksuits
28678.jpg,"Black woven mid-rise track pants, has two pockets, an elasticated waistband with drawstring fastening",Proline Men Black Track Pants,Track Pants
56491.jpg,"Quick, smooth finish Rich colour Toulene free formula Smooth brush applicator",Streetwear Quick Dry Silver Shimmy Nail Polish 15,Nail Polish
26364.jpg,"Composition Two tone grey skirt made of 64% polyester, 34% viscose, 2% Lycra, size adjusting buttoned tabs on back, centre back opening with zipper and hook and eye fastening, centre back seam ending in slit at hem Fit Slim Wash care Machine wash in cold water Wash dark colours separately Do not bleach, Line dry in shade Warm iron This arrow skirt is a classic formal option for the working woman who wants to keep hold of her femininity at work. Style it with with a crisp white shirt, to show the world you mean business. Try accessorising your outfit with a pretty silk scarf in place of a tie to softly frame your face. Model statistics The product is a size 28 on a model of height 5'8"" and waist 26""",Arrow Woman Grey Skirt,Skirts
28232.jpg,"Smooth and sophisticated, the Miami playboy deodorant spray for men is classic day wear, with its masculine tones. Quantity : 150 ml Caution Flammable Keep away from sources of ignition Keep away from children Do not use near fire, flame or heat",Playboy Men Miami Deo,Deodorant
58283.jpg,Golden clutch bag crafted from shining fabric with a knotted bow detail on the front A flap with a hidden metallic button closure One large main zipped compartment with two card holders and an inner zipped pocket One external double welted zipped pocket and a metal brand badge at the back,Baggit Women Gold Clutch,Clutches
46612.jpg,"Style Note The rising temperature has us all in a tizzy but this stylish pair of sandals is one reason why we love the summer! catwalk comes up with warm weather footwear essentials that turn traditional fashion styles on its head. This beautifully crafted pair will transform your daily spring wear with a bold yet graceful edge. Heel: 3.25"" Product Details Light brown upper with a beaded toe holder and midfoot strap Soft, padded footbed with a heel patch Wedge styling in brown TPR outsole with grooves at the forefoot Material and Care Synthetic Wipe with a clean cloth to remove dust Do not store under sunlight",Catwalk Women Brown Wedges,Heels
14977.jpg,"Embossed to look like finely woven leather, this black Newhide belt has a refined finish complemented by its smart gunmetal buckle. Newhide leather breathes, regulates temperature to suit the climate, prevents dust penetration and has high ripping resistance that makes it a must-have in your wardrobe!   Length : 34""  Made of leather for durability and style Tang clasp to offer a snug Fit and to hold the belt in place Holes to customise fit Brand name embossed on the tail   Care  Use a brass polish to maintain buckle shine Use a branded leather conditioner to protect the belt",New Hide Men Solid Black Belts,Belts
34072.jpg,"clarks have combined quality, classic elegance and iconic ideas to create a sophisticated shoe, perfect for the woman who wants to express her femininity while projecting a powerful image to the world.    You can rely on Clarks to provide a shoe which will take care of your feet, giving comfort, good quality and a great British eye for style. Pair this with slim formal trousers and a breezy ruffled shirt. Heel : 3"" Upper Leather upper for enhanced durability and breathable comfort Patent leather piping around the mouth Patent leather overlay at the heel collar Slip-on style for ease of wear Buckled strap across the midfoot for style Padded inner for all-day, sweat-free comfort Padded leather footbed for all-day comfort Upper adhered to the outsole for durability Outsole Durable TPU outsole with a block heel Shoe care Wipe surface with a dry, clean cloth to remove dust Use a branded leather conditioner to maintain upper",Clarks Women Country Music Combi Leather Black Pumps,Heels
30345.jpg,"Composition Off white round neck T-shirt made of 100% cotton, has short sleeves and graphic print on the chest   Fit  Regular   Wash  care  Machine wash separately Do not bleach, do not dry clean, do not tumble dry Warm iron, iron print on reverse  Spun from our irresistibly soft cotton, this is a blissfully cosy T-shirt, and it follows our favourite trend - graphic print tees! Sporting a quirky print on the chest, this tee from myntra gives a fresh twist to an off-duty staple making it ideal for your cool summer uniform. Style it with checked shorts , understated accessories and lace up casual shoes for perfect man-about-town nonchalance.   Model  statistics  The product is a size M on a model of height 6' and shoulders 18""",Myntra Men Off White T-shirt,Tshirts
55191.jpg,"Lakme Absolute Fast Fabulous Nail Color sets in just 40 seconds and comes with a unique brush which ensures smooth and easy application, comes in a shade of blue",Lakme Absolute Fast & Fabulous Aqua Express Nail Polish 06,Nail Polish
23800.jpg,"These richly hued two-tone loafers with elasticated gussets, seams on the toe cap and a refined upraised heel from clarks are crafted with leather and fashioned to add panache to any dressy ensemble. Wear this with chinos and a polo T-shirt or a tonal suit.  Upper Leather upper with slip on styling and reinforced overlay at the heel collar Elasticated gussets on the sides of the tongue Seams at the toe box Padded lining Soft sockliner for instep comfort Padded tongue  Midsole Shock absorbing EVA midsole  Outsole TPR outsole with an upraised heel Terraced grooves for grip and traction  Wash care Wipe surface with soft, clean, damp cloth Do not machine wash",Clarks Men Dark Black Un Rail Casual Shoes,Casual Shoes
51516.jpg,Case style: Analogue watch with an oval stainless steel case Dial style: White dial with hands and markings Strap style: Metallic mesh strap with a press-lock clasp Features:nbsp;Screw to reset time Water-resistant up to 30 m Warranty: 2 years (1 year for digital and ana-digital watches) Warranty provided by Brand Owner / Manufacturer,Fastrack Women White Dial Watch N6015sm01,Watches
45615.jpg,-,Arrow Men Black Shoes,Formal Shoes
56679.jpg,"Brown synthetic leather and fabric forefoot strap, an elasticated ankle strap in front and a strap behind the heel to keep your foot in place Brown and tan zig-zag weave design on the fabric straps Patterned footbed with heel patch that has branding TPR outsole with a upraised heel Heel: 2.5""",Portia Women Brown Sandals,Heels
57818.jpg,"Knitted mustard top with a cowl neck, sleeveless, gathers at the shoulders, elasticated below the waist line",United Colors of Benetton Women Mustard Top,Tops
2507.jpg,"Composition: The shoe has a rubber sole and synthetic upper PU. Shoe care: Use a soft clean cloth to wipe away dust. Do not machine wash. Fitting: Regular. These unique numero uno sneakers in white with black and white striped cushioning, minimalist red highlights and stitch detailing creates an impact on its own. A perfect addition to your wardrobe, these sneakers elevate any casual outfit and give it a real trendy feel. Wear them confidently with your jeans the next time you go out with your friends and enjoy the attention.",Numero Uno Men's Casual White Sneakers Shoe,Casual Shoes
24616.jpg,"Composition Charcoal coloured round neck T-shirt made of 100% cotton, has a ribbed neckline, short sleeves and graphic distressed print on the chest Fit Regular Wash care Delicate machine wash at 40 degrees inside out using mild detergent Do not bleach or iron Tumble dry low Bear that modest smile while you flaunt to the world your perfect side in style with this Mr. Perfect T-shirt from mr. men. Claim your personification of perfection all day in comfort in this cotton tee, and stay fresh and dry with no worries. Team it with jeans and casual lifestyle footwear for that cool casual look. Model statistics The product is a size M on a model of height 6' and shoulders 18""",Mr. Men Men Charcoal Printed T-shirt,Tshirts
51058.jpg,"Style Note enamor is a brand that has become synonymous with femininity, style and luxury. Give your lingerie drawer a quirky twist with this lavender piece from the brand. Its blended composition ensures a snug and comfortable Fit. Product Details Lavender briefs, panelled front, elasticized waistband and leghole, soft fabric panel inlay at crotch, stretchable Material and Care 91% Nylon 9% spandex Hand wash cold Drip dry in shade Size and Fit Low Rise The model( height 5'8""and waist 28"") is wearing a size M",Enamor Women Lavender Briefs,Briefs
21976.jpg,"Specialising in fashionable style, and crafted by skilled Indian craftsmen, murcia bags use the finest materials and hardware in their products. This stylishly silhouetted bag embodies the essence of the modern Indian woman - unapologetically fashionable  Made from leatherette with a faux snake skin design for style Has a main roomy zippered compartment with two inner zippered compartments Organiser sleeves to hold a mobile and essentials Two short handles for carrying ease and style Brand name embossed on the front  Bag care Wipe surface with a dry, clean cloth to remove dust",Murcia Women Casual Red Handbag,Handbags
46693.jpg,"Style Note rasasi impresses and flatters your senses with their unique fragrances that last long and keep you smelling fresh. These are fragrances that will please the royals just as it would appeal to your more earthy senses. Each and every one of their perfumes are keepers. This perfume for women expresses sensual boldness evoking a youthful feeling.   Product Details Rasasi Blue Lady is a women's perfume spray which has a flowery, woody and amber fragrance. The top notes are violet leaves, ylang - ylang, tuberose and orange blossom. The middle notes are peach, plum, narcissus and jasmine. Base notes are sandalwood, vetiver, vanilla, amber and musk. The perfume is bottled curvy blue flask with a golden collar while the clear cap resembles a women's hat. Comes with a free deo spray inside   Size 40 ml",Rasasi Women Blue Lady Perfume,Perfume and Body Mist
27504.jpg,White solid full-coverage bra Non-padded and non-wired seamless cups Regular straps and back closure Back style: Regular Feature: All day comfort,Jockey White Solid Non-Wired Non-Padded Bra SS 12,Bra
16283.jpg,"Composition White T-shirt made of 100% cotton, has a round neck, short sleeves and graphic print on the front with embroidery on the right shoulder   Fitting  Regular   Wash care  Machine wash inside out with like colours, using a mild detergent Do not bleach Dry falt in shade Warm iron  Travel across the rich cultural diversity of India with this T-shirt from the Horn OK Please collection of peter england. Inspired by India's cultural nuances and all set to explore the rich heritage of the country, this T-shirt makes for a perfect buy for the patriot in you. Pair it with denims or shorts , and add on floaters or sneakers.   Model statistics  The product is a size M on a model of height 6' and shoulders 18"" ",Peter England Men Printed White TShirt,Tshirts
37709.jpg,"Style note Crafted from Italy's materials capital Biella, this fila shoe promises a smooth ride and optimal durability. fila fanboys know the comfort that this brand provides - do you need more reasons to buy the DLS Top Fuel. Product Details Round toed black and neon green shoe with central lace-ups and mesh overlays Heavily padded mesh inner, tongue and collar Foamy rubber midsole upraised with a dynamic landing system at the heel Aggressive TPU outsole with flex grooves and patterned lugs Material and Care Synthetic, mesh Do not machine wash Remove dust and dirt with dry clean cloth",Fila Men Black Top Fuel Sports Shoes,Sports Shoes
7920.jpg,"Black striped polo T-shirt, has a polo collar, short button placket, short sleeves",Proline Men Black Striped Polo T-shirt,Tshirts
38306.jpg,-,Reid & Taylor Men Brown Scarf,Scarves
2294.jpg,N/A,Nike Women's Miller Top,Tops
7392.jpg,"Take semi-formal dressing to the next level with these slip-on leather shoes from red tape. With comfort and style rolled into one, these shoes work great for people who love to take off and wear their shoes with ease. Upper   Full grain leather upper for maximum durability, breathability and style  Slip-on system for easy wear and removal  Elastic inserts on the sides of the tongue for a snug, customised Fit  Stitch detailing to enhance shoe life  Curved and padded collar with a fabric inner for comfort  Brand badge on tongue for style   Midsole   PU midsole for lightweight comfort and impact protection  Fabric inner lining for maximum breathability  Padded fabric footbed with extra cushioning in the backfoot for all-day comfort  Removable footbed to accommodate an orthotic  Brand badge on heel for style   Outsole   Durable rubber outsole ergonomically designed to offer maximum comfort  Flex grooves in the forefoot with a textured mid forefoot and mid heel for grip and traction  Raised heel connected to the forefoot by a trusstic shank for absolute support to the midfoot arch  Scooped mid heel with a brand badge for cushioned comfort  Raised heel for ergonomic comfort and style   Shoe care Wipe surface with dry, clean cloth to remove dust Use a branded leather conditioner to maintain shoe shine Do not store in direct sunlight",Red Tape Men's Brown Semi Formal Shoe,Formal Shoes
22924.jpg,-,Fastrack Women White Casual Watch,Watches
46875.jpg,"Style Note Your feet will surely thank you for giving them extra care, so be confident with unmatched comfort in this pair of socks from lino perros. Crafted to perfection, these skin-friendly socks keep the feet dry and are ideal to be worn in the warm seasons, with either formal or sports shoes .   Product Details Set of two pairs of socks One has stripes and the other has an all-over geometric pattern No toe seam for abrasion-free wear Double layered elasticated mouth for a comfortable wear Branding on footbed    Material and Care Cotton Machine wash Wash dark colours separately",Lino Perros Men Pack of 2 Socks,Socks
38631.jpg,"Cherry pink polo t-shirt with a spread ribbed collar, three-buttoned placket, short  sleeves with ribbed cuffs and vents at hem, logo on left chest, graphic  print on back",Nike Women Pink Polo T-shirt,Tshirts
37728.jpg,"Style note This john players shirt gets a sartorial stamp of approval, with it's refined collar, silhouetted tailoring and it's fine, luxe fabric. Make the right impression with this shirt - be it on lazy weekends or during after-hours dinner. The best bet for semi-formal Fridays, wear this with fitted denims and ankle boots! Product Details Green and violet check shirt with a spread collar, embroidery and a patch pocket on the left chest, full sleeves and a curved hem Material and Care 100% cotton Dry clean or machine wash with like colours only Use a non-chlorine bleach if needed Line dry inside-out in shade Warm iron Size and Fit John Players' Trim Fit The model (height 6' and shoulders 18"") is wearing a size 40",John Players Men Green Check Shirt,Shirts
58251.jpg,"Navy blue wallet with single fold crafted from synthetic leather and fabric with a bow detail on the front A flap with press button closure on the front Four insert pockets, thirteen card holders and an id holder Branding on the inside One zipped pocket One external zipped pocket at the back",Baggit Women Navy Blue Wallet,Wallets
52383.jpg,"White maxi nightdress with round neck, short sleeves with lace and smocking at the cuffs, three button placket, smocking at the yoke, floral print and paneling at the hem and side slits",Red Rose Women White Maxi Nightdress,Nightdress
59089.jpg,"Black and grey striped briefs, has soft elasticated waistband, double layered gusset with cotton lining and string style waistband on the sides",Peri Peri Women Black Brief,Briefs
25964.jpg,"Composition Red sleeveless square neck tunic made of blended cotton fabric, with pintucks at the chest   Fit  Regular   Wash care  Wash dark colours separately Use mild detergent Do not wring or bleach Dry inside out Use warm iron  femella stays in-vogue with this stylish piece that is sure to become a love-forever favourite in your casual wardrobe. Style with understated accessories and peep-toe shoes.   Model statistics  The product is a size M on a model of height 5'8"" and chest 33""",Femella Women Red Tunic,Tunics
31858.jpg,Case style: Analogue watch with a circular case and a stainless steel back Dial style: Black dial Features: A screw to reset time Strap style: Black leather strap secured with a tang clasp Water-resistant up to 30 m Comes in a signature Titan Edge case Warranty: 2 years against manufacturing defects Warranty provided by Brand Owner / Manufacturer,Titan Edge Men Black Dial Watch NH679SL02A,Watches
32184.jpg,"Bright Adi Surge flip flops from adidas for casual occasions. While the comfy footbed massages your feet whenever you walk, the textile thong straps sit comfortably, pampering your feet.   Upper Soft rubber and fabric thong straps with stitch detailing for snug Fit and protection from abrasion Fabric toe separator to support the foot Foam footbed with graphics and brand mark for cushioned all-day comfort and style   Outsole TPU outsole with geometric textured lugs for greater grip and stability   Flip flop care Wipe off dirt with a moist cloth Do not store in direct sunlight",ADIDAS Men Adi Surge Yellow Flip Flops,Flip Flops
20710.jpg,"Square toed, black casual shoes with central lace-ups and low top styling Textured leather upper with overlays and stitched detail, reinforced heel collar Soft tongue and cushioned footbed with branding at the heel Tough rubber outsole with patterned grooves and branding, extends to the backfoot Warranty: 3 months Warranty provided by the brand owner / manufacturer",Red Tape Men Black Casual Shoes,Casual Shoes
50494.jpg,"Sleeveless grey sailor vest with a round neckline Contoured body Fit, navy blue ribbing and tagless for enhanced comfort Branding printed on the inner neck and at the back",Chromozome Men Grey Innerwear Vest,Innerwear Vests
9081.jpg,"Composition Red shorts made of 100% polyester Climalite fabric, with an elasticated  waistband that has a drawstring on the inside, black mesh lining, black stripe panels on the side seams and printed graphic and brand name towards the left leg hem Fitting Comfort Wash care Wash dark colours separately below 30 degrees Do not soak or bleach Do not tumble dry Dry in shade Cool iron Do not iron on print/trims/logo Do not dry clean Made of  ClimaLite fabric, these adidas shorts are ideal for all your fitness, Sports training and competition needs. While the soft and broad elastic waistband sits snugly, the drawstrings on the inside allow you to create a customized Fit. The ClimaLite wicks moisture from the skin to the fabrics surface for easy evaporation and the mesh lining makes it more breathable. Pair it with sports t-shirts and performance shoes for an extended training session. Model statistics The model wears trousers, length of 41.5"" Height-6.1"", Waist-31""",ADIDAS Men Gfx Rev 2l Sho Red Shorts,Shorts
25899.jpg,"Charcoal grey leggings, has an elasticated waist and mildly ribbed hem",Femella Women Charcoal Skinny Leggings,Leggings
16140.jpg,"Composition Orange T-shirt made of 100% cotton, that has a round neck, short  sleeves and grunge look graphic on the front   Fitting Comfort  Wash care Wash using mild detergent Do not bleach Do not dry in direct sunlight Warm iron; do not iron directly on print/embroidery  Custom graphics add to the edgy look of this tokyo talkies T-shirt. The grunge look graphic of the smiling flowers gives a surreal vibe, while the cotton fabric keeps you feeling comfortable all day long. Team it with jeans, carpis or shorts .  Model statistics Product is a size M on a model of height 5'7' and chest 33""",Tokyo Talkies Women Printed Orange Top,Tops
35893.jpg,"Style Note Let your little man enjoy comfort and style with 
this t-shirt from the jungle book collection. This tee is sure to become
 a favourite in no time and is a must buy. Team it with shorts and comfy
 footwear for that uber cool and comfy look.   Product Details White t-shirt that has a round neck, short red sleeves, graphic
 and rubber print on the front, stitch detailing and brand badge on the left hem   Material and Care 100% Cotton Hand wash warm with like colours using a mild detergent Use a non chlorine bleach if needed Line dry Cool iron; do not iron on decorations Do not dry clean",Jungle Book Boys Safari White T-shirt,Tshirts
48393.jpg,"A pair of navy 5-pocket mid-rise stretchable jeans , lightly washed and lightly distressed, has whiskers, a zip fly with a button closure, and a waistband with belt loops",French Connection Navy Washed Skinny Stretchable Jeans,Jeans
33139.jpg,"Style Note Let the apple of your eye enjoy some style in this T-shirt from gini and jony. Stylized with interesting graphic print, team it with shorts or denims and comfy footwear for that super cool look. Product Details Light grey round neck T-shirt, has graphic print on the front, branding appliquéd on the left sleeve and brand tag on the hem Material and Care 100% cotton Machine wash in cold water using a mild detergent with like colours Do not tumble dry, bleach or soak Wash and dry inside out in shade Warm iron only Do not iron on print/embroidery",Gini and Jony Boys Printed Grey T-shirt,Tshirts
43307.jpg,"Style Note Introduce this stunning shirt from united colors of benetton to your formal collection. The three quarter length sleeves add a refined touch to your formal ensemble. Made from a soft and breathable fabric with perfect stitches and finish. This shirt looks great with a pair of denims or trousers. Product Details White shirt, has three quarter sleeves with buttoned cuffs, stand-up collar with buttoned front placket and a curved hem Material and Care 98% cotton and 2% spandex Machine wash cool with like colours using mild detergent Do not bleach, wring or tumble dry Dry clean delicate Size and Fit Regular fit The model (height 5'8"" and chest 33"") is wearing a size M",United Colors of Benetton Women White Shirt,Shirts
11408.jpg,"Composition Black hooded pullover made of 100% cotton, that has long sleeves with striped cuffs, hood with a lace drawstring and patch pocket on the waist with double sided opening Fitting Regular Wash care Machine wash in 30 degrees using mild detergent Do not dry clean, tumble dry, wring, scrub or bleach Dry flat in shade Warm iron Do not iron directly on print/embroidery Update your cool style with this black hooded pullover from United Colours of Benetton. The simple black colour is complemented by a striped desing, while the cotton fabric keeps you fresh and comfortable all day. Team this with tees, jeans and comfortable-yet-stylish lifestyle footwear from the wide collection available at myntra for casual occasions. Model statistics The model wears size M in sweat shirts Height-5'11"", Shoulders-18""",United Colors of Benetton Men Light Winter Black Sweatshirts,Sweatshirts
20971.jpg,"An all-time favourite accessory, belts form an integral part of dressing - be it to secure your trousers, or act as a styling detail to your outfit. This leatherette belt from fastrack is set to pump up your style and add zing to your attire.  Made of leatherette for durability and style Tang clasp to offer a snug Fit and to hold the belt in place Holes to customise fit Brand logo embossed below the buckle and on the tail   Care  Use a brass polisher to maintain buckle shine Wipe surface with a clean, dry cloth to remove dust",Fastrack Men Leatherette Olive Belt,Belts
28691.jpg,"Composition Black printed kurta made of 100% cotton, has a round neck, short raglan sleeves, button detail at the neck and a vented hem Fit Regular Wash care Wash dark colours separately Do not bleach Dry inside out in shade Warm iron Every woman needs a choice of kurtas in her wardrobe. The USP of w is a simple, elegant silhouette, coupled with modern design details. In this kurta we see the traditional garment in a new avatar with w's innovative styling. For the conservative at heart, this piece can be worn with leggings and delicate sandals. For a boho chick meets rebel style, colour block this with bright capris. Model statistics The product is a size 8 on a model of height 5'8"" and chest 33""",W Women Printed Black Kurta,Kurtas
51155.jpg,"Black knitted socks with elasticated cuffs, has stripe patterning all over",Raymond Men Black Socks,Socks
18319.jpg,"QA comment : MRP Updated as per the mrp on the tag.  Composition Red and black check shirt with white accents, made of 100% cotton, has long sleeves with double buttoned cuffs, a spread collar with a full buttoned placket, a patch pocket on the left chest and a curved hem Fit Slim Wash care Wash separately using a mild detergent Do not bleach Drip dry Warm iron Classic Wills shirt made of pure cotton, crafted with the label's best yarn. Keep your workwear composition original with this checked staple. Wear it with formal trousers, brogues and an understated belt. Model statistics The product is a size M on a model of height 6' and shoulders 33""",Wills Lifestyle Men Check Maroon Shirt,Shirts
35714.jpg,"Style note force 10 shoes for women - feminine upper with a tough masculine structuring makes for a great looking shoe that provides optimal performance on the track, in the gym or on the field. Product Details Round toed grey and pink shoe with central lace-ups Padded mesh inner with a padded tongue and heel collar Foamy rubber midsole TPU outsole with multidirectional lugs and nubs Material and Care Synthetic, mesh Do not machine wash or store in direct sunlight Remove dust with a dry clean cloth",Force 10 Women Grey Sports Shoes,Sports Shoes
30603.jpg,"Composition Reversible running shorts in red and black, made of 100% polyester, has an elasticated waistband with a drawstring, has black panels on one side and red panels on the other side, an outer mesh and swoosh logo in a reflective material towards the left hemline  Fit Regular  Wash care Machine wash cold with like colours Do not bleach, iron or dry clean Line dry  Built with the breathability and zero-distraction fit that athletes demand, this pair of nike running shorts comes in a simple design. These high-performance shorts can be fully reversed for the versatility of two garments in one. Team it with tees and running shoes .",Nike Boys Basketball Red Shorts,Shorts
49863.jpg,"Style Note  Check out Q&    Q's latest collection of watches for kids. Minimalist styling peppered with innovative design details, we love wearable timepieces by QnQ! Now let your little one flaunt his/her timely bling with panache.    Product Details  Case style: Digital watch with a pink plastic square case  Strap style: Pink plastic strap with a tang clasp  Features: Day, date, alarm, stopwatch displayed on the dial and four screws to reset time and other multiple features  Water resistant  Warranty: 1 year   Size  Case diameter: 25 mm  Case thickness: 5 mm",Q&Q Kids Girls Pink Digital Watch,Watches
45943.jpg," Style Note mumbai slang sets cosmo street trends with their printed kurtas. Those interested in colour blocking can wear this with bright contrasting capris or pants. Others who want to keep their look more tempered can pair it with jeans and flat sandals for a sweet chic look. Product Details Green printed short kurta, has a round neckline, full buttoned placket, pint tucks from the neckline to the waist, draw string tie at the waist on the sides, short sleeves with buttoned cuffs and gathers from the back yoke. Material and Care 100% cotton Wash using a mild detergent Do not bleach Use warm iron Size and Fit Regular Fit The model (height 5'8"" and chest 33"") is wearing a size M Style Note Mumbai Slang sets cosmo street trends with their printed top. Those interested in colour blocking can wear this with bright contrasting capris or pants. Others who want to keep their look more tempered can pair it with jeans and flat sandals for a sweet chic look. Product Details Green printed short top, has a round neckline, full buttoned placket, pint tucks from the neckline to the waist, draw string tie at the waist on the sides, short sleeves with buttoned cuffs and gathers from the back yoke. Material and Care 100% cotton Wash using a mild detergent Do not bleach Use warm iron Size and Fit Regular Fit The model (height 5'8"" and chest 33"") is wearing a size M",Mumbai Slang Women Green Top,Tops
56206.jpg,Heart shaped pendant with white encrusted stones Cut-outs on the heart pattern Has a loop for the chain to go through Warranty: 1 year,Estelle Women Gold Pendant,Pendant
6882.jpg,"Composition Peach trench-coat with an outer shell made of 97% cotton and 3% elastane, and lining made of 57% polyester and 43% viscose in a peach polka dot dobby weave, with double breasted buttoned closure on the front, bows on the shoulders, belted waist with bow detailing on the belt loops at the back, pleats emerging from the waistline, sleeve cuffs with button and belt closure, and with insert pockets on the sides below waistline Fitting Regular Wash care   Dry clean only  Cool iron on reverse if necessary   Take feminine dressing to the next level with this peach trench coat from forever new. The trench gets a fresh look with the peach colour, bow detailing, golden buttons and the flared waistline. Team this with short lace dresses and ballerina shoes for a really delicate look or wear it with a lace top, jeans and gold coloured flats for casual outings. Model statistics The model wears size M in coats Height-5.8"", Chest-33""",Forever New Women Long Peach Jacket,Jackets
30764.jpg,"Composition White hand block print kurta made of cotton, has a mandarin collar, half buttoned placket, three quarter sleeves, a pocket on the left chest and a vented hem   Fit  Regular   Wash  care  Hand wash separately in cold water using mild detergent Dry in shade Do not soak This unique fabric has been dyed/ printed using traditional dyeing processes. Some colours may initially transfer when in dry or wet contact with light coloured fabrics or upholstery. This transfer will reduce after a few washes but we recommend that you wash the product separately for the first few washes.  fabindia specialises in natural, craft-based contemporary pieces, while also providing rural craft persons a platform to use traditional dyeing and fabric printing techniques. With the essence of Indian roots, crafted with a focus on the traditional, this kurta sets the tone for an all new trend for men. Hand block printing is one of the three main techniques used for fabric decoration. Skilled artisans carve the required design into hard wood to make the blocks, which are the essential tools for printing. These blocks are dipped sequentially into a dye bath and stamped onto the fabric with skilled precision. A separate block is used for each colour, some fabrics may have as many as 500 block repeats per metre! Wear this unique piece with denims or fitted chudidhars.   Model statistics  The product is a a size M on a model of height 6' and shoulders 18”",Fabindia Men Hand Block Printed White Kurta,Kurtas
12089.jpg,"Composition Brown printed kurta made of 100% cotton, has a round neck with light ruffles round the edges, three-quarter sleeves and side slits   Fitting Regular  Wash care  Wash dark colours separately Do not bleach Dry inside out in shade Warm iron  This piece of art by w is designed to accentuate your femininity. Look stylish in this ethnic kurta and revel in the comfort of the soft fabric. Pair it with leggings and heels for a formal look or wear it when hanging out with your friends by teaming it with denims and pumps for a casual look.  Model statistics The model wears size M Height-5.7"", Chest-33"", Waist-26""",W Women Brown Printed Kurta,Kurtas
49858.jpg,"Style Note Check out Q&  Q's latest collection of watches for kids. Minimalist styling peppered with innovative design details, we love wearable timepieces by Q&  Q! Now let your little one flaunt his/her timely bling with panache. Product Details Case style: Digital watch with a black plastic square case Strap style: Black plastic strap with a tang clasp Features: Day, date, alarm, stopwatch displayed on the dial and four screws to reset time and other multiple features Water resistant Warranty: 1 year Size Case diameter: 30 mm Case thickness: 4 mm",Q&Q Kids Unisex Black Digital Watch,Watches
30317.jpg,"Composition Pink round neck T-shirt made of 100% cotton, has short sleeves and graphic print on the chest   Fit  Regular   Wash  care  Machine wash separately Do not bleach, do not dry clean, do not tumble dry Warm iron, iron print on reverse  Spun from our irresistibly soft cotton, this is a blissfully cosy T-shirt, and it follows our favourite trend - statement tees! Sporting a 'Wasted chemists' print on the chest, this tee from myntra gives a fresh twist to an off-duty staple making it ideal for your cool summer uniform. Style it with checked shorts , understated accessories and lace up casual shoes for perfect man-about-town nonchalance.   Model  statistics  The product is a size M on a model of height 6' and shoulders 18""",Myntra Men Wasted Pink T-shirt,Tshirts
31585.jpg,"Composition Olive green round neck T-shirt made of 52% polyester and 48% cotton, has a ribbed neckline, short sleeves and graphic and rubber print on the chest  Fit Regular  Wash care Machine wash cold with like colours using a mild detergent Do not bleach Tumble dry low Cool iron on reverse; do not iron on decorations  For cool urban wear this printed mark taylor T-shirt is perfect for any season. This off-duty essential will soon become your favourite while the cotton/polyester blended fabric will keep you fresh all day - pair it with your favourite denims and sports shoes .  Model statistics The product is a size M on a model of height 6' and shoulders 18""",Mark Taylor Men Printed Olive T-shirt,Tshirts
33250.jpg,"Style note Refresh your formal wardrobe with this shirt from arrow. This piece gives a face lift to your on-duty staples with its flattering cut and impeccable silhouetting. It sits well under a structured blazer for dressy occasions. Wear this with dark and light chinos to alternate between looks when you're heading to work. Style this with formal shoes from provogue, available online at myntra. For a stylish fusion of formal and casual, wear this with classic denims, a bold belt and tonal casual leather shoes. Product Details White, blue and green checked shirt, has a spread collar, short sleeves, full buttoned placket, a patch pocket on the left chest, brand embroidered on the right sleeve cuff and a vented hem Material and Care 100% cotton Machine wash warm with like colours Do not bleach or dry clean Tumble dry low Warm iron  Do not iron on decorations Size and Fit Regular fit The model (height 6' and shoulders 18"") is wearing a size 40",Arrow Men  Green & Blue Check Shirt,Shirts
27951.jpg,"Style Note Revel in the  comfort of soft fabric with this black , string bikini performance brief from  jockey. The superior fabric  provides breathable  comfort, while the cut  offers easy leg movement.  The printed label  allows abrasion free comfort and  the double layered  fly construction  offers maximum support  Product Details Stretch fabric that ensures freedom of movement Particularly soft and comfortable material Excellent moisture management and good circulation through the mesh inserts  Material and Care 95% combed cotton and 5% elastane Machine wash delicate at 40 degrees with like colours using a mild detergent Do not bleach, iron or dry clean Tumble dry low",Jockey SP-IW Men Black Briefs SP01,Briefs
36782.jpg,"Style Note  Want to steal the show? Want to break     off from       the mundane? Want to  set a trend? Want to stand out from  the        crowd?   Now here's your chance to  make an exclusive style   statement     with   this Attivo watch from maxima - this  is the   time-piece  you've    been    waiting  for to class-up your accessory    collection!   Product Details Case style: Square stainless steel case in black Dial style: Round white dial with silver indicies and black and blue hands Features: Date aperture at 3 hour mark Strap stype: Black rubber strap with tang clasp Water resistant to 3ATM, suitable for light rain or splashes  Warranty: 1 Year   Size:  Case diameter: 43 mm Case thickness: 10 mm",Maxima Men White Dial Attivo Watch,Watches
1645.jpg,"1. A jersey that breathes through the mesh sides for superior ventilation 2. Round necked, loose Fit t-shirt for ease of movement 3. Composition is 100% polyester Designed for novice sportsmen of all ages, this Sports jersey assists fast moisture transfer. The jersey is designed for men and is an ideal training garment for all sports.",Kipsta Men Loose Fit Round Neck Jersey Black,Tshirts
30323.jpg,"Composition Black round neck T-shirt made of 100% cotton, has short sleeves and graphic print on the chest Fit Regular Wash care Machine wash separately Do not bleach, do not dry clean, do not tumble dry Warm iron, iron print on reverse Spun from our irresistibly soft cotton, this is a blissfully cosy T-shirt, and it follows our favourite trend - statement tees! Sporting a cheeky print on the chest, this tee from myntra gives a fresh twist to an off-duty staple making it ideal for your cool summer uniform. Style it with checked shorts , understated accessories and lace up casual shoes for perfect man-about-town nonchalance. Model statistics The product is a size M on a model of height 6' and shoulders 18""",Myntra Men Ava Black T-shirt,Tshirts
4646.jpg,"Grey sandals Synthetic upper with overlays Forefoot strap has top contrast coloured top stitch detailing with design and a velcro closure Midfoot strap has brand print and adjustable velcro closure Backfoot strap has a red pull loop and dotted designs Textured, soft EVA footbed with massaging nubs Rubber outsole with branching grooves, grooves along the periphery for natural foot movement and extends in front to function as a toe guard",ADIDAS Men Grey and Navy Blue Sandal,Sports Sandals
15373.jpg,"Composition Purple sweatshirt made of 95% cotton and 5% elastane, has  an overlapping V-neckline, full sleeves with vented seams for  breathability, and floral print above the hemline on the right Fitting Regular Wash care only hand wash in cold water using a mild detergent Do not wring or bleach Flat dry in shade Live  life a level above. Made with special care using light fabric and  simple cuts, this sweatshirt from urban yoga is sure to shield you from  the nip in the air. Pair it with track pants and comfortable shoes. Model statistics The model wears size M in sweatshirts Height: 5'7""; Chest: 33""; Waist: 25""",Urban Yoga Women Solid Purple Tops,Tops
57949.jpg,-,Clarks Men Brown Formal Shoes,Formal Shoes
32971.jpg,"Composition Blue round neck T-shirt made of 100% cotton, has short sleeves and print on the front Fit Regular Wash care Machine wash warm Wash inside out, with like colours Do not bleach or iron on print Dry in shade We know how addictive the angry birds game can be! Tap into the season's most popular video game trend from your phones and PCs and into to your wardrobe, with this soft spun tee from Angry Birds. The imagery is very in-vogue, channelling the spirit of urban chic into your off-duty ensemble. Style this with your tried-and true favourite denims (rolled up to the ankle) with boat shoes, or colour block it with another bright hue and add on a pair of ankle-high boots. Model statistics The product is a size M on a model of height 6' and shoulders 18""",Angry Birds Men Printed Blue T-shirt,Tshirts
9393.jpg,"Stylish and super comfortable, these T-Lite 9 SL crosstrainers from nike add an extra bounce to your steps. Lightweight and good-looking, you can wear them all day long to feel like you're walking on a bed of cotton. Excellent for all your Sports endevours and casual wear as well. Look spectacular and wow in these comfy shoes. Upper   Synthetic leather upper for durability and style  Synthetic leather wrap-around overlay along the heel and midfoot for better support  Perforations on the forefoot and sides for better breathability  Lace-up system with synthetic laces for a snug, customized Fit  Lushly padded tongue and well-cushioned collar for in-step comfort and a secure fit  Mesh tongue for better ventilation  nike swoosh appliqued on sides and tongue for branding and style   Midsole   EVA midsole for long-term durability and protection of feet against impact  Cushioned footbed for all-day comfort  Mesh lining for improved breathability   Outsole   Lightweight, slip-resistant rubber outsole for better shock absorption  Flex  grooves for ease of movement  Horizontal lug like patterns for better traction on all surfaces   shoe care Wipe surface with soft, clean, dry cloth to remove dust Do not machine wash Do not store in direct sunlight",Nike Men T-Lite 9 Sl Black Sports Shoes,Sports Shoes
21127.jpg,"Composition Navy blue printed top with a plunging cross-over neck made of 100% cotton, has short sleeves, short tie-up placket and a midriff belt Fit Regular Wash care Hand wash Do not dry clean, tumble dry, wring, or bleach Dry flat in shade Cool iron This season's fuss-free minimalistic trend is nailed in this top with its plush fabric. The subtle sequin embellishment adds an interesting dimension to this basic top. Style this piece from s.oliver with form fitting denims, closed-toe casual shoes from enroute and a  vibrant scarf. Model statistics The product is a size 40 on a model of height 5'8"" and chest 33""",s.Oliver Women Printed Navy Blue Top,Tops
42846.jpg,"Style Note Style Note This season's french connection line features bold animal prints in bags with fantastical bursts of colour in the high street brand's attitudinal style. Add to this potent mix a simplistic design and minimalistic hardware and we have this lust-worthy piece, perfect to add that refined facelift  to your season wardrobe. This season's French Connection line features bags with fantastical bursts of colour in the high street brand's attitudinal style. Add to this potent mix a simplistic design and minimalistic hardware and we have this lust-worthy piece, perfect to add that refined facelift  to your season wardrobe. Product Details Striped fabric upper, buttonable to reduce its height by half Has a plastic handle Fabric inner with a zipped pocket Material and Care Shell 100% polyester Lining 100% polyester Wipe with a clean, dry cloth to remove dust Size Height: 24 cm (folded) Height: 39 cm (unfolded) Width: 31 cm",French Connection Women Multi Stripe Hand Bag,Handbags
4243.jpg,"Composition Blue round neck t-shirt in 100% cotton, with chest print Fitting Slim Fit Wash care 1. Machine wash/hand wash separately in mild detergent 2. Do not bleach 3. Do not wring 4. Dry in shade 5. Medium iron 6. Do not iron on the print face the odds in the face and take that risk, cos you never know you may just win. Roll the winning dice with this blue t-shirt from probase. Made of pure cotton fabric, this slim fit tee will keep you dry and comfortable while you enjoy those classic winning streaks. Pair it with denims and lifestyle shoes for that fashionably casual look.  Model's statistics 1. The model wears size M in t-shirts 2. Height-6', Shoulders-19""",Probase Men's Against All Odds Blue T-shirt,Tshirts
10490.jpg,"Composition Navy blue and light red plaid check shirt with black and beige accents made of 100% cotton, that has short sleeves with rolled cuffs, panel detailing on the inseam of the collar and on the rolled cuff, two patch pockets on the chest with buttoned flaps, buttoned flaps on shoulders and sleeve hems, embroidered branding over the left chest pocket and curved hemline with godet inserts on the side hems Fitting Regular Wash care Machine wash cold Do not tumble dry Turn inside out before drying Don't dry in direct sunlight Use warm iron Do not iron on print Upgrade your cool quotient with this checked shirt from flying machine. The cotton fabric keeps you fresh all day while you hang out with your friends. The double patch pocket adds a touch of style. Team it with jeans or chinos and slip-on shoes for a laidback look. Model statistics The model wears size M in t-shirts Height-6'; Shoulders-19”",Flying Machine Men HS Blue Shirts,Shirts
28035.jpg,"Style Note  Revel in the comfort of soft fabric with this hip brief from jockey. The superior fabric provides breathable comfort, while the cut offers easy leg movement. The printed label allows abrasion free comfort and the double layered fly construction offers maximum support.   Product Details Grey melange hip brief, soft fabric with Magic Rib for optimum comfort, signature and original Jockey Y front fly opening, styled for optimum support and UltraSoft waistband that provides super soft, smooth and comfortable grip with branding   Material and Care 100% combed cotton Machine wash warm Do not bleach, iron or dry clean Tumble dry low",Jockey ELANCE Men Grey Melange Y Front Briefs 1006,Briefs
51158.jpg,"Brown knitted socks with elasticated cuffs, has striped patterning",Raymond Men Brown Socks,Socks
9052.jpg,"Take running to the next level with these Duramo 3 M shoes from adidas. These comfortable trainers are engineered with dry Fit technology and superior cushioning with better shock absorption properties. Team it up with jeans and tees for a cool casual look. Upper Mesh uppers with synthetic overlays for better breathability and structure Lace-ups for better fit Iconic three stripes symbolizing the challenges that are seen ahead and goals that can be achieved on the sides Padded collar and tongue and textile shoe lining for better comfort Midsole Cushioned footbed for all day comfort EVA midsole for better shock absorption and cushioning Outsole adiPRENE®+ delivers supreme forefoot cushioning adiPRENE® offers under heel impact protection adiWEAR® outsole supplies optimal durability in high-wear areas Scooped out heel gives better cushioning of  the heel from shock Impact guidance system enables better motion of the feet Flex grooves provide better flexibity to the feet Wash care Wipe surface with soft, clean, damp cloth Do not machine wash",ADIDAS Men Duramo 3 M White Sports Shoes,Sports Shoes
15951.jpg,"With a diagonal striped design in glossy purple and black, this tie from turtle is a perfect match for a variety of dress shirts - from classic whites to black and purples. Also, every time you purchase a Turtle product, part of the proceeds go towards protecting and conserving turtles as part of the Save Turtle project created in collaboration with WWF and Wildlife Society of Orissa. Length : 146 cm Made of 100% microfibre for durability and easy use Has diagonal stripes in glossy purple and black One loop with on the inner of the broad tongue to hold the narrow tongue in place Woven brand logo on the inner side of the broad tongue Tie care only dry clean",Turtle Men Stripes Purple Ties,Ties
38397.jpg,"Composition Blue round neck T-shirt made of 100% polyester engineered with ClimaLite technology, has short sleeves with yellow piping on the cuffs, mesh fabric along the sides at the hem for breathability, Mumbai Indians printed on the left chest, adidas brand logo on the right chest, patented adidas 3-Stripes and gold trims on the shoulders   Fit Regular   Wash care Machine wash in lukewarm water below 40 degrees, using a mild detergent Wash dark colours separately Do not soak, bleach, tumble dry, dry clean or iron on print/trims/ logo Dry in shade Warm iron  The Indian Premier League has kick started. You know you have the Gods of cricket on your team - show your appreciation for their super-human efforts by wearing this Mumbai Indians T-shirt from Adidas. Their motto is 'Play Like One' and you too can be part of that global team spirit which brings people together, defying all odds, to triumph at the highest level! With an all new look and design for the 2012 DLF IPL, the ClimaLite fabric keeps skin dry and comfortable during the heat of the day. So wear this stylish tee and cheer for your favourite team at the IPL.   Model statistics The product is a size M on a model of height 6' and shoulders 18'",ADIDAS Mumbai Indians Men Blue Fan T-shirt,Tshirts
49715.jpg,Black and maroon patterned tie A loop behind the broad tongue to tuck the smaller end in,Park Avenue Men Black Tie,Ties
46476.jpg,"Case style: Stainless steel, rectangular gold toned case with branding at the back Dial    style: White dial with floral detailing, gold colour hands and markings, branding near the 12 hour mark, studded detail at the 12 hour mark Features: Screw to reset time Strap style: Genuine leather strap with an adjustable tang closure and loops to hold it in place Water resistance: Up to 30 m Warranty: One year against manufacturing defects",Timex Women White Dial Watch,Watches
4046.jpg,"FOR LONGER and STRONGER RUNS  From track to trail, the adidas Allegra 4 is the best high performance  running shoe. An absolutely comfortable trainer, it is engineered with  dry Fit technology and ultimate cushioning and shock absorption to  ensure pleasurable long and smooth runs.  Designed for the elite running, these luxury running trainers have  stretchable upper panels that improve the natural movement of the feet,  while it has absolutely comfortable cushioning in the insole to absorb  shock during heelstrike and toe-off, protecting the feet from  impact-related injuries.  The adidas Allegra 4 shoe is made of a synthetic mesh upper to enhance  breathability and ventilation, ensuring dry and fresh feet even during  long runs. Employed with the signature Adidas stripe on the sides, these running shoes give you that much required comfort and traction making  you want to run longer and stronger.  Lightweight high performance  Created for that high performance training, the Adidas Allegra 4 has a  lightweight midsole that is well cushioned to protect the feet from  impact and injuries.  The outsole, made of blown rubber, is engineered with an AdiWEAR heel to  provide the ultimate in abrasion resistance, allowing your shoe to live  longer. The Adidas Allegra 4 outsole is grooved multi-directionally for  enhanced traction and grip across multi terrains, making you fall in  love again and again with your daily runs. Upper White mesh uppers provide maximum ventilation Synthetic lace-ups for better fit Iconic three stripes symbolizing elegance and durability in silver on the sides Padded collar and tongue provide all day comfort Midsole Shock-absorbing lightweight Phylon midsole for added comfort Outsole Rubber toe box and heel counter for added protection Durable outsole with horizontal grooves for high traction Wash care Wipe surface with soft, clean, damp cloth Do not machine wash",ADIDAS Men's Allegra 4M White Navy Blue Black Shoe,Sports Shoes
2502.jpg,"Perfect for those casual days, these ultralight canvas shoes from numero uno are a great addition of comfort to your wardrobe. Team these with jeans and tees or skirts for a cool, casual look. Upper   Canvas upper for durability, sweat absorption enabling ventilation and easy maintenance  Metallic eyelets on the medial side for ventilation  Lace-up system with metallic eyelets for snug Fit and durability  Stitch detailing to enhance shoe life and for style  Long tongue with embroidered brand name  Rubber toe box for durability and protection to the forefoot  Branding printed on medial side   Midsole   Phylon midsole for durability and lightweight comfort  Cushioned footbed for all-day comfort  Cambreel lining the soft padded insole for excellent arch support  PU foxing for the toe box  Brand name embossed on the heel   Outsole   TPR outsole for durability  Diamond grooves on the forefoot and front heel, with horizontal grooves in the back heel and diagonal grooves along the shoe periphery for maximum traction   Shoe care Knock off loose dirt by smacking the sneakers together Wipe with a damp cloth to remove caked dirt Rinse shoes with warm water Scrub with mild detergent using a gentle toothbrush Use a non-bleaching soap for coloured canvas Rinse off with cool water",Numero Uno Men's Casual Canvas Black Shoe,Casual Shoes
25268.jpg,"Update your style quotient with ease by adding this stylish, red, charcoal and brown bag from lino perros to your accessory collection. Roomy and comfortable to carry, the smooth silhouette of this bag blends well with any outfit. Height : 22 cm Width : 29cm Depth : 12 cm Made of synthetic leather and blended fabric for durability Has one main roomy, zipped compartment with an inner zipped compartment and an organiser pouch for essentials Two short handles woven through metallic loops and a long, removable and adjustable strap for carrying ease and style A zipped pocket at the back Buckle and checked design with legs at the base for style Stitch detailing, branded zips and brand badge appliqué d on the front Care Wipe surface with a damp, clean cloth to remove dust",Lino Perros Women Red & Grey Checks Handbag,Handbags
44185.jpg,"Nike Fragrances Scarlet Kiss is a women's spray perfume which comes in a glass flask  Caution: Do not use near fire, flame or heat, Avoid spraying in eyes ",Nike Fragrances Women Beyond Elements Perfume 150 ml,Perfume and Body Mist
36069.jpg,"Beige bag Two short handles One main zip compartment, has a zip pocket One external zip pocket Please note: The inner lining material/colour may vary from what is shown in the image",OTLS Unisex Beige Duffle Bag,Duffel Bag
4688.jpg,"Product Specification Made of 100% polyester for enhanced durability and waterproofing Roomy inner compartment to hold laptop Front pocket to hold all essentials Mesh side pockets to hold bottles and other essentials Side mesh pockets to hold bottles or other essentials Nylon bonded thread for long life Haul loop for handling ease Padded, adjustable shoulder straps that distribute weight evenly and protect the shoulders and back from injuries Ergonomic design to Fit along the torso comfortably Wash care Do not machine wash Rub surface with dry clean cloth to remove dust and dirt",ADIDAS Unisex Power Dark Navy White Backpack,Backpacks
12766.jpg, ,Spykar Men Stripe Navy Blue T-Shirts,Tshirts
46925.jpg,Style Note york perfumes are known for its sophisticated fragrances and it's value for money. No outfit is complete without the right fragrance (be it formal or off-duty).,York Men Prestige Perfume,Perfume and Body Mist
11790.jpg,"Green and white kurta with floral prints, has a V neck with a green lace panel, short sleeves with taping at the hem and a vented hem",Vishudh Women Green Printed Kurta,Kurtas
31589.jpg,"Composition Black round neck T-shirt made of 52% polyester and 48% cotton, has a ribbed neckline, short sleeves and graphic and rubber print on the chest Fit Regular Wash care Machine wash cold with like colours using a mild detergent Do not bleach Tumble dry low Cool iron on reverse; do not iron on decorations For cool urban wear this printed mark taylor T-shirt is perfect for any season. This off-duty essential is sure to become a favourite while the cotton/polyester blended fabric will keep you fresh all day - pair it with your favourite denims and sports shoes . Model statistics The product is a size M on a model of height 6' and shoulders 18""",Mark Taylor Men Printed Black T-shirt,Tshirts
32165.jpg,"Designed to offer exemplary comfort, these pink socks from playboy make for a great buy for those who never compromise on style and luxury. With a cushioned heel and soft seam, there's no better way to revel in the comfort of footwear than with this pair.  Made of soft cotton for a snug and secure Fit, durability and stretchable comfort Luxe footbed with cushioning to absorb shock and impact Comfort grip at the mouth to ensure a soft grip around the ankle Soft seam at the toe region for abrasion-free and enhanced comfort Brand bunny design and a crown pattern on the sock with dark contrast colour at the toe, heel cup and cuff Procured from authorized channel partner of Sri SR Mill, Tanuku (AP) &ndash  the India licensee for Playboy Men&rsquo s Underwear  Sock care Machine wash in warm water using a mild detergent Use non-chlorine bleach if needed Tumble dry low in a delicate cycle Do not iron",Playboy Women Playmate Pink Ankle Socks,Socks
8685.jpg,"Lens colour: Brown Lens type: Polarised lens with 100% UV protection and 100% distortion free Frame colour: Brown Frame type: Plastic Fixed nose pads The glasses come in a hard case Warranty: 1 year on manufacturing defects only, including frame colour coating, screws, glass coming out of the frame Warranty provided by Brand Owner / Manufacturer",Fastrack Women Sunglasses,Sunglasses
57953.jpg,Purple printed sari with light brown and green accents,Prafful Purple Sari,Sarees
37320.jpg,"Case style: Analogue watch, silver-toned circular case with stainless steel back, has a fixed bezel encrusted with stones Dial style: Pink dial Features: Screw to reset the time, a subdial for day display Strap style: Silver-toned bracelet-style strap, secured with a butterfly clasp Water-resistant Comes in a signature CASIO case Warranty: 1 year against manufacturing defects Warranty provided by Brand Owner / Manufacturer",CASIO Sheen Women Pink Dial Analogue Watch (SH119) SHN-3011D-4ADR,Watches
50650.jpg,Navy blue lounge pants that has an elasticated waistband with a drawstring Two insert pockets and grey piping on the sides Branding embroidered below the left pocket,Chromozome Men Navy Blue Lounge Pants S-4801,Lounge Pants
20464.jpg,"Worry no longer about managing money, cards and coins in your tote bag! Organise your everyday essentials into this stylish wallet from baggit. This timeless piece is on the top of our wishlist this year. A sophisticated addition to your accessory collection, you can carry this piece in your hand or pop it into your bag.   Dimensions: 14 cm x 10.5 cm  Crafted from genuine leatherette, has a three-fold flap style opening with a magnetic button closure Velvet overlay on the flap with a buckle detail Detachable shoulder strap to convert wallet into a sling bag One pocket on the side Two pockets, one card holder and one photo id on the left fold One coin pocket on the centre fold A zippered pocket on the back   Care  Wipe with clean, damp cloth to remove dirt",Baggit Women Famous Taj Purple Wallet,Wallets
12474.jpg,"Inspired by the clog, this Wild Time sandal from clarks has a fashionable look. Designed in the natural shape of the foot to provide incredible comfort, it has a casually sporty look, making it a perfect addition to your wardrobe of casual footwear. Upper Full supple-soft leather upper with cut out panels on the lateral forefoot for breathable comfort Ankle strap for enhanced support with clasp on the lateral side to lock the foot in place Toe box foxing in leather for enhanced durability Cork footbed for all-day comfort Upper stitched to the outsole for prolonged durability Outsole Durable EVA outsole with textured panels to enhance grip and comfort shoe Care Clean the leather with a leather brush Do not machine wash or store in direct sunlight",Clarks Men Leather Black Sandals,Sandals
2687.jpg,"Composition: Orange t-shirt in 100% cotton Wash care:   Light machine wash.  Warm iron on reverse  Dry flat/ reverse  Do not scrub, bleach or dry clean   Fitting: Comfort Fit Go romantic with this orange t-shirt from inkfruit. The beautiful graphic wood print exudes the passion of love, and when combined with casuals, it makes that ideal college and outdoor wear. Model statistics: 1. The model wears size S in t-shirts 2.  Chest-32"""", Waist-28""""",Inkfruit Women's Love Wood Orange T-shirt,Tshirts
59379.jpg,"Mustard yellow and orange kurta, has a shaped neckline, short sleeves with orange and yellow binding and side slits",Vishudh Women Orange Printed  Kurta,Kurtas
47434.jpg,"Style Note Fall head over heels in love with this chic and stylish handbag from baggit. Its timeless design is set to see you through many seasons to come. A sophisticated addition to your accessory collection, you can pair this bag with western as well as ethnic ensembles. Product Details Purple bag with one main zippered compartment Smocked fabric panel and elasticated pouch with magnetic button closure in front Inner separator and synthetic lining with zippered pockets One zippered pocket and branding at back Two short handles for carrying ease Material and Care Fabric, synthetic Wipe with clean, damp cloth to remove dirt Size Height: 30 cm Width: 39 cm",Baggit Women Purple Handbag,Handbags
2783.jpg,"Composition 100% cotton, round neck t-shirt Wash Care Hand wash with cold water. Hang to dry inside out. Is the radio dominating your life? Do you just nod to what dad says while you have the radio playing secretly in your ears? Do you have the courage to listen to the radio when your wife's lecturing you on being clean? Do you prefer the radio jockey speaking than your rocket science professor? If radio is the only thing you can tolerate, this is that perfect tee for you.  Model statistics The model wears size M in t-shirts Height-6.2"", Shoulders-16""",Ediots Men's Bajau Kya Radio Red T-shirt,Tshirts
51616.jpg,"Black jeggings, has a button and zipper closure in the front, two side pockets, belt loops on the waistband and two patch pockets at the back with branding on the right side pocket",Kraus Jeans Women Black Jeggings,Jeggings
41558.jpg,"Green polo T-shirt with spread collar, short buttoned placket, graphic print in the front and back, short raglan sleeves with ribbed cuffs and brand print on left sleeve, slits at the hem with the back longer than the front",Probase Men Green Polo T-shirt,Tshirts
30338.jpg,"Composition Red T-shirt made of 100% cotton, has a round neck, short sleeves with stitch detail and a graphic print on the front Fit Regular Wash care Wash in cold water; wash dark colours separately Do not bleach, do not soak, do not wring Warm iron, iron print on reverse Spun from our irresistibly soft cotton, this is a blissfully cosy T-shirt. Sporting a print on the chest, this tee from myntra gives a fresh twist to an off-duty staple making it ideal for your cool summer uniform. Style it with checked shorts , understated accessories and lace up casual shoes for perfect man-about-town nonchalance. Model statistics The product is a a size M on a model of height 6' and shoulders 18”",Myntra Men Mogambc Red T-shirt,Tshirts
20100.jpg,"Composition Yellow kurta made of a blended fabric, has a scooped neckline with a hook closure and buttons on the top, long sleeves with green and red piping, and floral print in orange and green embroidered on the neckline and chest  Fit  Regular   Wash care  Dry clean only  Vintage weaves, classic cuts and contemporary style - all come together in this kurta from diva. Crafted from a soft blended fabric, it offers exemplary comfort all day. Pair it with patialas or churidars and embellished slippers for an ethnic look.  Model statistics  The product is a size M on a model of height 5’9”, chest 33” and shoulders 15.5”",Diva Women Embroided Mustard Kurta,Kurtas
1857.jpg,"1. 100% cotton The world sleeps and a new world wakes up to run a chill down your spine. an unknown phenomenon of life after midnight. The vampires, the coffins, the hooting in the wild, the wolf howling at the full moon calling for some alien creature! this darkened monsoon go gothic with a Life After Midnight range from inkfruit! t-shirts or “Tees” as they are called have become an essential part of our dressing. No one really has remained untouched by the influence of t-shirts. The comfort, ease of use and variety that a t-shirt offers makes it the most preferred casual wear. It goes well with jeans, pants, shorts – almost anything that one can think of. There are t-shirts available in various fits and sizes for menof all ages. While doing your everyday activities, as daily wear or as Friday dressing to office, there's a none better choice than a t-shirt. T-shirts also come with terrific designs on it and are available in various colours. Feel good, feel light and have a great time as your slip into your very own t-shirt.",Inkfruit Mens Life After Midnight T-shirt,Tshirts
32645.jpg,"Composition Navy blue track pants for men made of 100% polyester with Dri-Fit technology, has a wide elasticated waist band with a drawstring, zipped flared legs, two zipped insert pockets on the sides and embroidered branding below the left pocket   Fit  Comfort   Wash care  Machine wash cold with like colours using a mild detergent Do not bleach or dry clean Cool iron; do not iron on decorations  Get more out of your workouts with this comfortable pair of tracks from nike. The wide waistband and drawstring will fit your waist neatly while the Dri-Fit technology wicks sweat away from the body and keeps you feeling fresh and comfortable all day. Team this with tees and sports footwear for trips to the gym.",Nike Men Knit Navy Blue Track Pants,Track Pants
42555.jpg,"Style Note mother earth's focus on providing livelihoods for rural artisans resulted in this handmade kurta that fuses earthy goodness with a modern cut and silhouette. This piece epitomises how fashion, vintage styling and comfort unite to create the perfect Indian tunic. Those interested in colour blocking can wear this with bright contrasting capris or pants. Others who want to keep their look classic and chic can pair this with tonal leggings and embellished slippers. Product Details Dark pink kurta made of 100% cotton, has a split neckline, short sleeves, contrast panelling on the front, lacing on the chest, curved hem, has a flaring skirt with no side slits. Material and Care 100% cotton Hand wash separately in cold water using a mild detergent as colour may bleed Flat dry inside out in shade Warm iron Do not soak Certain fabrics will shrink Size and Fit Regular Fit The model (height 5'8"" and chest 32"") is wearing a size M",Mother Earth Women Purple Kurta,Kurtas
34557.jpg,-,Puma Women Fitness Barrel Pink Handbag,Handbags
44888.jpg,"Style Note The German brand puma is known world over for their infusion of colour and minimalist styling into classic wardrobe staples. With its fine finishing and detailing this Polo neck T-shirt easily makes it to our wishlist for the Summer. Pair it with distressed denims and flip-flops for a rugged look or with track pants and sneakers for a workout. Product Details Red polo neck T-shirt, spread collar with check fabric in underlay , short buttoned placket , short sleeves with flatlock, brand badge embroidered on left front chest, brand patch on left hem, branding at back neck, vented hem with flatlock Materials and Care 100% cotton Wash and iron inside out Machine wash warm Warm iron Size and Fit Regular fit The model(height 6'and shoulders 18"") is wearing a size M",Puma Men Red Polo Neck T-shirt,Tshirts
19615.jpg,"Composition Olive green round neck top made of 100% cotton, has short sleeves and crystal embellished branding on the chest Fit Regular Wash care Delicate machine wash at 30 degrees Do not dry clean Do not tumble dry, wring, scrub or bleach Dry flat in shade Warm iron; do not iron directly on print/embroidery Your weekend wear has a new twist with united colors of benetton's basic top. Layer this tee with a structured blazer or a bolero jacket, classic form-fitting denims and casual shoes. Wear it with colourful canvas shoes for Kristen Stewart-esque quirk or closed toe kitten heels. Model statistics The product is a size M on a model of height 5'8"" and chest 33""",United Colors of Benetton Women Solid Olive Top,Tops
30904.jpg,"Composition Mustard cotton salwar, with a drawstring at the waist and tapered legs  Fit Regular  Wash care Hand wash separately in cold water using mild detergent Dry in shade Do not soak This unique fabric has been dyed/ printed using traditional dyeing processes. Some colours may initially transfer when in dry or wet contact with light coloured fabrics or upholstery. This transfer will reduce after a few washes but we recommend that you wash the product separately for the first few washes.  These salwars created with soft, plush fabric, are perfect to wear with your long kurtas. For those inclined to experiment in ethnic boho chic, style this with a long basic top, a waistcoat with heavy ethnic detailing, and ethnic sandals.  Model statistics The product is a size M on a model of height 5'8"" and waist 26”",Fabindia Women Mustard Salwar,Salwar
43240.jpg,"Mesh upper with synthetic overlays for a good shoe structure Has central lace-ups with mesh padding inside Soft LiteRide insole with a cushioned feel Thick foamy outsole with nubs and grooves, has an arched midfoot",Reebok Men Grey Swift Sports Shoes,Sports Shoes
42943.jpg,"  Style Note  Spring Summer 2012 saw statement accessories steal the show on ramps.  Now bring this trend to your wardrobe with this stylish French  Connection belt, crafted from superior materials. Pair these with  unlikely pieces in your wardrobe be it pastel hues or colour pops.  Product Details  Brown belt with a tang clasp and a fixed loop  Has holes to customise the Fit  Material and Care  Leather  Wipe with a clean, dry cloth to remove dust  Style Note Spring Summer 2012 saw statement accessories steal the show on ramps.Now bring this trend to your wardrobe with this stylish french connection belt, crafted from superior materials. Pair these with unlikely pieces in your wardrobe be it pastel hues or colour pops. Product Details Brown belt with a tang clasp and a fixed loop Has holes to customise the fit Material and Care Leather Wipe with a clean, dry cloth to remove dust  ",French Connection Men Brown Belt,Belts
46900.jpg,"Pack of two, (Buy 1 get 1 free)",Umbro Men Set of 2 Deos,Deodorant
9904.jpg,"Wash care  Wipe surface with soft, clean, damp cloth Do not machine wash",Nike Men City Court White Sports Shoes,Sports Shoes
6168.jpg,"Composition Red round neck t-shirt made of 100% cotton, ribbed neckline with a multi-coloured twill tape in-seam, half sleeves and graphic print on the front Fitting Comfort Wash care   Machine wash in cold water inside out  Wash dark colours separately  Use mild detergent  Do not bleach or wring  Tumble dry or flat dry inside out in shade  Warm iron  Do not iron on print/embellishments   Designed for that true lee fan, this red t-shirt from lee flaunts the silhouette of its founder Henry David Lee in cowboy outfit on the front. So all you Lee fans, don this tee in style and pay tribute to the man who created the brand that has been doling out absolutely comfortable, durable and stylish jeans for the world over for over 100 years now. Team this with jeans and sports shoes or sandals for that cool, casual look. Model statistics The model wears size M in t-shirts Height-6.2'', Shoulders-16""",Lee Men's Guns Cardinal T-shirt,Tshirts
7593.jpg,"AN ACE FOR THE ACERS If what you need is speed, traction and stability on the tennis court, look no further than the nike Zoom Vapor 8 Club tennis shoes. An update of the classic silhouette, the nike Zoom Vapor 8 Club is constructed with the best of modern technology coupled with premium cushioning, durability and support. Built with a performance-driven design, these tennis shoes are light in weight and offer a springy bounce. Designed in a high performance style, this range of tennis shoes provide the ultimate in durability and traction. The synthetic uppers of the Nike Zoom Vapor Club shoes are made of lightweight leather upper with durability regionalised and reinforced in the toe tip made of XDR and medial part of the forefoot. The upper is well perforated to provide ultimate ventilation and breathability for the feet, keeping them dry and comfortable. Lateral moves made easy Engineered with a full length phylon material midsole and a Nike Zoom unit in the heel, the Nike Zoom Vapor Club range of shoes have an absolutely high level cushioning ensuring a springy bounce that gives the ultimate comfort during side-to-side movements on the tennis court. To make side-to-side movements even more convenient for tennis players, the Nike Zoom Vapor Club shoe is specially designed to frame the heel and has an outrigger ion the outsole. Added to this cushioning and stability is the herringbone pattern on the rubber outsole that ensures maximum traction and durability of the shoe. The outsole is also created out of a single piece TPU shank that enhances stability. The flex grooves on the lateral side of the outsole provide a natural feel of the tennis court, allowing more flexibility of the sole, while the pivot point enhances traction. On the whole, the Nike Zoom Vapor Club is a personal favourite of some of the best tennis players the world over, who love that springy, supported bounce across the tennis court. Upper   Perforated leather uppers for superior breathability and excellent Fit  White lace-ups for snug fit  Cushioned collar and tongue for extra comfort  Appliqued swoosh on the sides  Perforated toe box adds  extra ventilation   Midsole   Full-length Phylon midsole for lightweight cushioning   Outsole   Nike Zoom unit in the heel provides lightweight and responsive cushioning  XDR toe wrap provides extra protection  TPU shank enhances torsional rigidity for excellent midfoot stability and arch support  Lateral-side outrigger for enhanced stability on quick movement  Traditional herringbone tread pattern for durable traction on a variety of court surfaces  Full-length XDR (Extra Durabble Rubber) outsole provides extreme durability and traction   Shoe care Wipe surface with soft, clean, damp cloth to remove dust Do not machine wash",Nike Men Zoom Vapor 8 White Red Shoe,Sports Shoes
38745.jpg,"Style Note  A backpack easily distributes the weight across your shoulders and back, making loads easy to carry while keeping you looking cool and confident. Fill this trendy nike backpacks with your sportswear when you're heading to the field or gym, or use it on a trek in the great outdoors, and enjoy the ample storing space for all your gear.   Product Details  A black and grey camouflage backpack with yellow highlights and a black and white brand applique in the front Two curved padded shoulder straps with one short handle on top and padded back One main compartment with an internal mesh zippered compartment One easily accessible zippered pocket in front with two internal open mesh pockets   Material and Care  100% polyester exterior, 74% nylon and 24% polyester lining Do not machine wash or dry clean Do not bleach or iron Wipe with a damp cloth when necessary and line dry   Size  Height: 44 cm Width: 31 cm Depth: 10 cm",Nike Unisex Black All Access Fullfare Backpack,Backpacks
24613.jpg,"Composition Red,green and gold printed kurta made of 100% cotton, has a round slit neck with a pleated mock chest placket, gold piping around the placket, three quarter sleeves with pleated cuffs and a gold band at the cuffs and split side seams Fit Regular Wash care Wash cold using a mild detergent Do not bleach Dry in shade Warm iron  do not iron on decorations This elegant kurta from vishudh speaks volumes of your class and exudes femininity with its timeless design and cut. The traditional print is sure to make this a wardrobe favourite. Pair it with leggings and skinny jeans. Model statistics The product is a size M on a model of Height: 5'7""  Chest: 33"" and Waist: 25""",Vishudh Women Red Printed Kurta,Kurtas
54951.jpg,"Red polo T-shirt, has a ribbed, tipped, cutaway collar, two buttoned placket, short sleeves with ribbed, white striped cuffs, appliqué d and stitched detail on the left chest, branding at the back and vented hemline where the back hemline is longer than the front hemline",Do u speak green Men Red T-shirt,Tshirts
28239.jpg,"Tranquil from park avenue for men has a refreshing and long lasting fragrance that comes in a whimsical green flacon. All the three indispensable elements of a fragrance: base, body and head are proportioned accurately giving a rare and exotic deodorant. Quantity : 150 ml Caution Flammable Protect from sunlight Do not apply on irritated or broken skin Keep away from sources of ignition Keep away from children Do not use near fire, flame or heat Keep away from eyes If rash develops, discontinue use",Park Avenue Men Tranquil Deo,Deodorant
17398.jpg,"It's comfort unparalleled once you slip into this pair of striped brown socks from Reid and Taylor. Crafted from soft, stretchable fabric, these socks have been designed for the confident executive.  Made of a mercerised cotton-lycra blend knit fabric for all-day comfort, easy stretch and sweat-free wear Has red, beige, white and blue stripes Padded footbed for cushioned comfort Hand finished toe seam for abrasion-free wear Rib knit mouth for a comfortable wear Roomy toe area for superior comfort and durability   sock care  Machine wash cold in 40 degrees using a mild detergent Wash dark colours separately Do not iron, dry clean or tumble dry Dry in shade",Reid & Taylor Men Stripes Multi Socks,Socks
38234.jpg,Lens colour: Black Lens type: Polaroid polarized lenses block out virtually 100% of glare Frame colour: Black Frame type: Plastic full frame with plastic arms High bridge and fixed nose pads The glasses come in a signature Polaroid case Warranty: 1 year,Polaroid Unisex Sunglasses,Sunglasses
52495.jpg,"Light pink bath robe, short extended sleeves, patch pocket on front right side, inner tie-ups at waist, belt loop at waist sides, tie stitched down at back waist",Red Rose Women Light Pink Bath Robe,Bath Robe
43711.jpg,"Style Note We love how these ethnic stone-studded bangles from royal diadem complete your ethnic outfits and complement your entire look. Well designed with finesse in the finish and detailed designing, we're sure you can make some special room for these in your jewellery collection. Product Details Set of two bangles Golden coloured broad bangles, has two rows of white stones intersecting at intervals with maroon stones floral pattern at the intersections and copper detail Material and Care Metal Wipe with a cotton swab to remove dust Size Diameter: 59 mm Width: 8 mm",Royal Diadem Set of 2 Golden Bangles,Bangle
12137.jpg,"Composition Royal blue V-neck kurta made of 100% acrylic, has full sleeves, thread work detailed border around the neck and sleeves, and a vented hem Fitting Regular Wash care Wash separately as colour may bleed Do not bleach Dry inside out in shade Warm iron This aurelia kurta speaks volumes of your class and exudes femininity with its timeless design and cut. The handcrafted fabric will keep you going great throughout the day, while the classy design will make you the talk of the town. Pair it with leggings or jeans and flats for an ultra femme look. Model statistics The model wears size M in kurta Height-5.7"", Chest-33"", Waist-26""",Aurelia Women Solid Navy Blue Kurtas,Kurtas
5610.jpg,"Enjoy those healthy runs in style with the Stride shoes from adidas. These comfortable shoes are high on performance attributes and come in basic colours that look great when teamed with jeans and tees for a cool casual look. Upper Mesh uppers for enhanced breathability and dry comfort Synthetic leather overlays for added structure, especially to the midfoot Iconic three stripes strategically placed on the sides to give more structure Cushioned collar and tongue for plush comfort Mesh tongue for breathability Lace-ups for snug Fit Heel cup for better fit and support Midsole Cushioned footbed for support and all day comfort Phylon midsole for lightweight strength Outsole Scooped out air sole unit in the heel for cushioning Impact guidance pattern on the outsole for smoother motion of the feet Flex grooves for natural movement of the feet Adiwear outsole offering better abrasion resistance during Sports performed on hard surfaces shoe care Rub surface with a clean, damp cloth to remove dust Do not machine wash",ADIDAS Men's Stride White Shoe,Sports Shoes
58385.jpg,"Dark Grey t-shirt that has a round ribbed neck, short sleeves and graphic print on the front",Locomotive Men Dark Grey T-shirt,Tshirts
46473.jpg,Case style: Analog watch with a rectangular case Dial style: Silver dial with silver hands Strap style: Steel strap with a butterfly clasp Features: Date and day apeture on the 3 hour mark and water resistant Warranty: 1 year,Timex Men Sliver Dial Watch,Watches
17897.jpg,"Composition Reversible jacket from nike – either all black or red with black lower body Quilted jacket made of 100% polyester, has a front zipper, zipped hand-warmer pockets, zipped internal pocket, two internal pockets with press studs, lightly padded hood, slim slightly stretchy band on the hood opening, cuffs and hem, has Thermore Rinnova thermal insulation, jacket is filled with lightweight 100% recycled high performance PET fibres, and nike swoosh with manchester united badge printed in red and black on the chest  Fit Regular  Wash care Machine wash cold seperately Do not use softeners Do not allow to lay on itself when wet Do not bleach; Do not dry clean Tumble dry low Cool iron; Do not iron over design  This jacket is perfect for any situation. Whether you want to blend in with sober black, or be hi-vis in bold red, this reversible jacket will meet your need. The high-tech insulation is lightweight making this a great jacket for warmer climates rather than the deepest winter. Throw it on over your jeans and T-shirt to keep out the evening chill, or use it while training in cooler weather. Lots of internal pockets make this a practical choice.  Model statistics Product is a size M of height 6', chest 39"" shoulders 18""",Nike Men Football Soccer Black Jacket,Jackets
22631.jpg,"Composition Pink round neck shirt made of 100% cotton, engineered with Dri-Fit technology, has short sleeves and graphic print on the front Fit Regular Wash care Machine wash cold with like colours Do not dry clean or bleach Tumble dry low Warm iron Crafted from soft cotton fabric, this t-shirt from nike offers exemplary dry comfort, making it a great everyday choice for your healthy runs and casual days. Team this tee with jeans and running shoes for a sporty look. Add on a hooded sweatshirt for exemplary comfort during winters. Model statistics The product is a size M on a model of height 5'8"" and chest 33""",Nike Women Printed Pink T-shirt,Tshirts
11638.jpg,"This watch from puma comes in a clean sleek design. This active watch is perfect for urban wear and can serve you well in the gym or a night of clubbing. Case diameter : 40 mm Case thickness : 10 mm Dial shape : Square Warranty : 2 Years Metal case with a fixed bezel for added durability, style and comfort PU straps with a buckle clasp for comfort and style Black dial with cat logo on the embedded circle in the centre Digital dial showing stopwatch, timer, date, dual time, lighting and alarm Quartz movement of time display Acrylic dial window gives better durability Touchscreen feature to reset time and features Solid case back made of stainless steel for enhanced durability Water resistant",Puma Men Blockbuster Silver Black Watches,Watches
21899.jpg,"Composition Pink round neck kurta made of 100% cotton, has a slit neckline, half buttoned placket, three-quarter sleeves, pin tucks with sequin detailing on the shoulder, floral print and a vented hem   Fit  Regular   Wash care  Wash separately in cold water Do not bleach Dry in shade Medium to hot iron  Classic patterning on contemporary styles by biba is inspired by traditional Indian print and dye arts that make it a special wardrobe favourite. Timelessly chic, this piece will never go out of style. Wear it with tonal leggings and pumps for ethnic glam or with form fitting denims and flats for a casual do.  Model statistics  The product is a size M on a model of height 5'8"" and chest 33""",BIBA Women Printed Pink Kurta,Kurtas
15878.jpg,-,Warner Bros Kids Unisex TJ Big Face Yellow Slippers,Flip Flops
28257.jpg,fogg Voyager fragrance body spray for men comes in an aerosol spray canister,Fogg Men Voyager Deo,Deodorant
46177.jpg,"Style Note The perfect blend of beauty and style, this handmade necklace from adrika adds a touch of glamour to your wardrobe. Pair it with any outfit for a chic and bold look. Product Details Seven strand neck-piece with white beads, knot detail in front, string of beads wrapped at back for stiffness Material and Care Glass and poth (glass) beads Wipe with soft cloth to maintain shine and keep away dust and dirt Size Length of necklace: 88 cm",Adrika White Necklace,Necklace and Chains
12162.jpg,"Composition Teal blue leggings made of 95% cotton and 5% spandex, with a soft elastic waistband Fitting Regular Wash care Wash separately as colour may bleed Do not bleach Dry inside out in shade Warm iron This aurelia legging is crafted from a cotton-spandex bledn fabric, designed to provide absolute comfort and perfect Fit. Team it with long or short kurtas and ballerina flats or heeled sandals or slippers, dangle a pair of chunky earrings and you're all set to seize the day with a fab look. Model statistics The model wears chudidars of length 39"" Height: 5'7”; Waist: 25”; Hips: 35”",Aurelia Women Solid Blue Leggings,Leggings
42824.jpg,"Style Note Crafted from soft, stretchy fabric these briefs from little miss offer the utmost comfort and ultimate style. A graphic print in a bold and bright colour gives a distinct look while the dreamy soft fabric will take you through the day in ease. Product Details Red and white striped bikini brief, sits just below the waist, has a pure cotton panel inside, an elasticated waistband, graphic print on the front and back Material and Care 95% cotton 5% spandex Machine wash warm Do not bleach or tumble dry Do not iron on print Fit Low rise The model (height 5'8"" and waist 28"") is wearing a size M",Little Miss Intimates Women Red Brief,Briefs
44749.jpg,"Style Note It's not only women who like to experiment with the shape, styles and colours of their footwear as men are not far behind. Check out shoes for men from globalite. Globalite offers casual shoes in different styles which can go well with any outfit. Team these shoes with denims and a stylish tee to up your style quotient. Product Details Grey shoe with mesh upper, central lace-ups and synthetic overlays Padded tongue and inner Foamy globalite rubber midsole Non marking compound outsole with geometrical patterned lugs The shoes come with a bag to help you pack them when you travel Material and Care Synthetic Wipe surface with soft, clean, damp cloth Do not machine wash",Globalite Men Grey Tracker Shoes,Casual Shoes
4092.jpg,"Composition Purple polo neck t-shirt with orange and white stripes, made of 100% cotton with purple collar, purple placket and pocket with embroidered logo on left side of the chest Wash care 1. Machine wash separately in cold water 2. Use mild detergent 3. Do not bleach 4. Avoid soaking 5. Remove promptly 6. Line dry inside out in shade 7. Warm iron only 8. Do not iron directly on print/embroidery Fitting Regular Fit Look cool this summer in this purple polo neck tee from classic polo. The orange and white stripes and purple collar and placket adds on to the interesting detailing of this t-shirt. Team this with jeans or chinos and comfortable-yet-stylish lifestyle footwear from the wide collection available at myntra for casual occasions. Model's statistics 1. The model wears size M in t-shirts 2. Height-6', Shoulders-18""",Classic Polo Men's Purple With Orange White T-shirt,Tshirts
12803.jpg,"Composition Bright coral pink round neck T-shirt made of 60% cotton and 40% polyester Dri-Fit fabric, that has ribbing on the neckline with tape detailing on the inseam, short sleeves and graphic print on the front Fitting Comfort Wash care Machine was warm Wash separately with like colours Do not use softeners Remove immediately Do not allow to lay on itself when wet Do not bleach, iron Dry cleanable Line dry Update your casual style with this round neck T-shirt from nike. The Dri-fit fabric keeps you feeling fresh and comofrtable all day by wicking away sweat from your skin, while the graphic print on the front adds to your cool quotient. Team this with jeans and sneakers for a casual look.",Nike Women Polka Dot Grafitti Pink T-shirt,Tshirts
16974.jpg,"Cooper from puma makes a trendy style statement combined with superior performance. These are great for regular wear as they ensure superior traction and protection to the feet, without compromising on comfort and style.   Upper  Canvas upper with mild padded lining for snug Fit Velcro straps for easy movement Textured footbed with ergonomical fit and massage nubs for utmost comfort   Midsole  Shock-absorbing lightweight phylon midsole for added comfort   Outsole  Rubber lugs in V-shaped pattern for firm grip on uneven terrain 3D brand logo at the centre   shoe care  Wipe surface with soft, clean, damp cloth to remove dust Do not machine wash",Puma Men Cooper Navy Blue Sandal,Sandals
14569.jpg,"vans brings you footwear for the urban youth. Inspired by skate boarders, Old Skool shoes come in a classic low top design that are skate board friendly. Team these with cargos or jeans and graphic tees.   Upper  Suede and fabric uppers for durability and comfort Leather overlays on the sides and stitch detailing for added comfort and reinforcement Padded collar, tongue and textile lining for extra comfort Lace-ups for a snug Fit Brand name on the back, on the lasting Cushioned  footbed for all day comfort   Midsole  EVA midsole for better shock absorption   Outsole  Rubber outsole for durability Reverse waffle pattern for better grip Lasting with toe counter for extra protection to the toes   shoe care  Wipe surface with soft, clean cloth to remove dust Do not use a drier or store in direct sunlight",Vans Men Old Skool Black Casual Shoes,Casual Shoes
8941.jpg,"Composition Reversible shirt in purple with black stripes, made of a cotton blend fabric, with a tipped collar, front buttoned placket, full length sleeves with buttoned cuffs and a curved hemline Fitting Regular Wash care Wash dark colours separately Hand wash or machine wash cold using mild detergent Do not wring or bleach Flat dry in shade Do not iron on print Bling that adds immense style to your casual look is what indigo nation brings into your life. But what makes this striped shirt even better is that you can wear it inside out or outside in and change your colour code to suit the occasion. Be the cynosure of all eyes in this stylish shirt, while the fabric keeps you fresh and comfortable all day. Pair it with formal pants, denims or corduroys and black footwear for stylish formal and casual looks. Model statistics The model wears size 40 in shirts Height: 6; Shoulders: 18",Indigo Nation Men Reversible Bling Blue Shirts,Shirts
16214.jpg,"Composition Blue tracks made of 100% polyester, has two zipper pockets on the sides, white running patch along the sides, elasticated waist with a drawstring on the inside, zipper enclosure along the seams above the ankles, and brand logo on the left leg Fitting Regular Wash care Gentle machine wash in cool water Do not bleach Tumble dry at low temperature Cool iron Do not dry clean  Look good and stay comfortable all year round in this trackpant from puma. The embedded cat logo on the left leg and piping details makes this a really cool pair. Team it with a white or black tees and performance shoes for workouts. Model statistics Product is a size M on a model of height 6' and waist 32""",Puma Men Heroes Navy Blue Track Pant,Track Pants
15022.jpg,"Composition Grey trackpants made of 100% polyester, has a mesh inner lining, elasticated waist with a drawcord, zippered pockets on the sides, doggle straps at the hems, green paneling from the waist to the thigh, and heat transferred brand logo on the left thigh Fitting Comfort Wash care Wash dark colours separately below 30 degrees Do not soak or bleach Do not tumble dry Dry in shade Warm iron Do not iron on print/trims/logo Crafted to offer absolute comfort during your training sessions, these trackpants are created from 100% polyester with a mesh lining to wick sweat away from your body and keep you feeling fresh and comfortable all day. Add on a T-shirt and sneakers for a sporty look. Model statistics The model wears trackpants of length 41.5"" Height-6.1"", Waist-31""",ADIDAS Men Solid Grey Track Pants,Track Pants
58507.jpg,"Knitted shrug with animal print, short sleeves, layered ruffles, brown binding along the hem",Tonga Women Coffee Brown Shrug,Shrug
36368.jpg,Style Note This tie from Reid and Taylor in blue with a textured pattern is a perfect match for slim Fit dress shirts - from classic white to black and beige. Product Details Has a textured design in blue One loop and brand badge on the inner of the broad tongue to hold the narrow tongue in place Material and Care Blended silk Dry clean only Size Length: 152 cm,Reid & Taylor Men Blue Tie,Ties
29300.jpg,"Grey and blue polo T-shirt made of 100% cotton, has a ribbed spread collar, half buttoned placket, panel stitched along the chest, short sleeves with ribbed cuffs, branding flock print on the left chest and a vented hem ",Wrangler Men Grey Polo T-shirt,Tshirts
5883.jpg,"Dedicated to Basketball champ Chuck Taylor, this Chuck Taylor All-Star series from converse are also called Chucks and come in classic designs. Created using canvas and rubber, this range of sneakers from Converse was initially designed to capture the basketball market, but soon enough turned into a hot casual footwear favourite. Upper   Canvas upper for easy maintenance and durability  Upper with green and blue checks for style  Carbon rubber toe box for enhanced protection of the upper foot  Long canvas tongue for added comfort and snug Fit  Synthetic twill lace running through metallic eyelets for durability and snug fit   Midsole   Cushioned fabric footbed for comfort and breathability  Reinforced guard to protect the forefoot of the shoe and enhance durability   Outsole   Vulcanized rubber outsole for flexibility and traction  Diamond-shaped lugs on the forefoot and heel, with horizontal lugs and grooves on the toe region and heel region, and slanting grooves along the periphery and midfoot for superior grip on all terrains   Shoe care Make a paste using 1 tbsp of baking soda, 1 tbsp white vinegar and 1 tbsp hot water Rub this paste onto the canvas and the sole using a brush Wash off with lukewarm water",Converse Unisex Speciality Ox Rust Shoe,Casual Shoes
24237.jpg,"Green sleeveless, round neck kurta, has a yoke with net, bead and thread work, black satin ruffles from the shoulders to the armholes in an asymmetric design, pin tucks from the yoke down, black satin border at the hem, lining and a zippered closure below the left armhole",La-Emotio Women Green Kurta,Kurtas
23521.jpg,"Add a fresh twist to your accessories this summer by wearing a classic adidas timepiece with updated design details. Sporty at heart but stylish on your wrist, this watch makes for a great buy!  Case diameter : 45 mm Case thickness : 10 mm Dial shape : Oval Warranty : 2 Years  Black plastic case with a fixed bezel Black grooved, rubber strap with a tang clasp Digital time display Alarm, stop clock, light display features Lap memory that allows the watch to record your laps Steel case back 5 ATM water resistance tested using the equivalent static depth rating, with resistance at 50 meters",ADIDAS Men Black Dial Watch,Watches
34462.jpg,Style note Perfect for a 15 inch laptop (or smaller ones) this padded laptop bag from adidas takes away the geek factor and adds a generous dose of sporty glam to carrying a PC. Product Details A black laptop holder with printed branding on front Padded inner with fabric lining that has branding all over A zipper around three sides of the bag Material and Care 100% Polyester Do not machine wash Remove dust and dirt with dry clean cloth Size Length: 28 cm Width: 38 cm,ADIDAS Unisex Black Laptop Sleeve,Laptop Bag
27370.jpg,"Composition Blue round neck T-shirt made of 100% cotton, has short sleeves, a ribbed neckline and graphic on the chest   Fit  Regular   Wash care  Machine wash separately in cold water using a mild detergent Do not bleach or soak Remove promptly and line dry inside out in shade Warm iron only Do not iron directly on print/embroidery  tantra's fresh take on incorporating a musical aesthetic into their t-shirts resulted in this piece. Deep tones with a vintage vibe, this is perfect to wear under a structured blazer with fitted denims.  Model statistics  The product is a size M on a model  of height 6' and shoulders 18""",Tantra Men Singer Blue T-shirt,Tshirts
3272.jpg,"Composition White round neck t-shirt made of 100% cotton with graphic chest print Fitting Slim Wash Care   Machine wash separately in cold water  Use mild detergent  Do not bleach  Avoid soaking  Remove promptly  Line dry inside-out in shaded  Warm iron only 8. Do not iron directly on print/embroidery   Let everyone know that you are an angel in disguise - a real godsend. Wear this tee from guerrilla while hanging out with friends and let everyone know in a cheeky way - that you are the ultimate. Team these with a pair of jeans or cargoes. Model statistics The model wears size M in t-shirts Height-5'11 ft, Shoulders-18""",Guerrilla Men's God's Sent White T-shirt,Tshirts
36733.jpg,"Style Note  Talk about style and comfort, and there's nothing to beat this t-shirt from spykar. The graphic print adds unparalleled cool to this tee. Team this T-shirt with jeans and sports shoes and hit the road in style.   Product Details  White printed t-shirt  has a u-neck, short sleeves and graphic print on the front   Material and Care  95% cotton and 5% spandex  only hand wash in cold water using a mild detergent  Do not soak or wring  Dry flat in shade and set shape when wet  Moderate warm iron   Size and Fit  Regular fit  The model (height 5'8"" and chest 32"") is wearing a size M",Skypar Women White Printed T-shirt,Tshirts
14747.jpg,"Dark grey and blue striped shirt made of 100% superfine cotton, has a tipped collar with a buttoned front placket, full sleeves with buttoned cuffs, SPI 16 on the shoulders, patch pocket on the left chest, box pleat at the back and a tailed hem",Arrow Men Blue Striped Shirt,Shirts
22934.jpg,NA,Fastrack Women Black Casual Watch,Watches
5758.jpg,"Composition Floral print, sleeveless, U-neck top made of 100% cotton, with a pleated central chest Fitting Regular Wash care Machine or hand wash separately Use mild detergent only Do not bleach or wring Use mild detergent only Dry in shade Medium iron Splash the colours of life in style with this flowing floarl print top. The central pleats add to it a sense of personal style, while the bright print spreads the cheer all around you. Team this cotton top with jeans or skirts for that happy look. Model's statistics The model wears size M in t-shirts Height-5.7"", Chest-33"", Waist-25""",Jealous 21 Women's Multi Color Floral Top,Tops
44407.jpg,"Style Note Sporty fashion never looked this good! This pair of performance oriented force 10 shoes is the right choice to complement your casual weekend wear. The brand's shoes have always made the cut when it comes to off-duty dressing - this pair refines that look for you. What's more you can wear this for   fun sporty events as well. Product Details Round toed white shoes with mesh inlays for breathability Has a padded inner and tongue Thick rubber outsole, upraised at the heel Has curvy lugs all over the outsole Material and Care Synthetic Wipe with clean dry cloth to remove dust Do not machine wash",Force 10 Men White Sports Shoes,Sports Shoes
26467.jpg,"Navy blue T-shirt has short sleeves, round ribbed neckline, fabric tape detailing on the in-seam of the neckline, graphic and distressed flock print across the front, puma logo embroidered on the left sleeve and tag on the left hem",Puma Men Story Graphic Navy Blue T-shirt,Tshirts
4776.jpg,"Composition White round neck t-shirt made of 100% cotton, with graphic print on the front,  raglan short sleeves and gathered hemline with ribbing Fitting Comfort Wash care only hand wash gently Do not machine wash Wash with like colours Wash and iron inside out Do not use fabric softener Use mild detergent only Do not iron on motif/print/trims/logo Look pretty and feminine in this blouson white tee from adidas. The bright sunburst design gives a big dose of energy to the tee. Team this with denim shorts , mini skirts and adidas shoes for casual outings with friends. Model statistics The model wears size M in t-shirts Height-5.7"", Chest-33"", Waist-25""",ADIDAS Women's  Geo White Yellow T-shirt,Tshirts
28718.jpg,"Composition White and teal floral print kurta, made of 100% cotton, has a round neck with a slit neckline, three quarter sleeves, buttoned chest placket, pin-tucks on either side of the placket and slit side seams Fit Regular Wash care Wash dark colours separately Do not bleach Dry inside out in shade Warm iron; do not iron on decorations Every woman needs a choice of kurtas in her wardrobe. The USP of w is a simple, elegant silhouette, coupled with modern design details. In this kurta we see the traditional garment in a new avatar with w's innovative styling. For the conservative at heart, this piece can be worn with leggings and delicate sandals. For a boho chick meets rebel style, colour block this with bright capris. Model statistics The product is a size 8 on a model of height 5'8"", chest 33""",W Women Printed White Kurta,Kurtas
15828.jpg,"Composition Red rib knit sleeveless vest made of 100% premium cotton, has a square neckline, thin shoulder straps with black ribbing and yellow piping around the armholes and neckline, distressed look graphic print on the front, printed labelling and brand tab appliqued on the back Fitting Comfort Wash care Machine wash warm at 40 degrees with like colours Do not bleach Tumble dry low Dry cleanable Lightweight with a square neck, this facit rib knit vest is crafted using pure cotton that allows the fabric to contour to your silhouette and help you stretch in ease. The thin shoulder straps with ribbing helps you show off arm definition, while the graphic print on the chest adds to rugged styling. The printed brand label on the inner neck provides abrasion-free comfort. Team this with tracks. Model statistics Product is a size M on a model of height 6' and shoulders 18""",Facit Men Square Neck Red Innerwear Vest,Innerwear Vests
34513.jpg,"Style Note flip flops have been in vogue since time immemorial. The Adi Splash, true to its name, will add a splash of colour to your beach style and have a good grip, are comfortable, and can be worn with almost any casual staple. Product Details Blunt toed flip flop in red and black with fabric thong style straps Print on the footbed Soft foamy rubber footbed Single piece rubber outsole that has herringbone lugs Material and Care Synthetic, fabric Do not machine wash or store in direct sunlight Remove dust with a dry clean cloth",ADIDAS Men Adi Splash Black Flip Flop,Flip Flops
51548.jpg,"Case style: Analog watch with a rounded stainless steel case for enhanced durability Dial style: White dial with metallic hands Strap style: Stainless steel strap with a butterfly clasp for comfort and style Features: Branding on the 12 hour mark on the dial Screw to reset time Water resistance up to 30 meters, allowing you to wear it out in the rain Warranty: 2 years (1 year for digital and ana-digital watches)",Fastrack Women White Dial Watch,Watches
22234.jpg,"Round toed, green sneakers, has overlays, top stitch detailing and reinforced heel collar Central lace up fastening Padded tongue and collar Cushioned footbed with branding at the heel region Thick midsolenbsp;with embossed text Rubber outsole with an upraised heel and terraced grooves  Warranty: 3 months from the date of purchase against manufacturing defects Warranty provided by the brand owner / manufacturer",ID Men Green Casual Shoes,Casual Shoes
4714.jpg,"Product description A hot favourite among the casually stylish, the adidas New york Griffiti digital wrist watch is a great buy for those who enjoy performance and style. With excellent touches and grooved comfort, this watch from adidas makes for an excellent buy as a daily wear. Case diameter : 50 mm Case thickness : 12 mm Dial shape : Rectangular with curved sides Black resin case with a black rubber strap and white graffiti for added durability, style, comfort Fixed black resin bezel with Adidas logo     for added style and comfort Grooved strap for snug Fit and comfort wear, allowing ventilation Black digital dial displaying hours, minutes, seconds, time in am/pm format, date and day of the week Quartz movement of time display using a paper-thin piece of synthetic quartz to ensure accurate time measurement Scratch resistant mineral crystal to keep your watch safe and well protected for years to come Solid case back for enhanced durability Tang clasp to keep the watch firm in place as a belt buckle 10 ATM water resistance tested using the equivalent static depth rating, with resistance     at 50 meters or 165 feet, allowing you to use it even when snorkelling, skin-diving, and swimming 10 Lap memory that allows the watch to record upto 10 laps. The watch divides its readings into sessions and provides average, best and local time. You may either rename these sessions or they will hold default names such as set 1, set 2, etc. Interval Timer to daisy chain differnt times lengths and alert you at the end of each segment. This will automatically repeat the sequence until it is stopped manually 10 ATM water resistance tested using the equivalent static depth rating, with resistance     at Digital alarm in any time zone",ADIDAS Unisex New York Griffiti Digital Black White Watch,Watches
27443.jpg,NA,Jockey Women Pink T-Shirt,Tshirts
47632.jpg,"Style Note Impossibly stylish candy pop ballet flats from carlton london. Colour block a monochrome ensemble or brighten up sugary pastels with this pair. A happy colour-burst, this shoe is great for DIY projects (staple some metallic sequins on it or paste a few studs) Product Details Crimson red ballet flats with slip on styling Soft footbed TPU outsole with a short textured heel Material and Care Leather Wipe with a clean cloth to remove dust, grime or dirt Do not store in direct sunlight",Carlton London Women Red Shoes,Casual Shoes
18378.jpg,"Revel in the comfort of soft cotton with this trunk brief from undercolors of benetton. The superior cotton fabric provides breathability, while the cut offers easy leg movement. The double layered pouch enhances durability while you enjoy abrasion free comfort what with the brand label printed on the waistband.  Crafted from 95% cotton and 5% elastane Broad and stretchable waistband in contrast colour that sits snug and comfortably Shaped to Fit doubled-layered contoured pouch Printed brand label on the front of the waistband for abrasion-free comfort   Wash care  Machine wash delicate at 30 degrees Do not bleach or dry clean Flat dry in shade Cool iron if needed   Model statistics  Product is a size M on a model with waist 34"" and hips 38""",Undercolors of Benetton Men Blue Boxer Trunks,Trunk
53778.jpg,"Magenta T-shirt, has a grey panel at the shoulders, sleeves and around the neckline, round ribbed neckline, short sleeves with branding on the left sleeve, graphic print in front and Faas printed at the back below the neckline",Puma Women Magenta T-shirt,Tshirts
4447.jpg,"Perfect for casual wear, the footwear being from nike is guaranteed to be comfortable. Long walks or short trip, the footwear will keep you on your feet all the time. Upper   Synthetic upper for durability and easy maintenance  Cloth lining for snug and comfortable Fit on the foot  Velcro straps for snug fit   Midsole   Ridges in wave pattern for to allow air flow and support accupressure  EVA midsole for lightweight feel and shock absorption   Outsole   Lugs in reverse leaf patterns for firm grip of the terrain   Wash care Do not machine wash Rub with wet cloth to remove dirt",Nike Men Extra Wilderness Black Orange Sandal,Sandals
39601.jpg,"Style Note Black heels from catwalk. Created for the understated fashionista. Pair these shoes with bright colours in your ensemble. Product Details Patent leather straps with elasticated straps on the midfoot and ankle Cushioned footbed with branding embossed TPU outsole with heel Material and Care Synthetic Wipe surface with soft, clean cloth to remove dust Do not machine wash or use a drier Size Heel: 3.7""",Catwalk Women Black Heels,Heels
20996.jpg,"An all-time favourite accessory, belts form an integral part of dressing - be it to secure your trousers, or act as a styling detail to your outfit. This Leatherette belt from fastrack is set to pump up your style and add zing to your attire.  Made of Leatherette for durability and style Triple hole and metal studs design to increase the smartness quotient Tang clasp to offer a snug Fit and to hold the belt in place Holes to customise fit Brand name embossed on the loop and on the inside of the belt  Care Use a brass polisher to maintain buckle shine Wipe surface with a clean, dry cloth to remove dust",Fastrack Women Leatherette Black Belt,Belts
18305.jpg,"Composition Pink and grey striped shirt made of 100% cotton, has long sleeves with double buttoned cuffs, a spread collar with a full buttoned placket, a patch pocket on the left chest and a curved hem Fit Regular Wash care Wash separately using a mild detergent Do not bleach Drip dry Warm iron Classic Wills shirt made of pure cotton, crafted with the label's best yarn. Keep your workwear composition original with this striped staple. Wear it with formal trousers, brogues and an understated belt. Model statistics The product is a size M on a model of height 6' and shoulders 33""",Wills Lifestyle Men Striped Pink Shirt,Shirts
35655.jpg,-,U.S. Polo Assn. Men Beige Shoes,Casual Shoes
56924.jpg,Open toed flats with a thong style upper that is embellished with silver accents Brown footbed with branding at the heel Tough sole with a short heel,HM Women Yellow Flats,Heels
30803.jpg,"Composition Blue shirt made of cotton fabric, has a spread collar, full buttoned placket, short sleeves and a curved hem Fit Regular Wash care Hand wash separately in cold water using mild detergent Dry in shade Do not soak This unique fabric has been dyed/ printed using traditional dyeing processes. Some colours may initially transfer when in dry or wet contact with light coloured fabrics or upholstery. This transfer will reduce after a few washes but we recommend that you wash the product separately for the first few washes. fabindia specialises in natural, craft-based contemporary pieces, while also providing rural craft persons a platform to use traditional dyeing and fabric printing techniques. Capturing the essence of Indian roots, crafted with a focus on the traditional, this shirt sets the tone for an all-new ethnic trend. Wear this with denims or cotton pants. Model statistics The product is a  size 40 on a model of height 6' and shoulders 18”",Fabindia Men Blue Shirt,Shirts
3738.jpg,"Composition White round neck t-shirt made of cotton with graphic print on chest Wash care 1. Wash with normal action at 40 degree 2. Wash dark colours separately 3. Normal tumble dry 4. Cool iron 5. Iron print on reverse Fitting Regular Fit Get set to cheer the Kochi Tuskers to victory with this cool white T-shirt from lotto. The grey sketch graphic of a batsman in action conveys the spirit of the IPL team. Simple, yet stylish, this white tee is all that you need to stay dry and comfortable while you cheer the Kerala team to victory.",Lotto Men's Kochi Tuskers Cotton Graphic White T-shirt,Tshirts
59983.jpg,"Cream with olive, black and teal printed knit dress, boat neck, extended sleeves, princess panels and concealed zipper on the left",Avirate Cream & Olive Green Printed Dress,Dresses
55238.jpg,"SHADE NAME 04 SUITABLE FOR WHICH SKIN TYPE? Suitable for all skin types WHAT IT IS ? It is an ultra-light, water-based foundation with invisible finish is ideal for that natural exuberance. WHAT IT DOES? This foundation gives you even and glowing skin within minutes SPF 8 shields the skin from harmful rays and prevents skin darkening Keeps you looking young & fresh FEATURES SPF 8 Invisible finish Spatula applicator ABOUT THE COLLECTION Need to go to a party after work but no time to visit the salon? Don't worry, just reach out for the Lakme Invisible Finish Foundation. It's ideal when you want to look fresh but not made up. It comes with a spatula applicator that helps you apply it over your skin. If light coverage is what you need, then look no further. ABOUT THE BRAND Lakme is India's No.1 color cosmetics brand offering a wide range of high-end, world-class color cosmetics and skincare products. Lakme has a vast product range specially crafted by experts for the Indian skin. The brand has also been redefining fashion in India with Lakme Fashion Week, India's premier fashion event.",Lakme Invisible Finish 04 Foundation,Foundation and Primer
7589.jpg,"Innovatively designed for all-day comfort, the Nike5 Streetgato soccer shoe is perfect for those hard-hitting journeys as well as for those fun-filled weekend matches on the beach or local playground. Created with a tough look, it has the perfect amount of cushioning and comfort for a great comfortable feel, and to get you to hit those winning goals in style. Upper   Synthetic upper with a raised geometric pattern at the big toe and medial side panels for protection, durability and to reduce ball speed for better handling  Quilted toe area for better ball feel and classic style  Lace up system for  a snug customized Fit  Appliqued nike Swoosh on the lateral side for added style  Lightly padded tongue with perforations for added comfort and better ventilation  Perforations on the lateral side for improved breathability  Well padded collar for in-step comfort   Midsole   Full-length phylon midsole for responsive cushioning, durability and stability when making quick cuts  Innovative midsole and inner of the upper for enhanced ball control  Midsole acts as a receiving and distribution zone, helping you kick with a better pace   Outsole   Extra durable rubber (XDR) outsole with pivot point on big toe mound for easy 180 degree movement and quick multi-directional movement  Flex grooves for enhanced traction and underfoot ball control  Extra wrap around the toe and heel for enhanced durability and drag protection  Racing-inspired traction pattern for better speed   Shoe care Do not machine wash Remove dust and dirt with dry clean cloth",Nike Men 5 Street G Red Shoe,Sports Shoes
11575.jpg,"Composition White and Grey printed kurta made of 100% cotton, has a slit neck with a buttoned chest placket, printed panels on the chest and shoulders wit stitch detailing, short sleeves and slit side hems Fitting Regular Wash care Wash dark colours separately Do not bleach Dry in shade Hot iron inside out Ethnic is back with a bang with this white printed kurta from w! Look ethnically hip in this stylish kurta, while the pure cotton fabric keeps you absolutely fresh and comfortable through the day. Team it with leggings or a loose kameez, heeled slippers and chunky accessories for a chic look. Model statistics The model wears size M in kurtas Height-5.6"", Chest-32""",W Women Printed White Kurtas,Kurtas
27206.jpg,"Composition Blue denims that have an elasticated waist, two side pockets, two flaps at the back indicating a pocket with embroidery, two patch pockets on the sides with flaps, a drawstring on the waist and belt loops on the waist   Fit  Regular   Wash  care  Machine wash in cold water with like colours using a mild detergent Do not bleach or wring Tumble dry low Dry in shade Warm iron  do not iron on decorations  His cuteness level will be off the chart when you dress your little boy in these denims from doodle. Team this with a T-shirt and sandals, and let your little one play in comfort.",Doodle Kids Boy Light Blue Shorts,Shorts
6903.jpg,"Composition Cream coloured round neck t-shirt made of 100% cotton, with chest print Fitting Comfort Wash care   Machine wash separately in cold water  Use mild detergent  Do not bleach  Avoid soaking Remove promptly  Line dry inside out in shade  Warm iron only  Do not iron directly on print/embroidery   The Mudras are an integral part of Indian culture from the days of yore. India is always identified for its performing arts and this t-shirt is an acknowledgement of that. Flaunt the rich cultural heritage of India with this tantra t-shirt. Team it with jeans and sandals for that cool look, while the cotton fabric keeps you fresh all day. Model statistics The model wears size M in t-shirts Height-6.2', Chest-39.5"", Waist-32""",Tantra Women's Mudra Cream T-shirt,Tshirts
4968.jpg,"Composition Yellow round neck t-shirt made of 100% cotton, with graphic stripes, lettering and applique on the front Fitting Regular  Wash care   Machine wash separately in cold water  Use mild detergent  Do not bleach  Avoid soaking  Remove promptly  Line dry inside out in shade  Warm iron only  Do not iron directly on print/embroidery   Make every little boys dream come true with this tree house tee from gini and jony. The house applique and directions for making a tree house on the front of the tee all add to the happy energy of this tee.  Team this with denim shorts and comfy crocs footwear for happy, casual outings with your little one, while the pure cotton fabric stays soft on his skin and keeps him fresh and comfortable all day.",Gini and Jony Boy's Kaffle Yellow Infant Kidswear,Tshirts
43808.jpg,Style Note Add a desi dimension to your global-glam ensemble with this lovely pair of earrings from royal diadem. A statement piece is a fashion essential - style this with minimal additional accessories for maximum effect. This pair packs a definite ethnic punch which means you can use this to dress up a simple salwar suit or a monochrome sari. Invest in this pair and you'll find that the statement jewellery trend will outlast the season. Product Details Ethnic mango shaped earring Purple stone floral detail with pearl like beads around it Purple single tear drop shaped dangler with pearl like beads dangling at the intersection Fish hook back Material and Care  Metal Wipe with a cotton swab to remove dust Size Length: 57 mm,Royal Diadem Gold & Purple Earrings,Earrings
13363.jpg,"Dress your growing up kids in absolute comfort in the timberland Mallard Youth Hook and Loop Boot, and watch them enjoy in stylish comfort. Designed with a nubuck, suede and wool upper, this shoe is sure to keep your young one's feet fresh and comfortable all day long. Upper Nubuck and suede upper for absolute durability and comfort Velcro closure straps on the midfoot to offer a customised Fit Wool inner lining with Gore-Tex technology for absolute waterproof comfort and insulation Cushioned footbed with a fabric lining for sweat-free all-day comfort Midsole EVA midsole for impact protection and all-day comfort Outsole Non-marking rubber outsole with flex grooves and circular nubs for absolute grip and traction Curved midfoot for inner arch support Boot care Wipe dust with a clean and dry cloth Use a nubuck and suede brush Do not wash or store in direct sunlight",Timberland Men Jeunes Brown Casual Shoes,Casual Shoes
46334.jpg,"White and purple running shoes with central lace up and branding at the heel collar Mesh upper with silver synthetic overlays at the midfoot region and reinforced overlay around the toe box and on the heel collar Mesh padded inner, tongue and a padded footbed with removable sock liner Upper adhered to the outsole Slim zig-zag TPU outsole with flex grooves around the periphery for better mobility",Reebok Women White Zignano Race Sports Shoes,Sports Shoes
8531.jpg,"Look cool and in trend for your next casual outing in these Tenkay slip-ons from nike. The dainty ballet shoe design gets an urban vibe with the flexible rubber outsole. Team these with short denim skirts or shorts and tees for a crisp, clean look.   Upper  Elastic mouth shoe with fabric uppers and synthetic suede overlays Ankle strap with velcro closure for a snug Fit   Midsole  Cushioned footbed for all-day comfort  Outsole  Rubber outsole with herringbone pattern for easy 180 degree movement Deep flex grooves for bending, twisting and changing direction  Shoe care  Wipe surface with soft, clean, damp cloth to remove dust Do not machine wash Do not store in direct sunlight",Nike Women Nike Womens tenkay slip Black Sports Shoes,Sports Shoes
6145.jpg,"Look trendy and stay comfortable in the K9 floaters from puma. This pair can be teamed with cargo shorts and tees for a cool casual look. Upper   Knit fabric straps on the forefoot and around ankles for comfort and protection  Velcro strap enclosures on the forefoot and on the ankle strap for tightening  Diagonal fabric strap attached to the ankle straps, from the forefoot strap  Ankle straps padded lightly to avoid shoe bites   Midsole   Cushioned foam footbed for all-day comfort   Outsole   Rubber outsole with multi-directional grooves for superior grip and traction   Shoe care Rub surface with a soft, damp cloth to remove dust Do not machine wash",Puma Unisex K9 Black Green Floater,Sandals
41750.jpg,-,Doodle Boys Printed Green T-shirt,Tshirts
28073.jpg,"Style Note Revel in the comfort of soft fabric with this modern classic innerwear - the boxer brief from jockey. The superior fabric provides breathable comfort and the design ensures there's no see-through lines, while the cut offers easy leg movement. The printed label allows abrasion free comfort while the fly construction offers maximum ease of use.   Product Details Charcoal grey midway classic boxer brief, has multi panel styling for optimum support, unique leg treatment which eliminates the fabric from riding up, comfort design pouch with a no-gap fly and new high-tech cushioned waistband for smooth comfortable grip with branding   Material and Care 100% combed cotton Machine wash Do not bleach, iron or dry clean Tumble dry low",Jockey MC Men Charcoal Grey Midway Classic Trunks 1101,Trunk
49033.jpg,"Style Note Add a sophisticated polish to your minimalist look this season with this lucera ring. Styled to refine your ensemble, don't save it just for the special dates - wear this with your denim and tee staples too. Up the style bar with this lovely piece and style it with tonal accessories. Product Details Silver band with three centre stones in white Centre stone is the biggest of the three stones Material and Care Silver, CZ diamonds Wipe with a cotton swab to remove dust",Lucera Women Silver Ring,Ring
45659.jpg,"Style Note One of the largest menswear Brands in India, park avenue is known for their unflinching dedication towards quality and Fit. Made from premium combed cotton fabric, this vest from the brand embodies these very ideals. Its moulded armholes ensure total flexibility and freedom of movement while printed branding gives abraision free comfort. Product Details White vest, round-neck, sleeveless, moulded armholes for flexibility, printed branding on the inside offers abrasion-free comfort, bio-washed to soften the fabric and avoid skin irritation Material and Care 100% cotton Machine wash warm Do not iron Size and Fit Regular fit The model (height 6' shoulders18& rdquo ) is wearing a size M",Park Avenue Men White Innerwear Vest,Innerwear Vests
25038.jpg,"Composition Green crew neck T-shirt made of 100% polyester, has short sleeves, fabric tape on in-seam of the neckline and nike swoosh printed on the right chest Fit Regular Wash care Machine wash cold at 30 degrees with like colours using a mild detergent Do not bleach or dry clean Tumble dry low Cool iron; do not iron on decorations Lightweight and breathable, this jersey from nike is designed with the environment in mind; its sweat-wicking mesh Dri-Fit fabric has been made from the equivalent of eight recycled plastic bottles. Dri-Fit fabric helps keep you dry and comfortable by wicking sweat away from the skin to the fabric's surface, where it quickly evaporates, This tee also has finished hems to prevent fraying and deliver a polished look. Model statistics The product is a size M on a model of shoulders 18”",Nike Men Premierl Green T-shirt,Tshirts
27945.jpg,"Composition White bikini briefs made of combed cotton and elastane, with a double-layered front pouch, medium high leg and soft waistband with branding   Fit Mid rise   Wash care Machine wash delicate at 40 degrees with like colours Do not bleach, iron or dry clean Flat dry in shade  Crafted from a perfect blend of premium combed cotton and elastane, this bikini brief from jockey fits excellently when worn just above the hip.  The double-layered contoured front pouch gives maximum comfort and support while the new ultra soft waistband provides a super soft, smooth and comfortable grip.",Jockey Men Comfort Stretch White Bikini Brief,Briefs
12797.jpg,"Composition Black round neck T-shirt made of 100% certified organically grown cotton, that has ribbing around the neckline with tape detailing on the inseam, short sleeves, printed manchester united badge on the back below collar, the words ""The Red Devils"" below it and graphic print on the front saying ""United"" Fitting Comfort Wash care Machine was cold Wash separately with like colours Do not use softeners Remove immediately Do not allow to lay on itself when wet Do not bleach, iron Do not dry clean Line dry Return to greatness with this Manchester United inspired T-shirt from nike. The pure cotton fabric keeps you feeling fresh and comofrtable all day, while the graphic print of the words ""United"" on the front and ""The Red Devils"" on the back pays homage to the incredibly successful team. The Manchester United club seal printed on the back of the neck adds to the edgy vibe. Team this with jeans and sneakers for a casual look.",Nike Men The Red Devils Black Tshirts,Tshirts
17333.jpg,"High on style, this pair of sunglasses from Pepe comes in a styled frame. An eclectic mixture of fashion and substance, its shape provides the perfect Fit over the root of your nose. The glasses come with a sturdy case.  Tinted UV400 lens which provide 100% protection against harmful UV rays Plastic frame in an aerodynamic design Rectangular lens for absolute style and protection from elements Flexible hinges for durability Fixed nose holder which is part of the frame to hold the glasses in place, ensuring there is no friction with the skin   Care Remove dust and grime by gently wiping the lens with the cloth provided Remove oil or tough stains with the help of a lens cleaner Do not use your fingers on such stains Do not place glasses on uneven surface or heated areas like the dashboard of a car",Pepe Jeans Men Casual Sunglasses,Sunglasses
44168.jpg,"Style Note perfumes make excellent gifts, and with this nike fragrances gift set you can be sure you'll make the right choice. Or buy it for yourself as a little indulgence which will keep you fresh and confident. Product Details Green Storm deodorant and eau de toilette set for men Caution Do not use near fire, flame or heat Avoid spraying in eyes Size nike fragrances Green Storm Deodorant: 200 ml Nike Fragrances Green Storm Eau De Toilette Perfume: 150 ml",Nike Fragrances Men Green Storm Perfume and Deo Set,Fragrance Gift Set
56322.jpg,Case style: Analog watch with steel rectangular case Dial style: Black dial with silver hands Strap style: Steel strap in a cut- out design and a butterfly clasp Features: Water resistant 30 M that can be used around sinks and rain splashes Warranty: 1 year,Fastrack Women Black Dial Watch,Watches
5324.jpg,"Grab the racquet and get going with the top Spin shoe from fila. A great tennis and indoor sport shoe, the Top Spin's stylish look also allows you to team it with jeans and casual t-shirts for that uber cool look. Upper   synthetic leather upper with perforations on the toe box and along the mouth for maximum durability, breathability and comfort  Reinforced synthetic overlays across the toe box and heel for enhanced durability and added shoe structure  Perforated tongue with a fabric inner lining for durability and breathability, offering a snug Fit  Cushioned sockliner for in-step comfort  Lace-up system for snug fit and to lock the foot in place  Cotton twill laces for comfort  Brand badge on lateral side and embroidered branding on the heel for style   Midsole   Phylon midsole for lightweight comfort and shock absorption  Cushioned footbed for comfort  Removable footbed to accommodate an orthotic   Outsole   TPR outsole for maximum durability  Pivot point on big toe mound for easy 180 degree movement of foot  Circular grooves on the heel and horizontal grooves along the forefoot for easy turning of the foot without injuring the ankle  Non-marking lugs for added traction and grip   Shoe care Rub surface using a damp clean cloth to remove dust Do not machine wash Store away from direct sunlight",Fila Men's Rowley White Red Shoe,Casual Shoes
19245.jpg,"Composition Blue Jacket with front zip opening, body made of polyester fleece with rib made of 98% cotton and 2% elastane, has a hood with elasticated toggle straps, long sleeves with ribbed cuffs, two hand-warmer pockets on front, chunky rubber zipper pull, branding on left lower arm, subtle striped rubber print on the front and a ribbed hem with brand tab on right side Fit Comfort Wash care Gentle machine wash in lukewarm water Do not bleach, tumble dry or dry clean Cool iron This stylish zipped and hooded sweater from puma will keep you warm in the winter chill.  Cosy polyester fleece feels soft next to your skin and provides a thermal layer.  The fabric has a slight sheen to it and when added to the green elastic drawcords at the hood the jacket takes on a sporty feel.  Wear it with puma jeans and hightop Basketball shoes to demonstrate that Sports Brands have the best style when it comes to casual dressing, or use it as an extra layer when you're training in the cold and misty early mornings. Model statistics The product is a size M on a model of height 6' and shoulders 18""",Puma Men Tech Graphic Hooded Jacket,Jackets
33993.jpg,"Composition Black sheer shirt made of a blended fabric with a soft drape, has a white spread collar with blunt tips, full buttoned placket, long sleeves with buttoned cuffs, pockets on the chest, pleats at the back yoke and black tape detail along the placket and at the cuffs   Fit Regular   Wash care Wash dark colours separately Dry inside out Do not bleach or wring Warm iron  Strikingly chic, reminiscent of a vintage vibe, this flowy shirt from femella is a detail-oriented deconstruction of a wardrobe essential. Pared down to the basics, with a draped, clingy silhouette, pair this with a pencil skirt and pumps. For a formal or casual feel wear this with denims or formal pants.   Model statistics The product is a size M on a model of height 5'8"" and chest 33""",Femella Women Black Shirt,Shirts
41682.jpg,"Style Note Hitting all the season's fashion notes right, this pair of sandals from catwalk is a closet essential that'll go with all your summer favourites. You can wear this to snazz up a simple look, but don't forget to style them with tonal accessories! Product Details Pointy toed sandal with a velveteen toe box with cut-outs Lightly padded heel patch Tough heel with velvet overlay TPU outsole plastic heel cap Heel : 3.5"" Material and Care Synthetic Do not machine wash or store in direct sunlight Remove dust with a dry clean cloth",Catwalk Women Black Heels,Heels
30213.jpg,"Composition Grey shirt made of a cotton/polyester blend, has long sleeves with buttoned cuffs, spread collar, a buttoned front placket, patch pocket on the left chest, embroidered branding on the right cuff and a curved hem   Fit  Classic  Wash care  Hand or machine wash cold at 30 degrees with like colours using a mild detergent Do not bleach Tumble dry low Dry in shade Warm iron; do not iron on decorations  Designed for the ambitious executive, this formal shirt from the john miller collection is stitched to perfection. Pair it with crisp formal pants, a blazer, classy accessories and rich leather formal shoes.  Model statistics  The product is a size 40 on a model of height 6' and shoulders 18""",John Miller Men Grey Shirt,Shirts
32075.jpg,"Composition Black printed brief, made of 100% cotton, has soft elastication at the high leg, elasticated waist with playboy brand label on the front and printed inner label for tag free comfort Procured from authorized channel partner of Sri SR Mill, Tanuku (AP) & ndash  the India licensee for Playboy Men& rsquo s Underwear   Wash care Machine wash cold with like colours Non chlorine bleach when needed Tumble dry low Medium heat iron  Once you experience the superior comfort and cheeky style of Playboy inner wear, there's no going back. Crafted from soft cotton with soft elastic, perfect for your comfort, Playboy has kept your convenience in mind while designing this pair of briefs.",Playboy Men Black Brief,Briefs
31878.jpg,"fabindia's natural, craft-based pieces reference ethnic garments and fabric.   This stylish stole perfectly captures the traditional mood of the moment. Twist it into a stylish knot or wrap it around your shoulders and feel the luxe fabric caressing your skin. Approximate Length : 180 cm Black stole made of silk Jacquard weave Wash care Dry clean only",Fabindia Women Black Jacquard Silk Stole,Stoles
13183.jpg,"Win those winning baskets in style with these fila DLS 96 Basketball shoes. With a simple-yet-stylish design, enriched with DLS foam cushioning and a grippy outsole, it’s designed to bring out the winner in you. Upper Synthetic leather upper with perforations for absolute durability, breathable comfort and style High ankle collar for better support to the lower leg Lace-up system for a snug, customized Fit Meshed and padded tongue and collar for snug and fresh all-day comfort Padded footbed for all-day comfort Midsole Phylon midsole for lightweight comfort and shock absorption Dynamic Landing System (DLS) for better impact protection Outsole Durable rubber outsole with modified herringbone grooves throughout for absolute grip even on smooth courts shoe care Wipe surface with a damp, clean cloth to remove dust and dirt Do not wash or store in direct sunlight",Fila Men Dls 96 White Sports Shoes,Sports Shoes
35661.jpg,"Style Note Classy  in an understated manner, these sandals from U.S. Polo Association have  an undeniable sartorial authority. Wear them with your off-duty  ensembles. Product Details Brown sandals with white leather criss-cross straps and a toe separator Mildly padded footbed TPU outsole with circular and patterned lugs, suction points and an upraised heel Material and Care Leather Wipe with a clean dry cloth to remove dust Use a leather conditioner and a brush for added shine",U.S. Polo Assn. Men White Sandals,Sandals
27319.jpg,"For the woman with an modern, dynamic lifestyle, the floral aquatic Natural Vitality from adidas is the right choice. Bottled in a lavender flacon it has top notes of litchi, apple, orange and tomato aromas, mid notes of watermelon, osmanthus and lotus and base notes of sandalwood and musk. Quantity : 50 ml Caution Flammable Keep away from sources of ignition Keep away from children Do not use near fire, flame or heat Avoid spraying near the eyes",ADIDAS Women Natural Vitality Perfume,Perfume and Body Mist
24344.jpg,"Composition Blue round neck T-shirt made of 100% polyester, has short sleeves and a softly ribbed white neckline, mesh panels on the sides and shoulders, adidas' three stripes printed on both sleeves, brand name and logo printed on the left chest, grey piping on the shoulders and from the back of the armholes extending to the front hem and is engineered with ClimaCool technology Fit Regular Wash care Machine wash in cold water below 40 degrees with like colours using a mild detergent Do not soak, bleach, tumble dry or dry clean Dry in shade Warm iron  do not iron on decorations This sporty white T-shirt from adidas is the answer to upping your casual style. The contrast stripes and piping look great against the white front, making you stand out in a crowd with ease! And forget about sweat as the soft comfortable cotton and the mesh panels keep you fresh all through the day. Pair it with jeans, shorts or tracks for a great look. Model statistics The product is a size M on a model of height 6' and shoulder 18&rdquo",ADIDAS Men Blue T-shirt,Tshirts
51961.jpg,"Purple laptop bag with stitch detail amd white floral trims around the front zipper Can hold a 13"" laptop One main zipped compartment with a padded laptop holder and a zipped pocket One zipped pocket in the front",Yelloe Women Purple Laptop Bag,Laptop Bag
31064.jpg,"Celebrate traditional style with this dupatta from fabindia. The stylish print and mix of colours make this a must buy, sitting firm on your shoulder it'll add an ethnic zing to your outfit. Wear this special piece over kurtas, leggings and heeled sandals. Approximate Length : 244 cm Off-white and blue printed dupatta made of cotton mull woven fabric Stitched hems Wash care This unique fabric has been dyed/ printed using traditional dyeing processes. Some colours may initially transfer when in dry or wet contact with light coloured fabrics or upholstery. This transfer will reduce after a few washes but we recommend that you wash the product separately for the first few washes.",Fabindia Women Printed Off White Dupatta,Dupatta
2779.jpg,"Composition 100% cotton, round neck t-shirt Wash Care Hand wash with cold water. Hang to dry inside out. Don't go by the subtle off-white colour of the t-shirt. Salute the great god for having manufactured many defective pieces like your foes and very few worthwhile souls like yourself! We know you don't believe in narcissism, but there's no harm in thinking of your self as the best product that god has ever made. So enjoy being who you are in this tee!  Model statistics The model wears size M in t-shirts Height-6.2"", Shoulders-16""",Ediots   T-shirt,Tshirts
51671.jpg,"Lens colour: Grey shaded Frame colour: Silver and black Frame type:Metal, aviator style Branding at the sides  soft nose-pads The glasses come in a case",Louis Philippe Men Black Sunglasses,Sunglasses
36487.jpg,"Style Note Created for today's generation, this spinn Newport shoe embodies the brand's motto - combining technology and high-octane fashion. We think these are just right for braving the urban jungle, thanks to their nonchalantly sturdy aesthetics. An all-weather staple, the style perfectly suits the cosmopolitan vibe you love! Product Details Round toed casual shoe in chocolate brown and beige with a flat heel and lace-up fastening with thick, wax-coated laces for slip free knotting Leather and suede upper with overlays Well padded collar and tongue (with branding) EVA padded midsole with foxing at the toe and back foot region TPR outsole with patterned grooves Material and Care Leather and synthetic Do not machine wash or store in direct sunlight Remove dust with a dry clean cloth or leather brush",Spinn Men Newport Brown Shoes,Casual Shoes
59717.jpg,Style Note  Owing to intimate nature of this product it is eligible for self-ship return only (no pick-up facility),Avirate Black Bra,Bra
32647.jpg,-,Nike Kids Boys Contemporary Athlete Blue T-shirt,Tshirts
30327.jpg,"Composition Black round neck T-shirt made of 100% cotton, has short sleeves and graphic print on the chest  Fit Regular  Wash care Machine wash separately Do not bleach, do not dry clean, do not tumble dry Warm iron, iron print on reverse  Spun from our irresistibly soft cotton, this is a blissfully cosy T-shirt, and it follows our favourite trend - statement tees! Sporting 'Yes, the whole world revolves around me' text on the chest, this tee from myntra gives a fresh twist to an off-duty staple making it ideal for your cool summer uniform. Style it with checked shorts , understated accessories and lace up casual shoes for perfect man-about-town nonchalance.  Model statistics The product is a size M on a model of height 6' and shoulders 18""",Myntra Men Revolves Black T-shirt,Tshirts
17634.jpg,"This heavy duty chunky knit scarf in soft and insulating 100% acrylic yarn comes in a dark grey colour with a slight sheen that gives it a luxurious look. The slightly fluffy yarn offers exemplary warmth, making it a perfect addition to your winter wardrobe. Team it with a formal jacket or to smarten up a casual coat, while the small black and white puma logo is stitched onto one end.   Length : 180cm  Width : 24cm  Washcare  Hand wash with like colours Do not bleach Iron low Do not tumble dry",Puma Unisex Crystal Cat Grey Scarf,Scarves
19218.jpg,"Luxurious green silk tie with a hounds-tooth checked weave from united colors of benetton, perfect for those occasions when only the very best will do.  Wear it to brighten up a formal suit when you're trying to impress an important client, or your future Mother-in-law!   Length : 148 cm  Made of 100% silk for luxurious feel and light sheen Has a diagonal design Loop with brand badge on the inner   Tie care  Dry clean only",United Colors of Benetton Men Check Green Tie,Ties
57985.jpg,"Chartreuse yellow with a greenish tinge, knit top, has a double layered neckline, graphic print in front, short sleeves and black fabric extended layer at the cuffs, neckline and hemline and has a curved hemline",Latin Quarters Women Yellow Top,Tops
46761.jpg,"Style Note So You from the house of Giorgio is a modern interpretation of the Victorian notion of the urban femme. An oriental floral fragrance, its packaged in a floral orange cylinder. A flowery summery perfume with an all-day appeal - we love! Product Details So You from Girogio Beverly Hills comes in a textured cylindrical bottle with a plastic top Caution Do not spray near fire, flame or heat Avoid spraying on eyes Size 90 ml",Giorgio Beverly Hills Women So You Perfume,Perfume and Body Mist
21034.jpg,"Classic   ballerinas by clarks with an innocently blunt toe cup and a perfectly cut mouth for the perfect Fit. flats need not be just a summer indulgence with their sweet, girly style - this pair also adds a party girl glam to the simple flats with its shiny synthetic leather overlay. Wear this with form fitting denims or short skirts for a house party to add instant glitz to your ensemble and be charmed out of your haughty stilettos. Upper Synthetic leather upper with a metallic finish Stitch detailing around the mouth for style Pintucks on the toe box Soft footbed for instep comfort Outsole TPU outsole with circular lugs and impact guidance line to minimize shock shoe Care Wipe surface with soft, clean cloth to remove dust Do not machine wash or use a drier Do not store in direct sunlight",Clarks Women Arizona Sands2 Gold Shoe,Flats
17676.jpg,"Created for the woman of sophistication, this sandal from catwalk is crafted with high quality synthetic leather to offer unparalleled comfort and is uniquely designed to give your feet that urban touche.  Upper Synthetic leather woven and braided straps with metallic embelishments running across the midfoot to the forefoot Synthetic leather heel cup with a zipper closure and an ankle clasp Fabric lined footbed with brand name  Outsole TPU outsole with herringbone grooves on the forefoot and slightly elevated heel for maxium grip and comfort  Sandal care Wipe surface with a clean, dry cloth Do not store in direct sunlight",Catwalk Women Weaved Strap Black Flats,Heels
39543.jpg,"Coral red bra with adjustable shoulder straps, white lace trims above the full coverage cups, hook back closure  Owing to intimate nature of this product it is eligible for self-ship return only (no pick-up facility)",Bwitch Red Bra,Bra
58317.jpg,"Set of 3 white socks White socks with different coloured, knitted patterns, has an elastane welt for firm 'no sag' grip, terry lining inside for superior cushioning and absorbency, above ankle length and comfort toe socks",Jockey LCESCBRA Men White Pack of 3 Socks 2004,Socks
36885.jpg,"Style Note Crafted from pure leather, this fossil belt has a refined finish complemented by its smart gunmetal buckle. Fossil leather breathes, regulates temperature to suit the climate, prevents dust penetration and has high ripping resistance that makes it a must-have in your wardrobe! Product Details Brown textured belt made of leather Tang clasp with a fixed loop to offer a snug Fit and to hold the belt in place Holes to customise fit Branding embossed at the end of the belt Material and Care Leather Use a brass polish to maintain buckle shine Use a branded leather conditioner to protect the belt ",Fossil Men Brown Justin Belt,Belts
51877.jpg,"Black wallet with metal brand badge and patches on the front One main zippered compartment with a fabric separator, has one zippered pocket, six card holders and one slip pocket Detachable black strap for carrying ease Quality Assurance In case of any manufacturing defects exchange the wallet within two weeks from the date of purchase",Nyk Women Black Wallet,Wallets
58868.jpg,"Steel coloured, crystal studded, apple shaped pair of cuff-links Hinged back to hold cuff in place",Hakashi Men Green Cufflinks,Cufflinks
17427.jpg,"Case style: Analogue and digital watch with a circular case and a stainless steel back Dial style: Analogue and digital display Strap style: White rubber strap with a tang clasp for comfort Features: Digital date slot, three time-displays, press button to reset time and alarm , fluorescence to view time in low light conditions, solid case back made of stainless steel for enhanced durability Water-resistance up to 200 meters Comes in a G-Shock case Warranty: 2 years Warranty provided by Brand Owner / Manufacturer",CASIO G-Shock Men White Analogue & Digital Watch G274,Watches
47539.jpg,"Open toed white sandals with gold accents, has a toe holder, a midfoot strap and a connecting strap between the two Beige footbed with branding at the heel Tough sole with a short, grooved heel",Portia Women White Flats,Flats
4890.jpg,"Fruity red, pink and mauve tee with white collar, made of 100% cotton, buttoned placket in the front, puffed sleeves, white gathers at sleeve hems and red embroidered branding on left chest  ",Levis Kids Girl's Diaz Pink Polo Tshirt,Tshirts
9396.jpg,"The nike LunarFly+ 2 running shoe is designed to offer a stable ride with plush cushioning. A take off on the LunarFly, this shoe offers an enhanced Fit and support with a bolder and more modern look. With absolute Lunarlon cushioning and a more robust heel counter than the LunarFly, this shoe works great for underpronators and mild overpronators, while its Dynamic Support function adapts to every stride the runner takes. Upper • Heavily meshed upper with synthetic overlays for absolute breathable comfort and durability • Updated overlay on the midfoot for enhanced support • Meshed and padded tongue with a lace-up system for snug fit and comfort • Inner bootie that wraps around the foot offering breathable, snug comfort • Cushioned sockliner for in-step comfort • Swoosh overlays on the sides for enhanced shoe structure • Reflective material on the toe and heel region for easy visibility in low light conditions Midsole • Phylon midsole for lightweight responsive cushioning and shock absorption • Lunarlon cushioning encased in a supportive foam carrier for unique, lightweight ultra-plush cushioning and springy responsive support • Dynamic Support system that adapts to every stride you take • Robust heel counter for an improved fit Outsole • Durable mixed-rubber outsole with waffle pattern lugs throughout for absolute grip and traction • Flex grooves for smooth flexibility and an efficient ride • Hell scoop for cushioned comfort and impact protection • nike+ Ready which makes it compatible with various Nike+ products Shoe care Do not machine wash Remove dust and dirt with dry clean cloth Do not store in direct sunlight",Nike Women Wmns Lun Black Sports Shoes,Sports Shoes
47554.jpg,Red heels with multicoloured straps at forefoot Mildly padded footbed Plastic heel with TPU outsole Plastic heel-cap,Portia Women Red Heels,Heels
59773.jpg,Style note,Estelle Women Gold Jewellery Set,Jewellery Set
24515.jpg,"Composition Orange printed round neck kurta made of blended cotton fabric, has a split neckline, thread detailing along the neckline, pin tucks from the shoulder to hem, three quarter sleeves and a vented hem  Fit Regular  Wash care Hand wash separately in cold water using a mild detergent as colour may bleed Flat dry inside out in shade Warm iron  The inspiration for this kurta from mother earth is the retro-esque fusion of ethnic apparel and smart workwear. This piece epitomizes how fashion, vintage styling and comfort unite to create the perfect Indian tunic. Mother Earth uses hand processed fabrics including natural and Azo free dyes. Woven with slub yarns for an authentic vintage feel. Those interested in colour blocking can wear this with bright contrasting capris or pants. Others, who want to keep their look classic and chic, can pair this with tonal leggings, and embellished slippers.  Model statistics The product is a size S on a model of height 5'8"" and chest 33""",Mother Earth Women Orange Printed Kurta,Kurtas
57118.jpg,"Light peach woven, sleeveless top, has a U neckline, ruffle detail with trims on the edge around the neckline and a lining",Elle Women Light Peach Top,Tops
49155.jpg,Long lasting blush with a natural look Comes with a brush applicator Hypoallergenic,Deborah Cacao HiTech Blusher # 12,Highlighter and Blush
41154.jpg,"Style Note Give your wardrobe a fashion forward edge with these casual shorts from allen solly. Their blended cotton composition keeps you comfortable all day long. Team them with a tank top and wedge heels for an effortlessly chic look..  Product Details  Light blue shorts, two slant pockets at front with top stitch, two mock welt pockets at back, branding above right welt pocket,piping done on the waist band ,with loops, double loops on left at front, zippered fly with brown button, upturned hem, fabric belt with bow, stretchable Material and Care 97% cotton and 3% lycra Machine wash with like colours Warm iron Do not bleach Size and Fit Loose fit The model (height 5'8&  rdquo  waist 28&  rdquo ) is wearing a size 28",Allen Solly Woman Light Blue  Shorts,Shorts
10398.jpg,"This watch from puma from the Cardiac series comes in a heart friendly design. The feature packed dial gives this watch a futursitic appearance perfect for navigating the urban terrain. Case diameter : 40 mm Case thickness : 12 mm Dial shape : Square Warranty : 2 Years Plastic case with a fixed bezel for added durability, style and comfort Textured PU straps with a buckle clasp for comfort and style Black dial with cat logo above the reset buckles Digital dial showing time, heart rate monitor, chronograph, count-down timer and alarm Reset buttons on the side Quartz movement of time display Acrylic dial window for better durability Solid case back made of stainless steel for enhanced durability Water resistant upto 50 metres",Puma Men Cardiac II Black Watches,Watches
47309.jpg,"Style Note A brand known for its unpredictable and unique styling baggit continues to awe us with their attractive designs for mobile phone pouches. Available to you in a variety of designs and colours at prices that do not burn a hole in your pocket, these pouches   are a must buy. So go ahead. Indulge. Product Details Green mobile phone pouch with olive green print Flap with velcro and branding Long green strap to sling around your shoulder Materials and Care Synthetic Wipe with damp cloth to remove dirt Size Height: 15 cm Width: 8 cm Depth: 2 cm",Baggit Women Green Flora Astro Mobile Pouch,Mobile Pouch
59795.jpg,"Multicoloured striped dress, knit, V neck, extended sleeve, purple binding at neck and armhole, rib knit detail at waist and hem",United Colors of Benetton Women Blue Dress,Dresses
8375.jpg,"Composition Teal blue crew neck top made of 100% cotton, with roll designed short sleeves that have a cut, and print on the front with sequins work Fitting Regular Wash care Machine wash in cold water with like colours in a delicate cycle Do not bleach Tumble dry low or lay flat to dry Warm iron when needed Do not iron on print Transform your little darling into a princess with this crew neck top from doodle. The rolled sleeves and chest print add an element of sweetness, while the cotton fabric keeps her fresh and comfortable all day. Pair this top with a tiny skirt and colourful slippers to complete her princess look.",Doodle Girl's Dont Worry Hippie Blue Teen Kidswear,Tshirts
12673.jpg,Wash care  Machine wash/hand wash separately in mild detergent Do not bleach or wring Dry in shade Medium iron,Probase Men Solid Beige Cargos,Trousers
6114.jpg,"Composition  Eva,phylon,synthetic rubber  shoe Care  Rub surface with clean, damp cloth to remove dust",Puma Men's Girija Q White Flip Flop,Flip Flops
35910.jpg,"Brown handbag with panels in the front and back Pleats at the back and riveted tabs at side Brand patch in front One main zippered compartment Synthetic lining with zippered compartment and mobile slot, loop inside Two short handles for carrying ease  Warranty: 6 Months against manufacturing defects",Peperone Women Brown Handbag,Handbags
59782.jpg,Gold plated round bracelet with white stone embellishments in the centre Has a butterfly clasp  Warranty: 1 year,Estelle Women Gold Bracelet,Bracelet
2244.jpg,"Composition Polo shirt with placket sleeves Wash Care Hand wash or machine wash Fitting Comfort Fit Tailored to suit both casual and formal wear, this black, slim-fit t-shirt from adidas gives you that added edge to wear it as you like. You can either let the tee fall over your hips or tuck it and pair it with a stylish belt for that semi-formal look.  Model's statistics 1. The model wears size M in t-shirts 2. Height-5.7"", Chest-33"", Waist-25""",ADIDAS Women's Black T-shirt,Tshirts
26714.jpg,"Composition Green T-shirt made of 100% cotton, has a round ribbed neck, short sleeves, fabric tape detailing on the in-seam and branding printed on the front  Fit Regular  Wash care Gentle machine wash inside out in cold water with like colours using a mild detergent Do not bleach or dry clean Tumble dry low Warm iron on reverse  This puma T-shirt has an exclusive casual style and a great look. The branding on the tee ups your style quotient, while the cotton fabric keeps you fresh and comfortable all day. Pair it with denims or tracks and canvas shoes to look your best.  Model statistics The product is a size M on a model of height 6' and shoulders 18&rdquo",Puma Men Large Logo Green T-shirt,Tshirts
30679.jpg,"park avenue provides the stylish man-about-town with all the essentials he needs to look his best. Wear these park avenue sunglasses to look stylish while out and about in the sunshine. The glasses come in a leather-look case with branding on the front and a zip fastening, cloth included to clean the lenses. Lens width : 60 mm Lens colour : Graduated brown Frame colour : Dark brown and black UV protection Stylish shaped metal frame Acrylic and rubber arms provide a comfortable Fit Branding on arms Flexible hinges for fit Rubber pads to hold the glasses in place, ensuring there is no friction with the skin Care Polish with cloth to remove dust Do not put your sunglasses face down on a table or on heated areas like the dashboard of a car Keep in the original case in a dry place at a temperature between -10°  C and +35°  C",Park Avenue Men Brown Sunglasses,Sunglasses
7612.jpg,"Designed for everyday use, this messenger bag from wrangler is perfect for carrying all your stuff in style. With ample space to stash away daily belongings, it makes for a perfect bag to college as well as work. Made of canvas with complete protective nylon lining for easy cleaning and durability Three fabric compartments with branded zippers wrangler logo printed in distressed print on a sub-chamber Wide adjustable strap to customise length Leather patchwork below the base for added durability and structure Care Do not wash Do not dry-clean Use mild brush to dust if necessary",Wrangler Men Brown Canvas Bag,Messenger Bag
20938.jpg,"Fun, style and comfort are the highlights of this black laptop backpack from fastrack. Carry it to college or on a casual day out with friends. A good looking bag with lots of space, it is sure to accommodate everything you think of, while you strut around looking super cool!   Height : 44 cm  Width : 31 cm  Depth at base : 16 cm  Made of nylon for enhanced durability Roomy zippered inner compartment with a laptop compartment and a velcro closure to keep the laptop in place A small zippered pocket on the front to stow away essentials Brand tab appliqué  d on the side Brand name and logo on the front Haul loop and soft handle for handling ease Two mesh pockets on the sides to hold bottles Padded, adjustable shoulder straps that distribute weight evenly and protect the shoulders and back from injuries Cushioned panels on the back for added comfort Ergonomic design to Fit along the torso comfortably Branded zippers and sliders for easy use Nylon bonded thread for long life   Care  Do not machine wash Rub surface with dry clean cloth to remove dust and dirt",Fastrack Men Leatherette Black Backpack,Backpacks
49138.jpg,Mousse-cream foundation for oily to and combination skin Gentle peeling action and performs regenerative activities Hypo allergic,Deborah Nude Perfection 5 Foundation,Foundation and Primer
49486.jpg,"Blue, round toed shoes with central lace fastening with metal eyelets and rounded lace Canvas upper, brown patch at the heel collar, reinforced overlay at the heel collar Soft inner and tongue, padded at the mouth and footbed EVA midsole with foxing aroun",Vans Men Blue Casual Shoes,Casual Shoes
39509.jpg,"Style Note peter england presents a wide range of efficient, everyday travel gear combined with impressive style. This laptop backpack from Peter England, specifically designed for work and weekend trips, strikes the right balance between convenience and style. The various compartments are a smart, neat and compact way to carry your laptop with all your essentials and is on the  top of our wishlist! Product Details Two main zipped compartments, one with a laptop compartment that has a velcro closure One zipped pocket on the front with organiser sleeves and a mesh zipped pocket Two small zipped pockets on the front for enhanced space Two zipped pockets on both sides Compartment for a music player and an outlet for headphones One padded haul loop for carrying ease Wide, adjustable padded handles and padded back for carrying at ease and to protect the shoulders and back from injuries Mesh back for ventilation Legs on the base for stability Branding on the front Material and Care Synthetic Wipe with a clean dry cloth to remove dust  Warranty : 6 months Size Height: 46 cm Width: 33 cm Depth: 20 cm",Peter England Unisex Black Backpack,Backpacks
3207.jpg,"Composition Black round neck t-shirt in 100% cotton with chest print Fitting Comfort Washcare   Machine wash separately in cold water  Use mild detergent  Do not bleach  Avoid soaking Remove promptly  Line dry inside out in shade  Warm iron only  Do not iron directly on print/embroidery   Are you really mad that there's not much being done quick enough to save the tigers? Well, bring out the cynic in you in full blast with this black t-shirt from tantra, while you do your bit to protect the wild cat. Model statistics The model wears size M in t-shirts Height-5.7"", Chest-32"", Waist-26""",Tantra Women's Tiger Black T-shirt,Tshirts
25053.jpg,"Specially woven on a Jacquard loom for vintage sophistication, this tie and pocket square set with cufflinks from Linos Perros is a great gift option or a delicious self-indulgence. The cosomopolitan man's formal wardrobe is not complete without colour options in ties, cufflinks and pocket kerchiefs.  Tie Length : 150 cm Made of silky loom-woven fabric Orange and brown stripes on a velvetty tie Loop on the tie inner to keep the tongue in place  Cufflinks Width : 1 cm Crystal encrusted square cufflinks Hinged back to hold the cuff link in place  Handkerchief Square handkerchief with a 30 cm width Made of loom-woven fabric with a matching pattern  Accessory Set care Dry clean only",Lino Perros Men Formal Brown Accessory Gift Set,Accessory Gift Set
50630.jpg,"Grey melange colour trunks with an elasticated waistband that has branding at the centre, high coverage back and leg, button fly, elasticated leg holes, black side panels  The final product delivered might vary in colour and prints from the display here.",Chromozome Men Charcoal Grey & Black Trunks,Trunk
11880.jpg,"Cast a timeless impression with this pair of franco leone pointed toe oxfords. Give your formal wear a twist of style with this leather shoe and revel in the comfort of easy fashion. Upper Leather upper for absolute comfort and style Pointed toe design for style Suede inner lining on the forefoot region for all-day sweat-free comfort Lace-up system for a snug, customised Fit Midsole Leather footbed for absolute all-day sweat-free comfort Outsole TPU outsole with geometrical patterned lugs on the forefoot and textured on the back heel for absolute grip on smooth surfaces Raised heel for ergonomic comfort shoe care Wipe surface with a dry, clean cloth to remove dust and dirt Use a branded leather conditioner to maintain shoe shine Do not store in direct sunlight",Franco Leone Men Formal Black Formal Shoes,Formal Shoes
35247.jpg,"Slip your feet into cosy comfort and look stylish effortlessly in this pair of red and grey striped socks from manchester united. Engineered with arch support and offering a secure stable Fit, this pair offers exemplary comfort.  Made of a blended fabric for long lasting comfort Has a half cushion terry foot for shock absorption Inner arch support for a secure and stable fit Branding printed below the ribbed mouth   Care Machine wash cold at 30 degrees using a mild detergent Do not bleach, tumble dry, iron or dry clean",Manchester United Men Red Socks,Socks
3322.jpg,-,KKR Boys Fangear Polo Jersey,Tshirts
32340.jpg,"Case Style: Analog watch with a stainless steel case and numbered bezel, has a stainless steel back on the case Dial Style: Analog display with luminous hands and luminous hour marks Strap Style: Black rubber strap with a tang clasp Features: Screw and four buttons to reset time Water resistant up to 5 BAR Warranty: 1 year",Q&Q Men Black Dial Watch,Watches
19259.jpg,"guess watches are creative masterpieces with absolute durability. They have proven themselves in the art of creating high quality timepieces, by combining the epitome of style with impeccable technology. The new range of watches are a fresh take on perfection and are great for urban wear.  Case diameter: 20 mm  Case thickness: 6 mm  Dial shape: Square  Warranty: 2 years  Stainless steel case with a fixed bezel, crystal embellishments and a gold link design steel strap guess logo at the 12 hour mark Butterfly clasp with a gold dial, metallic numbers and metallic hands Polished hands to mark sub dials Screw to reset time, alarm and set the timer Solid case back made of stainless steel for enhanced durability Water resistance up to 30 meters, allowing you to use it when washing hands or in mild rain",Guess Women Trapeze Gold Watch,Watches
7171.jpg,"Composition Red and white plaid check shirt made of 100% cotton, with full sleeves, full button placket, curved hemline and two chest pockets Fit Slim Wash care   Pre-soak the garment before wash  Wash inside out with zippers and buttons fastened  Preferably hand washed  Use only mild detergents  Wash dark colours separately  Do not attempt to remove stains by spot washing  Drip dry on hanger and avoid wringing  Flat dry  Preferably steam iron   This red and white plaid check shirt from scullers is a great addition to your wardrobe.  The classic red and white combo remains an evergreen favourite. Pair this shirt with denims or chinos and semi-formal leather shoes for a cool casual look. Model statistics The model wears size 40 Height-6', Shoulders-18""",Scullers Men Red Check Shirt,Shirts
50209.jpg,"Tinted lens which provide protection against harmful UV rays in normal daylight Plastic frame in a aerodynamic design and animal print Rounded square lens for absolute style and protection from elements Flexible hinges for durability with a crystal design on the corners of the frame and the arms Fixed nose holder which is part of the frame to hold the glasses in place, ensuring there is no friction with the skin",Stoln Women Brown Sunglasses,Sunglasses
7097.jpg,"Blue and grey backpack One haul loop at the top and two padded adjustable shoulder straps with mesh detailing Two main zip compartments, one has a slip pocket, a mesh pocket and pen holders One external zip pocket at the front two mesh pockets on the sides Padded back with mesh detail Please note that the thread colour in the brand logo may vary from the image shown Note: The inner lining material/colour may vary from what is shown in the image Warranty: 6 months against manufacturing defects",Wildcraft Unisex Blue & Grey Backpack,Backpacks
30025.jpg,kenneth cole New york is manufactured using the highest quality materials and craftsmanship.  The incorporation of both traditional and forward thinking design philosophies result in a unique and modern product.  Choose this watch to display your sophisticated and discerning taste in accessories.  Case diameter : 36 mm Case thickness : 6 mm Dial shape : Square Warranty : Limited Lifetime Warranty  Stainless steel square case Steel strap with a butterfly clasp Black dial with metallic hands Kenneth Cole branding on the dial Screw to reset time Date aperture at the 6 hour mark Solid case back made of stainless steel for enhanced durability Water resistant,Kenneth Cole Men Black Dial Watch,Watches
19617.jpg,"Composition Blue V-neck top made of 100% cotton, has long sleeves with crystal embellishment branding on the left chest   Fit  Regular   Wash care  Hand wash cold using mild detergent Do not dry clean, tumble dry, wring, scrub or bleach Dry flat in shade Warm iron; Do not iron directly on print/embroidery  For the sassy fashionista, this top from united colors of benetton has a minimalistic appeal.  This top with its simplistic style and narrowing silhouette is an example of the label's versatile style. Pair this with skinny jeans, a dressy vest and closed toe pumps from catwalk.   Model statistics  The product is a size M on a model of height 5'8"" and chest 33""",United Colors of Benetton Women Solid Blue Top,Tops
33844.jpg,-,Puma Men Future Cat Grey Shoes,Casual Shoes
13365.jpg,"Dress your growing up kid in absolute comfort in the timberland Northeast H&  L Escape Loafer and watch them enjoy in stylish comfort. Designed with a leather and nubuck upper, this shoe is sure to keep your young one's feet fresh and comfortable all day long.   Upper Leather upper with nubuck overlays and mesh detailing on the forefoot Velcro closures on the forefoot for a customised Fit Complete padded fabric inner lining for all-day comfort Cushioned footbed with a fabric lining for sweat-free all-day comfort  Midsole Moulded EVA midsole for impact protection and all-day comfort   Outsole Durable rubber outsole with multi-directional lugs throughout the footbed for absolute grip and traction Curved midfoot for inner arch support  Shoe care Wipe dust with a clean and dry cloth Use a leather conditioner and nubuck brush to maintain the upper Do not wash or store in direct sunlight",Timberland Kids Jeunes Black Casual Shoes,Casual Shoes
34082.jpg,"A pair of brown casual shoesnbsp;with central lace-ups Pure Mahogany leather upper Cushioned, EVA and Active Air with Air Flownbsp;footbed, hasnbsp;air pockets Textured and water-resistant rubber outsole with small nubs Warranty: 3 months Warranty provided by the brand owner / manufacturer",Clarks Men Black Nature Three Leather Casual Shoes,Casual Shoes
8737.jpg,"Composition White and purple check shirt with light purple accents, made of 100% cotton, has a tipped collar, front buttoned placket, short sleeves, pocket on left chest and a curved hemline Fitting Regular Wash care Wash dark colours separately Hand wash or machine wash cold using mild detergent Do not wring or bleach Flat dry in shade Do not iron on print Checks that add immense style to your casual look is what indigo nation brings into your life. Be the cynosure of all eyes in this stylish shirt, while the fabric keeps you fresh and comfortable all day. Pair it with formal pants, denims or corduroys and black footwear for stylish formal and casual looks. Model statistics The model wears size 40 in shirts Height: 6’1”; Chest: 38.5”; Shoulders: 18.5”",Indigo Nation Men Checks Shirt Purple Shirts,Shirts
34294.jpg,White and brown chanderi printed silk cotton blended kurta Stitched hems,Fabindia Women Printed Off White Dupatta,Dupatta
49556.jpg,Style Note One glance at this stylish handbag from rocia and you are sure to go weak in the knees! This black bag with its spacious interiors is enough to make it a bag worth taking its place on the top of you,Rocia Women Black Handbag,Handbags
28176.jpg,"This is a brand which needs no introduction, - 'Genuine since 1937' ray-ban have moved on from their beginnings as the official sunglasses of U.S. Army fighter pilots to become the most iconic sunglasses in the world.     Wear this pair for an effortlessly stylish look that'll never go out of fashion. The glasses come in a signature Ray-Ban case. Lens width : 55 mm Frame colour : Gold Lens colour : Light brown Warranty : 1 year Tinted high optical precision and impact resistant lens Stylised thin metal frame in an aerodynamic design for absolute comfort and durability Oval lens for absolute style and protection from the elements Flexible hinges for durability Flexible nose pads made of rubber with a double bridge to hold the glasses in place, ensuring there is no friction with the skin Care Remove dust and grime by gently wiping the lens with the cloth provided Remove oil or tough stains with the help of a lens cleaner Do not use your fingers on such stains Do not place glasses on uneven surface or heated areas like the dashboard of a car",Ray-Ban Men Aviator Sunglasses,Sunglasses
25067.jpg,"Specially woven on a Jacquard loom for vintage sophistication, this tie and pocket square set with cufflinks from Linos Perros is a great gift option or a delicious self-indulgence. The cosomopolitan man's formal wardrobe is not complete without colour options in ties, cufflinks and pocket kerchiefs.  Tie Length : 150 cm Made of silky loom-woven fabric Textured black fabric with a grey stripe detail Loop on the tie inner to keep the tongue in place  Cufflinks Width : 1 cm Matching square steel cufflinks Hinged back to hold the cuff link in place  Handkerchief Square handkerchief with a 30 cm width Made of loom-woven fabric with a matching pattern  Accessory Set care Dry clean only",Lino Perros Men Formal Black Accessory Gift Set,Accessory Gift Set
14865.jpg,"Crafted from soft leather, this leather wallet makes for a great buy. Update your wardrobe with this stylish wallet from United Colours Of Benetton and carry your monetary essentials with ease. Dimensions : 21 cm X 4 cm Made of 100% polyurethane on the outside and 100% polyester for durability Has three main compartments with partitions Four credit card slots on the front Overlaping flap with four credit card slots and one transparent id card slot Zippered compartment on the back Buttoned closure and brand name on a mettalic clasp appliqued on the front Care Rub surface with dry clean cloth to remove dust and dirt",United Colors of Benetton Women Solid Black Wallets,Wallets
36245.jpg,"Style Note This funky T-shirt from mr. men is a perfect choice 
for the young at heart. Pair this with form fitting denims and bright 
sneakers.   Product Details Blue round neck T-shirt, has short sleeves and graphic print on the front   Material and Care  Cotton Machine wash warm Wash inside out, with like colours Do not bleach or iron on print Dry in shade   Size and Fit Regular fit The model (height 6' and shoulders 18????????????????????????????????????????????????) is wearing a size M",Mr. Men Blue Mr. Forgetful T-shirt,Tshirts
22312.jpg,"Black jacket made of 100% polyester, has a mock neck with a zippered placket, one zippered pocket and embroidered branding on the left chest and two zippered pockets on the side Please note that the thread colour in the brand logo may vary from the image shown",Wildcraft Men Solid Black Jacket,Jackets
59167.jpg,Square toed derby shoe in brown Leather upper Lightly padded collar and footbed Central lace-ups with branding on the lateral side TPU outsole with elevated heel and patterned footbed,Fortune Men Brown Formal Shoes,Formal Shoes
48650.jpg,Silver coloured earrings Intricately patterned silver dangling earring with CZ diamond insets Push back closure,Lucera Women Silver Earrings,Earrings
48678.jpg,"Style Note lucera, or & lsquo luminous star& rsquo  in Spanish, is designed for fashionistas who like to shine! Lucera fashion jewellery offers contemporary designs to complement the various moods of the modern and fashion conscious woman of today. What makes these earrings a must buy is the fact that these earrings are easily paired and will match most of the outfits in your wardrobe in elegance and style.   Product Details Silver coloured earrings Five slim strands with CZ diamonds encrusted uniformly throughout with the centre strand being the longest and the side strands being progressively shorter Push back closure   Material and Care Silver and CZ Diamonds Wipe with a cotton swab when needed",Lucera Women Silver Earrings,Earrings
55892.jpg,Chip-resistant and prevents yellowing of nails Fast drying and long wearing Simple one stroke application,Colorbar Exclusive Nail Lacquer 03,Nail Polish
51339.jpg,"Dark brown knitted socks with elasticated cuffs, has diamond patterning",Raymond Men Brown Socks,Socks
7699.jpg,"Composition Purple long top made of 100% viscose, with a falling neckline and back, short sleeves, asymmetrical hemline and metallic print on the chest with a hint of metal colours Fitting Regular Wash care Machine wash or dand wash separately in mild detergent Do not bleach Do not wring dry Dry in shade Medium iron Accentuate those curves and enhance your frame with this long asymmetrical top from jealous 21. Pair it with jeggings or slacks to flaunt your fab look. Model statistics The model wears size M in t-shirts Height-5.7"", Chest-33"", Waist-26""",Jealous 21 Women Frills Florals Aubergine Purple Top,Tops
14894.jpg,"Leave behind your cares of wondering how to carry your vacation shopping back home with this foldable travel bag from united colors of benetton. Roll it up into a small ball when not in use and open it for a copious space. Length : 55 cm Width : 22 cm Height : 28 cm Made of 100% polyester for durability and easy maintenance Has one main roomy zippered compartment, with the roll up pouch forming an inner zippered pouch when opened up Has one zippered compartment on the outside Wide synthetic twill tape handles for carrying ease Brand name printed on the front Care Wipe surface with a damp, clean cloth to remove dust",United Colors of Benetton Women Solid Black Bags,Travel Accessory
25355.jpg,"Black and blue striped brief made of 100% combed cotton, has the signature logo on the contrast waistband, shaped-to-Fit double layered contoured pouch and printed label on the inner   Fit  Mid rise   Wash care  Machine wash warm Do not bleach Tumble dry low Do not dry clean Warm iron if needed  These briefs from Levi's are crafted using a superior cotton knit that provides breathability. The cut allows free leg movement, the double layered pouch gives enhanced durability while the printed label on the inside offers abrasion-free comfort.  The final product delivered might vary in colour and prints from the display here.",Levis Men Black and Blue Brief,Briefs
11949.jpg,"  Designed for those who never compromise on comfort and style, this slip-on nubuck shoe from ganuchi is a great buy. Slip into it barefoot and pair it with capris and stylish t-shirts for unparalleled cool. Upper One-piece nubuck upper and outsole with rugged stitch detailing on the forefoot and a foldover backfoot overlay with TPR lugs Slip-on style for ease of wear Nubuck lace running through eyelets along the wide collar and tied up above the tongue to customise the Fit Synthetic leather footbed with print for all-day comfort and style Outsole Circular and oval TPR lugs spread throughout the outsole for grip Shoe care Remove dust and dirt using a nubuck brush Do not wash or store in direct sunlight  Designed for those who never compromise on comfort and style, this slip-on nubuck shoe from Ganuchi is a great buy. Slip into it barefoot and pair it with capris and stylish t-shirts for unparalleled cool. Upper One-piece nubuck upper and outsole with rugged stitch detailing on the forefoot and a foldover backfoot overlay with TPR lugs Slip-on style for ease of wear Nubuck lace running through eyelets along the wide collar and tied up above the tongue to customise the fit Synthetic leather footbed with print for all-day comfort and style Outsole Circular and oval TPR lugs spread throughout the outsole for grip Shoe care Remove dust and dirt using a nubuck brush Do not wash or store in direct sunlight",Ganuchi Men Casual Brown Casual Shoes,Casual Shoes
43592.jpg,-,Gini and Jony Girls Polo Striped Pink T-shirt,Tshirts
33498.jpg,"Composition Blue and white printed shorts that have two side pockets, two back pockets, pin tucks above the hem on either sides, a buttoned and zipped closure and loops on the waist   Fit  Regular   Wash  care  Machine wash in cold water with like colours using a mild detergent Do not bleach or wring Tumble dry low Dry in shade Warm iron  do not iron on decorations  His cuteness level will be off the chart when you dress your little boy in these shorts from doodle. Team this with a T-shirt and sandals, and let your little one play in comfort.",Doodle Kids Boy Printed Blue Shorts,Shorts
5397.jpg,Designed for : EXPERT badminton or squash players.,Artengo Artengo Bad 650 Man,Sports Shoes
19844.jpg,"Composition Red checked shirt with hints of blue and white made of 100% cotton, has a medium spread collar with a buttoned front placket, full sleeves with buttoned cuffs, patch pocket on the left chest, box pleat at the back, branding on the left pocket and a curved hem   Fit  Regular   Wash care  Machine wash cold with like colours using a mild detergent Tumble dry low Warm iron  do not iron on decorations  This red checked shirt from the US Polo Collection is crafted from soft cotton fabric and has a contemporary cut that offers a flattering silhouette, making for an easy addition to your wardrobe. Team it with crisp chinos and leather shoes or jeans and sneakers paired with classy accessories for that perfect look.   Model statistics  The product is a size M on a model of height 6' and shoulders 18""  ",U.S. Polo Assn. Men Check Red Shirt,Shirts
32417.jpg,"Style Note With this performance enabled jersey, you can conveniently ignore the heat and keep your focus right where it needs to be: on the finish line. With a superior performance fabric which keeps cool air flowing in and heat and sweat flowing out, you can stay dry and comfortable, performing at your peak in even the most heated competition. On a day off, pair it with denims and cool sneakers to look your casual best. Product Details White crew neck jersey, has short sleeves, adidas patented stripes with mesh panels on the shoulders, mesh panels on the sides and back, engineered with climacool technology, reflective detail on the front and back and branding on the chest Material and Care 100% polyester Machine wash at 30 degrees with like colours using a mild detergent Do not soak, tumble dry, bleach or dry clean Line dry in shade Cool iron  do not iron on decorations Size and Fit Regular fit The model (height 6' and shoulders 18"") is wearing a size M",ADIDAS Men White Jersey,Tshirts
54554.jpg,"Red, black, white, purple and green printed tunic, sleeveless, woven, has a round neckline, narrow shoulder straps and thick red binding around the neckline and on the shoulder straps",Global Desi Women Purple & White Tunic,Tunics
33079.jpg,"Style Note Project your love for the game with this stylish T-shirt from US Polo Association. The classic styling on this tee makes it perfect for casual and semi-formal occasions. Pair this with straight Fit denims and canvas shoes. Product Details Green round neck T-shirt, has short sleeves (with grey piping at cuffs), print on right sleeve and embroidery and print on the front Material and Care 100% cotton Wash dark colours separately Machine wash or hand wash cold using a mild detergent Do not wring, bleach, or iron on print Flat dry in shade Size and Fit Regular fit The model (height 6' and shoulders 18"") is wearing a size M",U.S. Polo Assn. Denim Co. Men Printed Green T-Shirt,Tshirts
48187.jpg,"Style Note Stylish to the T. These vintage- inspired handbags from fossil come with a stylish upper and spacious inner. Crafted from imperial leather, these handbags double up as an accessory speaking volumes about your personality. Product Details Multi coloured vintage style handbag with one main zipped compartment with organizer sleeves and a zipped pocket A zipped pocket on the front with multiple insert pockets One flap pocket on the back with magnetic button closure One long adjustable handle with a keyhole detail in bronze for style Brand badge appliqued on the front Key design zipper with branding Material and Care Leather, fabric Wipe with a clean dry cloth to remove dust Size Height: 27 cm Width: 29 cm",Fossil Women Multi Coloured Handbag,Handbags
56846.jpg,"A pair of blue 5-pocket mid-rise jeans, has a zip fly and a button closure on the front, a waistband with belt loops, 1 scoop pocket with metallic rivet trim detailing on either sides of the front, a coin pocket near the right scoop pocket, 2 patch pockets with stitch detail on the back, a brand patch on the back waistband, contrast stitched detail throughout",John Players Men Blue Jeans,Jeans
39532.jpg,Style Note  Owing to intimate nature of this product it is eligible for self-ship return only (no pick-up facility),Bwitch White Bra,Bra
58834.jpg,"Steel coloured pair of cuff-links,  heart shaped, with crystal detail Hinged back to hold cuff in place Comes with a steel coloured tie clip",Hakashi Men Steel Cufflinks,Cufflinks
44692.jpg,-,Wills Lifestyle Women White Tunic,Tunics
17265.jpg,"Composition Blue polo neck T-shirt made of 100% cotton, has short sleeves, buttoned placket, a vertical panel stitch in a contrasting color, appliqued branding on the left chest and a vented hem   Fitting Regular  Wash care Wash dark colours separately Machine wash or hand wash cold using a mild detergent Do not wring, bleach, or iron on print Flat dry in shade  Ramp up your style quotient with this stylish T-shirt from US Polo. The vertical panel stitch on the front pays tribute to classic sport fashion. Pair it with straight Fit denims, a tonal jacket and canvas shoes.  Model statistics The product is a size M on a model of height 6'1"" and shoulders 18.5""",U.S. Polo Assn. Men Solid Limoges Polo Tshirt,Tshirts
12140.jpg,"Composition Red round neck kurti made of 100% acrylic, has a slit neck with yellow, green and white floral emboidery, full sleeves, and a vented hem Fitting Regular Wash care Wash separately as colour may bleed Do not bleach Dry inside out in shade Warm iron This aurelia kurta speaks volumes of your class and exudes femininity with its timeless design and cut. The handcrafted fabric will keep you going great throughout the day, while the classy design will make you the talk of the town. Pair it with leggings or jeans and flats for an ultra femme look. Model statistics The model wears size M in kurtis Height-5.7"", Chest-33"", Waist-26""",Aurelia Women Solid Red Kurtas,Kurtas
9061.jpg,NA,Mark Taylor Men White Striped Shirt,Shirts
48596.jpg,Silver coloured earrings An arc with encrusted CZ diamonds Push back closure,Lucera Women Silver Earrings,Earrings
4114.jpg,"Designed for utmost comfort, this pair of sandals from fila have all that the feet require. With cushioned, adjustable straps and multi-directional lugs on the outsole, this pair offers ample comfort and stability. Pair this with casual wear like jeans, cargo pants or shorts and spend the summer in the glory of comfort in style. Upper   Heavy cotton canvas upper for support and durability  Cushioned, adjustable velcro strap at forefoot and front foot of the ankle  Cushioned back strap  Diagonal strap connecting the forefoot and ankle straps for snug Fit, and with perforations for ventilation  Embossed branding on front and back ankle strap   Midsole   Breathable EVA footbed for cushioning  Long grooves in the shape of the foot all along the footbed with small circular depressions near the heel for easy movement, ventilation and comfort  Ergonomic design especially in the forefoot and heel for added comfort   Outsole   Made of lightweight Thermo Plastic Rubber (TPR) for extra durability, weather resistance and excellent abrasion resistance  Multi-directional lugs with 'Y' shaped ones for 360°  movement  Midfoot stabilizer in the shape of the foot with horizontal grooves for extra grip and stability   Wash care Wipe surface with soft, clean, damp cloth to remove dust Do not machine wash",Fila Men Obsidian Black Sandal,Sandals
51231.jpg,"Style Note From the design house of satya paul, this fiery piece captures the bohemian     travelling spirit in you. With bright jewel toned colouring, we love that this is simplistically styled and yet, it casts an ocean nymph-like, flowy silhouette. Style it with leggings for a dressy vibe. Product Details Sleeveless rust red and orange round neck kurti, has metallic embellishments along the neckline, two pleats at the bust, two inverted flaring box pleats at the midriff and a slightly flaring skirt. Comes with flesh coloured lining. Material and Care Synthetic Dry clean Size Regular Fit The model (height 5'8"" and chest 33"") is wearing a size M",Satya Paul Women Orange & Brown Kurti,Kurtis
44230.jpg,"Style Note Combining the style and flair of canvas shoes with the durability and comfort of running shoes , the nike Liteforce puts the groove back in your style. Product Details Blue shoe with canvas upper with synthetic overlays, an ankle band and central lace-ups Nike swoosh overlay near the midfoot region Padded and meshed tongue and inner Phylon midsole with PU foxing TPU outsole with herringbone grooves Warranty for manufacturing defects: 6 months (not valid on products with more than 20% discount) Material and Care Canvas Make a paste using 1 tbsp of baking soda, 1 tbsp white vinegar and 1 tbsp hot water Rub this paste onto the canvas and the sole using a brush Wash off with lukewarm water Warranty provided by the brand owner / manufacturer",Nike Men Blue Sneakers,Casual Shoes
42137.jpg,"Style Note Built for action on the courts, but perfect as a lifestyle shoe, the nike Courtballistec 4.1 is best known as Rafael Nadal's signature shoe.  Product Details Synthetic leather upper, perforated panels on the sides of the midfoot, honeycomb patterned embossing on the forefoot, molded overlay at the vamp for durability and midfoot shank for support and stability Padded tongue and inner (mesh) Phylon midsole and Nike Air unit in the heel for cushioning Multi-surface traction pattern for versatile traction, flex grooves at the outsole for flexibility and enhanced range of motion and full-length GDR compound in an aggressive, multisurface traction pattern for long lasting durability and traction  Material and Care Synthetic Wipe surface with a dry, clean cloth to remove dust Do not store in direct sunlight",Nike Men White Air Courtballistec White Sports Shoes,Sports Shoes
39647.jpg,"Style Note Created for today's generation, this lotto shoe embodies the brand's motto - combining technology and high-octane fashion. We think these are just right, both for Sports and for braving the urban jungle, thanks to their nonchalantly sturdy aesthetic. An all-weather staple, the style perfectly suits the cosmopolitan vibe you love!   Product Details White ankle length shoe with central lace-ups, overlays and stitched detailing Padded tongue and inner Plastic midsole Three piece rubber TPU outsole   Material and Care Synthetic Do not machine wash or store in direct sunlight Remove dust with a dry clean cloth",Lotto Men White Casual Shoe,Casual Shoes
4465.jpg,"Composition Round neck navy t-shirt in 100% cotton with graphic all over the front Fitting Regular Wash care 1. Machine wash separately in cold water 2. Use mild detergent 3. Do not bleach 4. Avoid soaking and remove promptly 5. Line dry inside out in shade. 6. Warm iron only, do not iron directly on print/embroidery This t-shirt from the 'Pirates of the Caribbean' series will add to your boy's sense of adventure. See him transform into a young man with this smart T-shirt with Jack Sparrow and his warriors' print on the chest. For the complete look, let him pair these with chinos shorts or three quarters.",Disney Boy's Marked Red Teen Kidswear,Tshirts
1997.jpg,Play all your favourite Sports comfortably in these puma steel grey woven shorts .,Puma Men's Grey Sports Shorts,Shorts
56537.jpg,Satiny smooth application and a shimmery finish Well-designed casing with a twist to apply styling,Streetwear Women Satin Smooth Cherry Crush Lipstick o9,Lipstick
58992.jpg,cavallini Deodorant for men comes in a aerosol spray canister,Cavallini Men Deo,Deodorant
48856.jpg,A long curvy gold plated silver pendant with CZ diamonds on the periphery of the pendant Comes with a chain and its design might slightly vary,Lucera Women Silver Pendant,Pendant
43748.jpg,"Style Note We love how these ethnic stone studded bangles from royal diadem complete your ethnic outfits and complement your entire look. Well designed with finesse in the finish, we're sure you've got room for these in your jewellery collection. Product Details Set of two bangles Golden coloured bangles, has rows of white stones intercepted by floral detail with embedded green or red stones Material and Care Metal Wipe with a cotton swab to remove dust Size Diameter: 59 mm Width: 6 mm",Royal Diadem Set of 2 Golden Bangles,Bangle
9426.jpg,"Composition Grey shirt made of polyester-cotton blend fabric, has a tipped collar, front buttoned placket, full arm sleeves and pocket on left chest Fitting Regular Wash care Pre-soak the garment before wash Preferably hand wash inside out with zippers and buttons fastened, using a mild detergents Wash dark colours separately Do not attempt to remove stains by spot washing Flat dry or drip dry on hanger and avoid wringing Preferably steam iron Stylish to the hilt, this shirt from john miller is a great addition to your wardrobe. Be the cynosure of all eyes in this stylish shirt, while the fabric keeps you fresh and comfortable all day. The full arm sleeves add a touch of regality to your personality. Team it with formal trousers and black leather shoes for that absolutely classic look. Model statistics The model wears size M in shirts Height-6', Shoulders-18""",John Miller Men Solid Grey Shirt,Shirts
15772.jpg,"Composition Red brief made of 100% premium cotton in a 1X1 rib knit, has durable signature logo waistband, white panels on either side of the front pouch, flat seam details and printed label on the inner Fitting Mid rise Wash care Machine wash warm at 40 degrees with like colours Do not bleach Tumble dry low Dry cleanable This mid-rise fusion brief from facit is crafted using pure cotton in a 1X1 rib knit that lets the fabric contour your hips and allows you to stretch in ease. The brief comes in collegiate-inspired colour combinations that never goes out of style, while the printed label on the inside provides abrasion-free comfort. Model statistics Product is a size M on a model with waist 34"" and hips 38""",Facit Men Fusion Brie Red Briefs,Briefs
18954.jpg,"Set of three pairs of socks in navy blue, grey and brown, has stripe patterns with branding and ribbed rims for a comfort fit",Levis Men Fader Stripes Flat Knit Crew Pack of 3 Socks,Socks
1583.jpg,"Style Note Enjoy that splash in the pool in the club or  in the cool neighbourhood pool.  Product Details This 1 piece swimsuit is perfectly designed for recreational swimmers. A comfortable clothing for swimming, water polo, diving, surfing, water  boarding and even sun bathing. Rinse with clean water  and leave until dry after use. Store in dry place.  Composition  1. 82% polyamide, 18% elastane 2. In-built inner wear support provided 3. Contains elastolefin for maximum durability ",Nabaiji Women Black Swimsuit,Swimwear
12376.jpg,"Composition White, blue, green and yellow check shirt made of 100% cotton, has short sleeves, tipped collar with buttoned front placket, patch pocket on left chest and a curved hem Fitting Regular Wash care Wash and dry inside out Machine wash cold in gentle cycle using a mild detergent Wash dark colours separately Do not bleach or wring Tumble dry low and dry in shade Use mild iron Welcome to the world of fantabulous formal dressing with this Reid and Taylor shirt. The cotton fabric keeps you fresh and comfortable all day, while the pleasant colour oozes calmness. Team this with crisp formal pants and leather shoes for that perfect formal touch. Model statistics The model wears size M in shirts Height-6', Shoulders-18""",Reid & Taylor Men Check White Shirts,Shirts
16035.jpg,"Composition White shirt with blue and yellow checks, made of 100% cotton, has full sleeves with buttoned cuffs, spread collar, front buttoned placket, patch pocket on the left chest with embroidered brand logo and a curved hem Fitting Regular Wash care Machine wash at 40 degrees Wash dark colours separately Do not bleach Tumble dry normal or line dry Warm iron Crafted from soft cotton and designed with cuts that offer a flattering silhouette, this shirt from highlander is sure to become a wardrobe favourite. Pair it with jeans, throw over a blazer and slip into suede boots or sneakers. Model statistics The model wears size M in shirts Height: 6', Shoulders: 18""",Highlander Men Check White Shirt,Shirts
25162.jpg,"Update your style quotient with ease by adding this stylish, black bag from lino perros to your accessory collection. Roomy and comfortable to carry, the smooth silhouette of this bag blends well with any outfit. Height : 25 cm Width : 35 cm Depth : 13 cm Made of synthetic leather for durability Has two main roomy, zipped compartments one with an inner zipped pocket and one with an organiser pouch for essentials Two short handles woven through metallic loops for carrying ease and style A stitch and threaded design with a textured pattern on the front for style Stitch detailing, branded zips and brand badge appliqué d on the front Care Wipe surface with a damp, clean cloth to remove dust",Lino Perros Women Leatherette Black Handbag,Handbags
7261.jpg,"rockport's Aphrael boots are sleek enough to wear to office and hip enough for evenings out. The upper is crafted from high-quality leather with minimal seam lines, while the elasticized shaft and pull tab make this boot easy to put on. The durable rubber outsole makes it sturdy and durable and perfect for the long term. Upper   High quality leather with minimal seaming  Upper in a pull-on dress boot style with a round toe  Dual elastic side panels for a custom Fit  Heel pull  Overlay detail   Midsole   Removable footbed with perforations to drain out water   Outsole   Rubber traction outsole for maximum grip on wet surfaces   shoe care Use a leather brush to dust off the dirt Use a leather shoe polish to make the shoes shine Do not store in direct sunlight",Rockport Men's Aphrael Black Shoe,Casual Shoes
24362.jpg,"Composition Brown printed kurta made of 100% cotton, has a mandarin collar with a split neckline, ruffles on the shoulder and chest, three-quarter sleeves and a vented hem Fit Regular Wash care Wash dark colours separately Do not bleach Dry inside out in shade Warm iron The inspiration for this kurta from folklore for women is the retro-esque fusion of the uniquely ethnic with smart workwear. The label combines the quirky street style of India's biggest metros with classic silhouettes. This piece epitomizes how fashion, vintage styling and comfort unite to create the perfect Indian tunic. Those interested in colour blocking can wear this with bright contrasting capris or pants. Others who want to keep their look classic and chic can pair this with tonal leggings, and embellished slippers. Model statistics The product is a size M on a model of height 5'8"" and chest 33""",Folklore Women Brown Printed Kurta,Kurtas
57936.jpg,Brown and black suede leather sneakers with top stitched overlays on the upper Central lace-ups  Mesh panels for breathability Reinforced heel collar and upper adhered to outsole Branding at lateral side of the heel Pull up tab at tongue and heel collar Padded tongue(with branding) and heel collar  Semi cushioned footbed with branding Two piece TPR outsole with grooves and branding,Clarks Men Brown Shoes,Casual Shoes
26174.jpg,-,Rocia Women Brown Casual Sandals,Flats
24234.jpg,"Brown round kurta with a shaped neck, has a yoke on the upper chest with bead, sequins and thread detailing, tape detailing around the neck to form a Y and a lace design on the chest, box pleats from the chest down, transparent long sleeves with lace on the cuffs, lining inside and lace on the hem ",La-Emotio Women Brown Kurta,Kurtas
25919.jpg,"Style Note A basic T-shirt to pep up your casual wardrobe, this tee from femella has a unique style quotient that truly represents the woman of today. The vibrant colour and the soft cotton fabric keeps you in exemplary comfort all day. Wear it with form fitting denims and style with understated accessories and peep-toe shoes. Product Details Fuschia pink top, has a round ribbed neck, short sleeves and embroidered branding above the left hem Material and Care Blended fabric Wash cold using a mild detergent with like colours Do not bleach or wring Dry inside out Use warm iron; do not iron on decorations Size and Fit Regular fit The model (height 5'8"", chest 33"") is wearing a size M",Femella Women Magenta T-shirt,Tshirts
11094.jpg,"Composition Black and grey striped hooded jacket made of 100% acrylic, has a hood with a full length buttoned placket with big buttons, a belt round the waist and ribbed cuffs and hemline Fitting Regular Wash care only hand wash in cold water using a mild detergent Wash dark colours separately Do not bleach, wring or tumble dry Flat dry in shade Mild iron Do not iron on print/embellishment/embroidery Bring back the vintage with a warm bang! Crawl into this warm woollen jacket from scullers over your regular attire and look great on any occasion. Use it either to camouflage your dress beneath or to simply show the jacket off. Don this and freak out in the chill this season enjoying the steaming hot street food with much pleasure. Model statistics The model wears size M in jackets Height: 5'7""; Chest: 33""; Waist: 25""",Scullers Women Stripes Black Sweaters,Sweaters
32172.jpg,"Lavender, ankle socks with branding all over, has ribbed mouth",Playboy Women Lavender Socks,Socks
44966.jpg,-,Maxima Men Gold Dial Watch,Free Gifts
56106.jpg,Tinted lip gloss in metallic tones with colour and glitter Moisturises lips Has a sun filter and exotic botanical butter formula,Colorbar Mettalics Cocoa Bean Lip Gloss 003,Lip Gloss
53689.jpg,"Yellow and black, faux croc print bag with a cut out design and stitch detailing Two short handles woven through metallic buckles with a floral detail tied to one strap One main zipped compartment with an inner zipped pocket and a mobile pouch",Kiara Women Yellow & Black Handbag,Handbags
7530.jpg,"Composition Yellow V- neck t-shirt made of 100% polyester, engineered with Dri-Fit technology, has a fabric tape detailing on inseam of the neckline, with short sleeves and black panels on the shoulder, nike swoosh printed on the right chest and back mesh panels Fitting Regular Wash care   Machine wash in cold water with like colours at 30 degree C  Do not use softeners or bleach  Remove immediately  Do not allow to lay on itself when wet  Tumble dry low  Do not iron  Do not dry clean   Whether you are heating it up on the field or getting cosy on a weekend, this nike t-shirt will definitely get you noticed. Engineered with Nike's Dri-Fit technology, it wicks away sweat to keep you dry and comfortable on and off the court. Team it with tracks, shorts or jeans for the complete sporty look.",Nike Men's Ss Training Yellow T-shirt,Tshirts
33927.jpg,Case style: Analogue watch with a circular case and a stainless steel back Dial style: White dial with three hands and markings Features: A screw to reset time Strap style: Silver-toned bracelet style strap secured with a butterfly clasp Water resistant up to 50 m Comes in a signature Citizen case Warranty: 1 year international warranty against manufacturing defects,Citizen Women White Dial Watch EX0320-50A,Watches
57824.jpg,"Green trouser with beige prints, has hook and zipper closure on front and belt loops",United Colors of Benetton Green Trouser,Trousers
32010.jpg,"It's comfort unparalleled once you slip into these ankle socks from playboy. Made of a blended fabric, these orange and black checked socks can be worn both for sporting events and casual days.  Made of blended fabric for all-day comfort, easy stretch and sweat-free wear Padded foot-bed for cushioned comfort Seamless stitch for abrasion-free wear Rib knit cuff with brand logo and roomy toe area for superior comfort and durability Procured from authorized channel partner of Sri SR Mill, Tanuku (AP) &ndash  the India licensee for Playboy Men&rsquo s Underwear  Sock care Machine wash cold with like colours using mild detergent Do not iron, dry clean or tumble dry Dry in shade",Playboy Men Orange & Black Socks,Socks
38752.jpg,"Black handbag with a Nike swoosh in front and decorative AD print on the side Two short handles and one adjustable, detachable long strap One main compartment with one internal zippered compartment Warranty: 6 months",Nike Women Black Handbag,Handbags
27787.jpg,"Brown wallet with a leather upper, has branding at the bottom corner in the front One main compartment with a separator in between, the left fold has a slip pocket, four card slots, a flap with three card slots and an ID card slot, the right fold has a slip pocket and a buttoned coin pocket Warranty: 6 months from the date of purchase, against manufacturing defects. Warranty provided by the brand owner / manufacturer",Bulchee Men Brown Wallet,Wallets
3071.jpg,"Composition Blue round neck t-shirt in 100% cotton with chest print  Fitting Comfort Washcare   Machine wash separately in cold water  Use mild detergent  Do not bleach  Avoid soaking Remove promptly  Line dry inside out in shade  Warm iron only  Do not iron directly on print/embroidery   Impress your granny instead of that cute neighbour, for a change! It is hip to be spiritual and ethical to be religious. So why not wear this t-shirt from tantra with Sanskrit shlokas and don the miss-goodie-two-shoes look with a twist! Model statistics The model wears size M in t-shirts Height-5.7"", Chest-32"", Waist-26""",Tantra Women's Shlokas Blue T-shirt,Tshirts
4294.jpg,"Composition Cream round neck t-shirt in 100% cotton, with chest print Fitting Comfort Wash care Machine wash separately in cold water Use mild detergent Do not bleach Avoid soaking Remove promptly Line dry inside out in shade Warm iron only Do not iron directly on print/embroidery Get spiritual and don the universal spiritual code Om on yourself in an absolutely stylishly casual manner with this tantra t-shirt. Made of pure cotton, this tee will keep you dry and comfortable through all seasons. Team this tee with denims or cargoes and stylish footwear from the wide range available at myntra to complete that casual look.  Model's statistics 1. The model wears size M in t-shirts 2. Height-6', Shoulders-18""",Tantra Men's 4Sq Om Cream T-shirt,Tshirts
13891.jpg,"Composition Team India blue round neck jersey, made of 100% dri-Fit polyester, that has sublimation print on the front chest panel with ""Bleed Blue"" appliquéd on the right chest Fitting Comfort Wash care Machine wash cold at 30 degrees with like colours Do not bleach Tumble dry low Remove immediately/do not allow to lay on itself when wet Cool iron, but do not iron on design Do not dry clean Stand up and support Team India - the ICC world champions – in this jersey from nike. This Team India cricket jersey is designed for the die-hard cricket fan who loves to flaunt the country’s glory. Hail the great men and sport your support for one of the greatest cricket teams the world has ever seen.",Nike Men Team India Blue Jersey,Tshirts
13918.jpg,"shoe care  Wipe surface with damp, clean cloth to remove dust Do not machine wash Do not store in direct sunlight",Nike Women Serenity Black Casual Shoes,Casual Shoes
8475.jpg," Composition Purple and black check shirt made of 100% cotton, with elbow length sleeves   that have a buttoned hem, embroidered chest buttoned placket, short collar   and two pleats at the upper back   Fitting Regular   Wash care  Wash dark colours separately Hand wash or machine wash in cold water Use mild detergent Tumble dry low Dry in shade Do not bleach Warm iron Get back to the basics with this checked shirt from scullers. The contoured   seams and the elbow length sleeves makes this shirt a great choice for   everyday wear. Team it with denims, stilettos and sleek, long earrings for a   really cool look.  Model statistics The model wears size M in t-shirts Height: 5’9”; Chest: 33”; Shoulders: 15.5”",Scullers For Her Women Check Purple Top,Tops
23297.jpg,"These floater sandals from lotto with bright red coloured straps are perfect for those who want to explore the great outdoors. Wear this with casual tees and bermudas or denims.  Upper Interconnected ankle straps, midfoot straps and toe separator made of fabric with foam backing for complete comfort Adjustable strap with clip-lock buckle Cushioned rubber footbed stitched to the outsole with textured grooves on footbed  Outsole TPU rubber outsole with patterned lugs for grip and traction  Sandal care Rub surface with clean, damp cloth to remove dust Do not machine wash",Lotto Men Zeus Red Sandal,Sandals
25040.jpg,"Composition Grey jersey made of 100% recycled polyester, engineered with Dri-Fit technology, has a round neck, short raglan sleeves, stitch detailing and printed nike swoosh on the left chest Fit Regular Wash care Machine wash cold with like colours Do not dry clean or bleach Tumble dry low Cool iron; do not iron on decorations Crafted from soft polyester and engineered with Dri-Fit technology, this jersey from nike offers exemplary dry comfort, making it a great choice to wear on a healthy run or on casual days. Team this tee with track pants or shorts and running shoes for a sporty look. Add on a hooded sweatshirt for exemplary comfort during the winter.",Nike Men Sublimated Grey Jersey,Tshirts
29891.jpg,Lens colour: Blue Lens type: Lens with UV protection Frame colour: Black Frame type: Plastic stylised oversized oval full frame High bridge with flexible nose pads,Mayhem Women Sunglasses 1015-104,Sunglasses
43629.jpg,"Black sleeveless shirt, has a narrow slim collar, full buttoned placket, tie up detail at the hemline and a curved hemline",Vero Moda Women Black Shirt,Shirts
7695.jpg,"Composition Red yoga pants made of 95% cotton and 5% elastane, with flattened seams, broad elasticated waist that can be folded, reinforced tear points, printed main label and printed drawstring Fit Comfort Wash care   Wash dark colours separately in warm water not more than 40 degrees  Use mild detergent  Do not bleach  Do not wring  Flat dry in shade  Do not iron on print   Enjoy those mind-calming sessions of yoga in style and comfort in this urban yoga pant. Made of pure, sweat absorbant cotton, this pant is stitched with flat seams and a printed label to prevent irritation, allowing you to concentrate on your yoga activity. The broad foldable waist fits snugly, offering ample support to your lower and mid back. With reinforced tear points, be assured that this pant will stay with you for years, while the grippy garment ensures it doesn't slip and cause discomfort when you exercise. Team this with urban yoga t-shirts and tops for that ultimate in comfort. Model statistics The model wears trousers of length of 37"" Height-5'7”, Waist – 26”, Hips – 36”",Urban Yoga Women's Bij Red Track Pant,Track Pants
57697.jpg,"Lotus Herbals Wheatnourish Wheatgerm Oil and Honey Massage Creme Contains ashwagandha, tulsi and almond oil known for their anti-ageing properties Provides total nourishment to skin Rejuvenates in 3 minutes Suitable for all skin types and for women below 30 years",Lotus Herbals Wheatnourish Wheatgerm Oil & Honey Massage Creme,Face Moisturisers
13261.jpg,Wash Care  Machine Wash separately in cold water Use mild detergent Do not Bleach Avoid Soaking Remove promptly Line Dry inside out in shade Warm iron only Do Not Iron Directly on Print/embroidery,Palm Tree Kids Girl Washed Blue Jeans,Jeans
30690.jpg,"Get dressed in these wedges from catwalk for a fun ethnic look. The beaded straps lend a dose of festivity to your look, making this pair a must have in your wardrobe.  Heel : 2.5""  Upper Thong style straps for durability and protection Heavy bead work with woven detailing for added style Synthetic lining for soft comfort Velvety footbed with stitch detailing for durability and style  Outsole Wedge heels for better support TPU outsole with wave grooves on the forefoot for extra grip  Sandal care Wipe surface with soft, clean cloth to remove dust Do not machine wash or use a drier Do not store in direct sunlight",Catwalk Women Brown Flats,Heels
2635.jpg,"Step away from the thongs and laces, and groove in style with these slip-ons from carlton london. Stylish with a velvetty footbed, this pair makes for a great casual and ethnic wear. Upper   Forefoot straps with stitch detailing for comfort and style  Made of leather   Midsole   PU midsole for durability and comfort  Suede footbed for soft and cushioned comfort  Stitch detailing on footbed seam for durability and style   Outsole   TPR outsole for enhanced durability and comfort  Horizontal grooves along the outsole for grip and stability  Mildly raised heel unit for style and comfort   shoe care   Wipe surface using a clean, dry cloth to remove dust  Clean footbed with a suede brush ",Carlton London Men White Strapped Sandal,Sandals
17511.jpg,"Composition Grey, blue and yellow striped polo neck T-shirt made of 100% cotton, has short sleeves, buttoned chest placket, patch pocket on the left chest with embroidered brand logo, and a vented hem   Fitting  Regular   Wash care  Machine wash with similar colours using a mild detergent Do not bleach Tumble dry low Dry in shade Warm iron; do not iron on decorations  Sophistication at it's best, this T-shirt from classic polo guarantees effortless style whatever the occasion, while the cotton fabric offers exemplary comfort. Pair it with jeans or chinos and sneakers.   Model Statistics  Product is a size M on a model of height 6' and shoulders 18""",Classic Polo Men Stripes Grey Polo T-Shirt,Tshirts
23827.jpg,"Open toed green flip flops with print in yellow, thong style straps Soft footbed with print Tough sole with circular reverse nubs Warranty: 3 months",Puma Unisex Green Jive Flip Flops,Flip Flops
15019.jpg,"Composition Black hooded sweatshirt made of 80% cotton and 20% polyester, has a hood with a drawstring, long sleeves, ribbed cuffs and hem, pockets on the front waist and branding in print on the chest Fitting Comfort Wash care Wash below 40 degrees separately Do not dry clean Do not soak, bleach or tumble dry Dry in shade Warm iron; do not iron on decoartions Perfect for your sporting needs, this hooded sweatshirt from adidas is designed to keep you warm and comfortable during your training sessions in the winter chill. Team it with adidas track pants and sports shoes for a sporty look. Model statistics The model wears size M in sweatshirts Height: 6'1', Shoulders: 18.5""",ADIDAS Men Printed Black Sweatshirts,Sweatshirts
21708.jpg,"Case style: Analogue watch with a stainless steel circular case, has a fixed bezel, stainless steel back Dial style: Black dial, has glow-in-the-dark hour, minutes and seconds hands, glow-in-the-dark markings Features: Three-faced chronograph display, a date aperture, a screw and two press-buttons to reset the time and functions Strap style: Black bracelet-style steel strap, secured with a butterfly clasp Water-resistant up to 50 m Comes in an authentic Fossil collectible tin Warranty: 2 years international warranty from the date of purchase against manufacturing defects only Warranty provided by Brand Owner / Manufacturer",Fossil Men Black Dial Chronograph Watch JR1266,Watches
36276.jpg,"Style Note Perfect to slip into on a lazy day, to wear at a girly pyjama party or just for after-hours at home, these pyjama sets from SDL Loungewear instantly transport you to a world of calm. Crafted from soft cotton in pretty and feminine styles, they offer exemplary comfort and a flattering Fit.   Product Details White V-neck pyjama top with short puffed sleeves with piping, vents at the hem and graphic print with diamante embellishment on chest. Matching capri pyjama bottoms in turquoise, white and navy blue checks, elasticated waist with drawstrings, pockets on the sides   Material and Care 100% cotton Machine wash warm Do not bleach, dry clean or iron on decoration or print Tumble dry, normal, low heat Iron low and dry in shade   Size and Fit Regular fit The model (height 5'8"" and chest 33"") is wearing size M",SDL by Sweet Dreams Women White & Blue Night suits,Night suits
34455.jpg,"Created for the woman of sophistication, this pair of shoes from rocia is crafted with high quality material to offer unparalleled comfort and is uniquely designed to give your feet that urban touch.",Rocia Women Black Shoes,Heels
