image,description,display name,category
3238.jpg,"Round toed, black sports shoes with red accents, low top styling and central lace-ups Leather upper with stitched detail, overlay, Formstrip and Ducati branding on the sides and reinforced heel collar with branding Soft tongue and inner, branding on the tongue Cushioned footbed with branding at the heel Printed detail at the midsole Textured rubber outsole with patterned grooves and branding Warranty: 3 months against manufacturing defects only",Puma Men Black 65CC Lo Ducati Sports Shoes,Sports Shoes
43044.jpg,"Style Note Built with the breathability and zero-distraction Fit that athletes demand, these boardshorts come in a body-friendly design. These high-performance shorts are great for a day out at the beach and are designed to aid your aquatic performance. Team them with T-shirts and flip flops. Product Details Charcoal grey boardshorts, with a velcro closure and a cord tie detail, zipped pocket and a nike swoosh on left leg Material and Care 100% polyester Machine wash separately in cold water using a mild detergent Do not bleach Tumble dry low Cool iron; do not iron on decorations Size and fit Regular fit",Nike Men Charcoal Grey Shorts,Shorts
54018.jpg,"Teal  handbag that has stitch detailing with a pleated and panel design on the front One main zipped compartment that has an inner zipped pocket  and an organiser sleeve One zipped pocket on the front One long, adjustable strap woven through metallic loops for carrying ease and style One zipped pocket at the back",Kiara Women Teal Handbag,Handbags
8141.jpg,"Perfectly stylish, this fastrack analog wrist watch is a great buy for those who enjoy performance and style. With excellent touches and comfort, this watch makes for an excellent daily wear. Case diameter : 30 mm Case thickness : 5 mm Dial shape : Square   Plastic case with a fixed bezel for added durability, style and comfort  Leather strap with stitch detailing, brand name printed on the inner part and a tang clasp  Silver dial in a radiating pattern with minute marking in pink from 6 o&  rsquo clock to 12 o&  rsquo clock position, brand name at 3 o&  rsquo clock position and brand logo at 12 o&  rsquo clock position  Quartz movement of time display with carved out hour and minute hands  Screw to reset time  Solid case back made of stainless steel for enhanced durability  Water resistance at 30 meters, allowing you to use it even when swimming ",Fastrack Women Freestyle Sports Analog Steel Black Watch,Watches
22245.jpg,"These id mid-top chukka shoes add a fresh spin on a classic style with its wide midsole. The humble sneaker reached a new high with this casual shoe, with its contrasting textures and subtle colour map. Wear this with a crisp shirt, a half zippered sweater and a jacket or blazer on top to achieve the perfect layered look. Pair this with your favourite jeans or chinos.  Upper Low top suede upper with synthetic overlay on the heel collar Perforations in the midfoot region for ventilation Central lace ups Padded tongue and collar Mesh lining Contrast stitch detailing  Midsole Thick EVA midsole  Outsole Rubber outsole with a stacked heel and grooves  Shoe care Wipe with a dry cloth to remove dust",ID Men Brown Casual Shoes,Casual Shoes
19572.jpg,"Composition Red round neck t-shirt made of 100% cotton, with short sleeves and graphic print  Fit Comfort  Wash care Delicate machine wash at 30 degrees using mild detergent Do not dry clean Do not tumble dry, wring, scrub or bleach Dry flat in shade Warm iron Do not iron directly on print/embroidery  This dare-devil t-shirt from united colors of benetton is for those who love tongue-in-cheek humour. Wear this with your favourite denims and colourful canvas shoes.  Model statistics The product is a size M on a model of height 6' and shoulders 18""",United Colors of Benetton Men Printed Red T-shirt,Tshirts
25305.jpg,"Crafted for the urban style maven, this brown wallet from lino perros is a must have for those who love organising their wallet space. Dimensions : 10 cm x 19 cm Made of leather Two insert pockets Multi card slots inside One id card holder with a mesh Six more card slots on the other side with an insert pocket The flap has a clasp button Care Wipe with clean, damp cloth to remove dirt",Lino Perros Women Leather Brown Wallet,Wallets
16704.jpg,"Composition Navy blue round neck sleeveless t-shirt made of 60% cotton and 40% polyester, has white and red tipping on the left shoulder, and branding in rubber print on the front   Fitting  Regular   Wash care  Machine wash cold with like colours Do not bleach or tumble dry Dry in shade Warm iron; Do not iron on decorations  Get a fresh dose of attitude with this sleeveless T-shirt from fila. The stylish graphic stripes gives this tee an edgy vibe, while the cotton-polyester blend fabric keeps you comfortable all day long. Pair it with jeans or cargos and sneakers.  Product is a size M on a model of height 6' and shoulders 18""",Fila Men High Density Navy Blue Tshirt,Tshirts
16509.jpg,"Composition Dark blue jeans made of 100% cotton, has pockets on the sides with a patch pocket inside the right one, two pockets at the back, a looped waist, button and zipper closure on the front, and has contrast colour stitch detailing   Fitting  Slim Fit; Regular rise   Wash care  Wash inside out at 40 degrees separately Do not iron or dry clean  Durable, versatile, uniquely designed and reasonably priced, this washed slim fit jeans from locomotive is designed for the man with a high fashion casual attitude. Crafted from durable cotton fabric, this denim trouser is here to stay and offer exemplary comfort for years on end. Pair it with semi-formal shirts or t-shirts, and sneakers.   Model statistics  The product is a size M on a model of height 6' and waist 32""",Locomotive Men Washed Blue Jeans,Jeans
24661.jpg,"Made of 82% cotton, 16% nylon and 2% elastane Wide rib at opening for better grip Three dimensional shaped heel and toe for best Fit Branding printed on the socks  Wear these cute socks with trainers when you're working out. adidas ensures that all their products are designed to offer the best performance and these socks are no exception.  Sock care Machine wash in warm water below 40 degrees using a mild detergent Do not iron, bleach, tumble dry or dry clean",ADIDAS Originals Men White Casual Socks,Socks
40412.jpg,"Style Note Mixing classic natural prints with a hint of the exotic (nailing the latest summer trend) colour block this dress from tonga with for an effortlessly breezy vibe. For winter, you can smarten this up by layering it with a pastel toned cardi or a colour pop blazer. Product Details Plum red sleeveless dress, has a shawl neck, a ballet wrap detail from below the bust to the hem and a concealed zipper at the back Material and Care 63% polyester, 34% rayon, 3% spandex Dry clean only Do not bleach, wash or iron Size and Fit Regular fit The model (height 5'8"" and chest 33"") is wearing a size M",Tonga Women Plum Dress,Dresses
5973.jpg,"Composition Half sleeve shirt made of 100% cotton, with black, red and grey plaid checks, tape detailing on the in-seam of the collar, patch pocket on the left chest, full length buttoned placket with appliqued brand tab on the facing placket on the end and curved hemline Fitting Slim Wash care   Machine wash at 40 degree C  Wash dark colours separately  Do not bleach  Tumble dry on normal or line dry  Warm iron   Get ready to take casual dressing to the next level with this  black and red plaid check shirt from highlander. The cool cotton fabric keeps you fresh all day while you hang out with your friends. This shirt can be teamed with low slung jeans and canvas shoes for a laidback look. Model statistics The model wears size M in t-shirts Height-6', Shoulders-18""",Highlander Men Black Checked Shirt,Shirts
45286.jpg,"Case style: Analogue watch with a round plastic and metal case Dial style: Digital time display with date and time displays Features: Buttons to adjust settings, has altimeter and a barometer Water resistant up to 100 metres Warranty: 2 years Warranty provided by Brand Owner / Manufacturer To register this product online for warranty, the customer has to visit https://register.casio.in. Post login, please select the 'Online Store' option and follow the steps for registration.",CASIO Outdoor Men Black Digital Watch SGW-300H-1AVDR S059,Watches
9587.jpg,"Why not add some pop to your bag collection with this classic-looking Originals Mono Grip Bag from puma!   Length : 28 cm  Made of 100% PU with a 150D polyester lining and PU backing for durability and easy maintenance Two-way zip opening into the main compartment Internal zip, mobile and slip-in pockets for storage Woven puma Archive label inside Colour-matching piped PU handles and adjustable webbing shoulder strap Metallic color-matching Puma Heritage zipper pulls Embossed Puma cat and Number 1 logo on front Plastic bottom feet for stand-alone comfort   Care  only hand wash Clean with a damp cloth when necessary Do not bleach, tumble dry or wring Line dry Do not iron",Puma Unisex Yellow Sling Bag,Handbags
4752.jpg,"Red, polo t-shirt made of 100% cotton, with ribbed collar, embroidered logo on left chest and slanting subliminal graphic print along the lower half",ADIDAS Men's Red Polo T-shirt,Tshirts
45230.jpg,"Case style: Analogue watch with a circular case and a stainless steel back Dial style: White dial Strap style: Black synthetic strap secured with tang clasp Features: Screw to set time, day of the week, stop watch, recall mode, countdown timer, alarms, dual time and illumination Water resistant up to 100 m Comes in a signature CASIO case Warranty: 1 year against manufacturing defects from the date of purchase Warranty provided by Brand Owner / Manufacturer",CASIO Men White Dial & Digital Watches AD146,Watches
41735.jpg,"Style Note Hitting all the season's fashion notes right, this pair of sandals from catwalk is a closet essential that'll go with all your summer favourites. You can wear this to snazz up a simple look, but don't forget to style them with tonal accessories! Product Details Tapering toed sandal with     thong style straps with an embellishment at the apex of the straps Padded beige footbed with print Upper stitched to the outsole TPU outsole with arrow shaped patterns for traction Material and Care Synthetic Do not machine wash or store in direct sunlight Remove dust with a dry clean cloth",Catwalk Women Gold Flats,Heels
7962.jpg,"Composition Black round neck short sleeved t-shirt made of 100% cotton in a distressed look, has a softly ribbed neckline with fabric tape detailing on the inseam, brand tab appliquéd on the right sleeve and graphic print on the front with lettering, including brand name and logo Fitting Regular Wash care   Gentle machine wash in cool water  Do not bleach  Tumble dry at low temperature  Warm iron  Do not dry clean   puma comes with a bang and ups your style quotient by many a degree.  This t-shirt comes with a stamp of the original puma that was established in 1948. Pair it with chinos or jeans, depending on the occasion while the cotton fabric keeps you fresh and comfortable all day. Model statistics The model wears size M in t-shirts Height-6', Shoulders-18""",Puma Men's Graphic Black Red T-shirt,Tshirts
22867.jpg,"A vintage restyling of the classic sneaker, this shoe from woodland is a classic piece with a modern, sleek profile. Crafted with hand picked Italian leather, this two tone shoe is an off-duty fashion essential. Wear this with chinos or denims and a checked casual shirt or a tee. Style this with rugged belts. Upper Two tone, low-top suede upper with leather overlays Central lace ups Outsole reinforced onto the upper on the heel region with branding Padded tongue Padded insole for in-step comfort Midsole Rubber midsole for cushioned comfort Outsole Dual density TPU outsole with concentric circular grooves for grip and traction Suction point at the heel Shoe care Wipe surface with soft, clean, damp cloth to remove dust Do not store in direct sunlight",Woodland Men Brown Casual Shoes,Casual Shoes
28951.jpg,"Composition Fuchsia pink kurti made of 100% cotton, has a mandarin collar with a ruffle detail and a slit neckline, yoke on the chest with Hakuba detailing and pin-tucks, buttoned chest placket, three quarter sleeves with pin-tucks and ruffle detailing, Hakuba detailing at the back with a pleat and a vented hem Fit Regular Wash care Wash separately in cold water Do not bleach Dry in shade Warm iron; do not iron on decorations The neckline, yoke, cuffs and vents on this kurti from biba are decorated with beautiful pin-tucks, Hakuba and ruffle detail which makes this top stand out as unique. Wear this over leggings or over trousers depending on the occasion. Smart enough to wear to the office or to a formal party, dress this kurti up by wearing bold earrings and bangles. Model statistics The product is a size 36 on a model of height 5'8"" and chest 33""",BIBA OUTLET Women Fushsia Pink Kurti,Kurtis
1584.jpg,"1. Fabric containing elastane for easy movement 2. 95% cotton and 5% spandex 3. Extra soft feel  The ultra-comfy jacket is perfect for training exercises in an AC gym and in the heat as well. Its soft feel material makes it ideal for your gym bag and its lightness makes it perfect for travels too, convenient to carry, ideal for a day at school, college or work and for parties later! Model statistics The model wears size M in t-shirts Height-5.7"", Chest-33"", Waist-26""",Domyos Unisex Feather-light Jacket,Jackets
48603.jpg,Silver coloured earrings White enameled with multicolour CZ diamond insets Hooks,Lucera Women Silver Earrings,Earrings
18783.jpg,"Dressing the elite for years, peter england has crafted some of the classiest ties that are made from the finest quality silk and individually handmade by expert craftsmen weavers in a range of beautiful colours and designs that rise your level of sophistication with ease. Wear it over well-fitting dress shirts in muted shades and crisp formals. Length : 147 cm Made of microfibre for luxurious feel and light sheen Has a flower and dotted design in purple One loop with brand badge on the inner of the broad tongue to hold the narrow tongue in place Tie care Dry clean only",Peter England Men Elite Blue Tie,Ties
2865.jpg,"Composition: This T shirt has 100% cotton Wash Care: 1.Light machine wash 2.Do not bleach 3.Warm iron on reverse 4.Do not dry clean 5.Dry flat/reverse 6.Do not scrub Fitting: Comfort Fit Love the game cricket and this tee! a very subtle colored t-shirt with just a perfect kind of graphics on it which keeps it simple yet attractive. Model's Statistics: 1. The model wears size M in t-shirts 2. Height-6', Shoulders-19""",Inkfruit Men's Men in Blue White T-shirt,Tshirts
53809.jpg,"White and black tunic with polka dots, lining underneath, has a round neckline, three quarter raglan sleeves and a panel with ruffles below the waist, ruffles and elasticated gathers at the neck line and cuffs",Ayaany Women White Tunic,Tunics
53772.jpg,"Blue pique knit polo T-shirt, has a ribbed, spread collar, short buttoned placket, short sleeves, brand logo embroidered at chest, brand patch at hem",Puma Men Blue T-shirt,Tshirts
5574.jpg,"Lightweight and comfortable, the nike tennis Classic men's shoe is designed for the winner. With a neat, low profile design, this shoe is makes for a great indoor court game, or simply team it with jeans and t-shirts for a cool, casual look. Upper   Synthetic leather upper with stitched detailing for durability, comfort, water-proofing and style  Synthetic wrap around swoosh branding overlay and an extra overlay at the heel for extra midfoot and backfoot support  Lace-up system for snug Fit  Cotton twill laces for durability  CUshioned tongue and sockliner for in-step comfort and snug fit   Midsole   Phylon midsole for lightweight comfort and impact protection  Padded and perforated footbed for fresh and dry comfort   Outsole   Durable rubber outsole with herringbone pattern for maximum grip and traction   Shoe care Wipe surface with damp, clean cloth to remove dust Do not machine wash Do not store in direct sunlight",Nike Men's Tennis Classic White Black Shoe,Sports Shoes
9378.jpg,"Composition Black football cap made of 100% cotton, embroidered eyelets on the crown, team logo embroidered on the front crown, nike Swoosh embroidered on side, and Velcro fastener at the back Fitting Comfort Wash care Hand wash in warm water at 40 degrees Do not wring, bleach, iron or dry clean Line dry A true soccer fan that you are, you must have a favourite team...and if Brazil is your choice, this black soccer cap from nike belongs in your collection! Wear this cap as you cheer for the land of Kaka, Ronaldo and Ronaldinho, or when you're scoring on the field yourself! Looks great and offers protection from the sun as well. Team it with your casual clothes to look sporty.",Nike Unisex Cbf Core Black Caps,Caps
47205.jpg,"Style Note Cast a timeless impression with this pair of franco leone shoes. Give your formal wear a twist of style or your semi formal wear a trend lift with this leather shoe and revel in the comfort of easy fashion.  Product Details Slightly pointy toed black shoes with lace up fastening, stitched detail and a stacked heel Leather upper with reinforced overlay at the heel collar Soft padded footbed Upper adhered to the outsole TPU outsole which is textured   Material and Care Leather Wipe surface with a dry, clean cloth to remove dust and dirt Use a branded leather conditioner to maintain shoe shine",Franco Leone Men Brown Formal Shoes,Formal Shoes
21969.jpg,"Specialising in fashionable style, and crafted by skilled Indian craftsmen, murcia bags use the finest materials and hardware in their products. This stylishly silhouetted bag embodies the essence of the modern Indian woman - unapologetically fashionable. This bag with its textured leatherette upper and elegant bronzed hardware adds a stylish spin to your off-duty ensembles. Carry this while wearing dressed down outfits and a tonal belt.  Textured leatherette upper with a metallic brand badge on the front and contrast stitch detailing Two handles with rivet detailing Two main zippered compartments with a zippered pocket on the second compartment Zippered pocket on the back A bronze buckle on the front for style  Bag care Wipe surface with a dry, clean cloth to remove dust",Murcia Women Stylish Light Green Handbag,Handbags
44610.jpg,"Style Note The salomon Quest 4D GTX boots is a heavy duty hiking shoe that performs well if you're a light/fast to medium hiker. The brand considered its trail-running shoe and used the design for a backpacking boot. A pair for the pros, this shoe provides great arch support and is roomy around the toes (unlike most hiking boots) The USP of this boot is its 4D Advanced Chassis that controls flex, reduces ankle strain, enhances stability and protects feet from rough terrain. The secure heel cupping enhances the stability of the boot and the lateral ankle support renders this pair great for climbing or descending. The shoe exhibits good traction on rocks, sand, landscapes with tree roots and grass  furthermore, the sturdy rubber capping protects the toe against accidental stubbing while in the wild. Bottom line - this is a lightweight boot with excellent stability and support without the typical unwieldiness of hiking shoes. Weighing 649.2 grams, this is great for urban wear as well. Product Details Nylon textile and split suede upper with a high top, has a rubber toe cap and heel guard Heel sling at the heel collar to prevent abrasion High collar that steeps low at the ankle rear with ample padding Padded tongue with a lace-lock, central nylon lace-ups with plastic eyelets and metal hooks Polyester lining to wick sweat away with mesh lining for the collar and tongue upper Waterproof GORE-TEX Extended Comfort membrane at the bootie lines for a dry and comfy feel Removable Ortholite footbed engineered with anti-microbial treatment and is partially made of recycled tire and a molded EVA midsole The 4D Advanced Chassis is made of thermoplastic urethane 4D stands for the four layers - the foam insole, the midsole support plate, a cushioning pad in the sole and the outsole Contagrip outsole made of high wear abrasion resistant rubber which has an ascending lug pattern at the forefoot and braking pattern at the heel region Material and Care Leather, textile Clean with a leather brush Do not store under sunlight or wash",Salomon Men Black Quest Sports Shoes,Sports Shoes
42147.jpg,"Style Note This vintage style nike Sweet Classic Leather shoe is a perfect fusion of street fashion and tennis glam. Designed for the tennis lover, these shoes blend function and fashion effortlessly, to make you look fabulous on and off the court.  Product Details White leather shoe with central lace-ups, overlays, nike swoosh and stitched detailing Padded tongue and inner Tough rubber midsole Durable rubber outsole with herringbone grooves  Material and Care Leather Wipe surface with a clean, damp cloth Do not store in direct sunlight",Nike Unisex Sweet Classic Leather White Casual Shoes,Casual Shoes
15948.jpg,"With a diagonal striped design in broad and narrow lines in glossy burgundy and black, this tie from turtle is a perfect match for a variety of dress shirts - from classic whites to black and grey. Also, every time you purchase a Turtle product, part of the proceeds go towards protecting and conserving turtles as part of the Save Turtle project created in collaboration with WWF and Wildlife Society of Orissa. Length : 146 cm Made of 100% microfibre for durability and easy use Has broad and narrow diagonal stripes in glossy burgundy and black One loop with on the inner of the broad tongue to hold the narrow tongue in place Woven brand logo on the inner side of the broad tongue Tie care only dry clean",Turtle Men Stripes Burgundy Ties,Ties
15885.jpg,-,Warner Bros Kids Unisex TJ Chase Casual Navy Blue Casual Shoes,Casual Shoes
43014.jpg,"Style Note Some men demand a little more from their undergarments  those men choose calvin klein Underwear. CK briefs go beyond basics - they're a style statement crafted by experienced experts to make you feel sexy, fashionable, and comfortable. Product Details Grey hip brief, has a soft elasticated waistband with branding on it, tagless for comfort, body defining Fit and contour pouch Material and Care 100% cotton Machine wash cold Do not bleach or iron Tumble dry low",Calvin Klein Men Grey Brief,Briefs
11100.jpg,"Composition Purple full sleeves shirt with green and white stripes, made of 100% cotton, has a patch pocket on the left chest and a full length buttoned placket   Fitting Regular  Wash care  Machine/hand wash in cold water at 30 C with mild detergent Wash dark colours separately Do not bleach Tumble dry low Dry in shade Warm iron  Formal clothes don't have to be boring! Make your weekdays fun by wearing this formal striped shirt from indigo nation. This vibrantly coloured shirt guarantees appreciative glances, while the cotton fabric gives utmost comfort all day long. Pair it with well-fitting formal trousers and a pair of leather shoes to take the office by storm!   Model statistics  The model wears size 40 in shirts Height-6', Shoulders-18""",Indigo Nation Men Stripes Purple Shirts,Shirts
12929.jpg,"Composition Blue and black narrow striped polo T-shirt, made of 100% cotton, has a buttoned chest placket, felt tape detailing on the inseam of the neckline, short sleeves, brand detail embroidered on the left chest, and a vented hem Fitting Slim Wash care Machine wash using a mild detergent Avoid bleaching, beating, twisting or even a tumble dry Wash dark colours separately Line dry in shade on the reverse side Reshape garment in wet condition to its original form Look cool and sophisticated in this striped polo neck T-shirt from classic polo. The stripes add an interesting detail to the tee, while the cotton adds oodles of comfort to it. Team this with jeans or chinos and comfortable-yet-stylish lifestyle footwear from the wide collection available at myntra for casual occasions. Model statistics The model wears size M in t-shirts Height-5.11"", Shoulders-18.5""",Classic Polo Men Narrow Stripes Blue Tshirts,Tshirts
37984.jpg,"Style Note Comfortable, casual dressing at it's best, this T-shirt from Classic Pologuarantees effortless style whatever the occasion, while the cotton fabric offers exemplary comfort. Pair it with jeansor chinos and casual shoes. Product Details White and black polo T-shirt, has a ribbed collar, a two-buttoned chest placket, short sleeves with ribbed cuffs, embroidered brand logo across the chest, and a vented hem Material and Care 100% cotton Machine wash with similar colours at 40 degrees using a mild detergent Do not bleach Tumble dry low Dry in shade Warm iron do not iron on decorations Size and Fit Slim fit The model (height 6' and shoulders 18"") is wearing a size M",Classic Polo Men Black & White T-Shirt,Tshirts
33938.jpg,"Style Note With this Climalite enabled performance T-shirt, you can conveniently ignore the heat and keep your focus right where it needs to be: on the finish line. A combination of performance fabrics keeps cool air flowing in and heat and sweat flowing out, meaning you can stay dry and comfortable, performing at your peak in even the most heated competition. On a day off, pair it with denims and cool sneakers to look your casual best. Product Details White polo T-shirt that has short sleeves, short buttoned placket, branding on the left sleeve, graphic print on the front and back and a vented hem Material and Care 100% polyester Machine wash cold with like colours using a mild detergent Do not bleach Tumble dry low Cool iron do not iron on decorations Size and Fit Relaxed fit The model (height 6' and shoulders 18"") is wearing a size M",ADIDAS Men Clima White T-shirt,Tshirts
59295.jpg,"Black and white checked shirt with spread collar, full buttoned placket, patch pocket on the left chest, box pleat on the back, branding on the left pocket, long sleeves with buttoned cuffs and curved hem",U.S. Polo Assn. Men Black Shirt,Shirts
3397.jpg,"Composition Pure leatherette shoulder bag in green with broad and soft shoulder straps, side straps, three separate chambers and dedicated zipper This stylish bag is for the woman with a strong sense of style. Apt for a visit to the club, a party with friends, casual date or simply on a chilled-out shopping spree, this fashionable shoulder bag is oh-so-perfect for all ages and dresses ! Stack all your essentials into it comfortably. With its superior finished look, it&rsquo s definitely a head turner. Bag care Rub surface with dry clean cloth to remove dust and dirt Use a mild leather cleaner",Murcia Women Green Handbag,Handbags
5369.jpg,boys. Ideal for OCCASIONAL tennis on all courts,Artengo 452c Boy Kd White,Sports Shoes
56190.jpg,"With Vitamin E and anti-aging properties, time plus compact powder soothes and nourishes the skin",Colorbar Time Plus Honey Compact Powder 006,Compact
49844.jpg, Style Note,Q&Q Men Gents ANALOG Black Watches,Watches
51672.jpg,"Lens colour: Brown shaded Frame colour: Silver and maroon Frame type: Metal, aviator style Branding at the sides  soft nose-pads The glasses come in a case",Louis Philippe Men Maroon Sunglasses,Sunglasses
33126.jpg,"This updated closet essential tops our wish-list this season! For the that new slinky dress you just bought or to dress up an office ensemble, this is the go-to shoe. Stylish yet not over-the-top, this modestly heeled shoe is perfect to make the right impression.   heels: 3.5""   Upper Satiny fabric glued over synthetic A heel cup for cushioned comfort Lightly padded footbed Criss crossing straps across the ankle   Outsole TPU outsole with heel Textured design on the heel for added comfort   Shoe Care Wipe surface with soft, clean cloth to remove dust Do not machine wash or use a drier Do not store in direct sunlight",Catwalk Women Gold Stilettos,Heels
59606.jpg,"Onion pink sari with applique, embroidery and patterning and silver borders",FNF Pink Collection for Wedding Wear Sari,Sarees
50945.jpg,"Style Note One of the world's largest denim-wear Brands lee definitely knows how to craft their denims. This Summer the brand presents a range of denim jeans that you will want to live in. Its blended fabric composition ensures a super-stretchy feel that is guaranteed to not stretch -out over time. tops, t-shirts, tunics ..... Whatever you pair it, a lot of complements will definitely come your way. Product Details Dark blue denim jeans, slight whiskering, two scoop pockets in front with insert coin pocket on the right, printed branding on the left side, yoke and two patch pockets at the back with arquette print, waistband with loops, zippered fly with button, PU patch with branding on waistband at the back Material and Care Cotton blend Machine wash cold Warm iron Size and Fit Extra low rise, slim and super skinny fit The model( height 5'8""and waist 28"") is wearing a size 28",Lee Womens Blue Maxi Fit Jeans,Jeans
53873.jpg,"Mesh upper with synthetic overlays, has synthetic twill tape laces Formstripe on the side Comfort insole with mesh tongue to ensure a snug, comfortable Fit Textile lining for added comfort Lightweight rubber midsole Outsole reinforced onto the toe to act as a toe guard Made of high traction rubber and has a scooped midfoot Multidirectional lugs, suction points and flex grooves on the outsole",Puma Men White Aquil Ind Sports Shoes,Sports Shoes
14438.jpg,"Revel in the comfort of pure leather and look stylish in ease with this pair of slippers from enroute. Pamper your feet with the stylish flower embellishment and enhance your style quotient by pairing it with any kind of casual and ethnic clothing . This pair comes with a shoe bag to help you carry it around in ease. Upper Leather T-straps with a toe separator, stitch to the midfoot sides and has a flowerlet on the centre Movable strap on the backfoot with a buckle to customise the Fit Leather footbed with cushioning under the heel and perforations on the forefoot to ensure sweat-free comfort Outsole Durable rubber outsole textured on the forefoot and heel for absolute grip and traction Sandal care Wipe the leather surface with a dry, clean cloth to remove dust and dirt Do not store in direct sunlight",Enroute Women Casual Yellow Heels,Heels
28436.jpg,"Case style:nbsp;Analoguenbsp;watch with a circularnbsp;case and stainless steel back,nbsp;a fixed bezel with embellishements Dial style: Silver-toned dial with hands and markings Features: Screw and two buttons to reset time, alarm and timer, three chronograph displays, date aperture Strap style: Blacknbsp;bracelet-style strapnbsp;secured with anbsp;butterflynbsp;clasp Water-resistant up to 50 m Warranty: 2 years Warranty provided by Brand Owner / Manufacturer",DKNY Women Silver-Toned Chronograph Watch NY8099,Watches
15313.jpg,"Round toed sports shoes with central lace fastening Heavily meshed upper for enhanced breathablity and lightweight comfort with synthetic leather overlays and adidas patented 3-Stripes on the sides for enhanced shoe structure Reinforced overlay at the heel collar with branding at the back Meshed and padded tongue and collar, padded sock liner for all-day comfort and shock absorption Rubber midsole, upraised at the heel with adiPRENE inserts for absolute impact protection adiWEAR TPR outsole with grooves at the periphery, scooped at the heel, arched at the midfoot and impact guidance lines for shock absorption",ADIDAS Men Aerostar White Sports Shoes,Sports Shoes
26324.jpg,"Grey tracksuit Grey knitted jacket, has a mock collar with a full zip closure, long sleeves, a split kangaroo pocket Grey knitted? mid-rise track pants, has two pockets, an elasticated waistband",Proline Men Grey Tracksuit,Tracksuits
8214.jpg,"EXPERIENCE THE JOY OF FRESH RUNS An absolutely dynamic running shoe, the nike Lunarswift+ offers seamless comfort, distance-busting cushioning and runner specific support. Offering soft cushioning and support with every stride, the nike Lunarswift+ features a LunarLite cushioning system that ensures a springy effect for the feet. The Nike Lunarswift+ range of shoes a low profile midsole that ensures a firmer feel to the underfoot. It’s a highly recommended shoe for underpronators and overpronators with ample cushioning and stability provided in the medial and lateral side of the shoe. Breezy touch to snug shoes With a stitchless upper, Nike Lunarswift+ shoes reduce irritation to the feet and enhance the comfort factor. The upper of these shoes are constructed using lightweight synthetic mesh and synthetic overlays ensuring ample ventilation for the feet, keeping them dry and comfortable even during long runs. To test the breathability aspect, wear really thin socks and move around in the Nike Lunarswift+ and feel the breeze moving in and out. Added to this is a robust heel counter that provides an absolutely snug and secure Fit to the rearfoot. Adapts to the runner's needs Light in weight and weighing just about 306 grams, this range of shoes are employed with Lunarlon cushioning system in the midsole that is made up of a soft, resilient foam core. This is encased in a supportive foam carrier ensuring a lightweight blend of plush cushioning and springy response. This support platform is dynamic enough to respond to the runner’s changing needs. It adopts to the wearer’s stride through each run giving the right amount of support and stability. No wonder overpronators prefer the Nike Lunarswift+ as the wedged carrier foam in the Lunarlon system limits excessive pronation, without adding weight or stiffness of a traditional medial post. When it comes to neutral pronators, this pronation control feature is not activated. For such runners, the dynamic support platform enhances cushioning, converting this same shoe into a neutral running shoe. Stay safe in the dark The outsole of the Nike Lunarswift+ has flex grooves along its length and breadth ensuring flexibility in every stride. Constructed with an outsole using environmentally preferred rubber and a waffle pattern outsole, the shoe is absolutely high on traction and durability. Added to these features are the reflective elements used in the shoe to ensure that you are visible even when running in low visibility conditions, keeping you safe. Belonging to the Nike+ range, the Nike Lunarswift+ is compatible with all Nike+ products and actually talks to your iPod nano and other compatible gauging devices. So enjoy those long runs through all seasons in this pleasurable range of Nike Lunarswift+ shoes. Upper   Open mesh upper made of synthetic leather for ample breathability  Microfiber synthetic overlays in the forefoot and rearfoot for snug fit  Heel counter moulded onto the shoe and wrapped around rearfoot for stability of the heel  Moulded sockliner anatomically placed for underfoot cushioning and ergonomical comfort  Midsole  LunarLite technology employed with foam core bonded to a phylon carrier for enhanced cushioning and increased energy return  Dynamic support layers along the foam core to produce a denser medial midsole to reduce overpronation  Cuboid pod in lower lateral side of midfoot   Outsole   BRS 1000 carbon rubber on the heel counter for added durability  EPR forefoot for multi-surface traction  Waffle outsole design on forefoot for multi-surface traction and cushioning  Shoe care  Wipe surface with damp, clean cloth to remove dust  Do not machine wash  Do not store in direct sunlight ",Nike Men's Lunarswift 2 Black Blue Shoe,Sports Shoes
39172.jpg,"Black printed kurta, is sleeveless, has a V-neckline, patterning and stitched detailing along the neckline and a vented hem",Aneri Women Grey & Black Printed Kurta,Kurtas
15825.jpg,"Composition Red rib knit sleeveless vest made of 100% premium cotton, has a square neckline, wide arm holes, thin shoulder straps, no itchy label and distressed look graphic on the front Fitting Comfort Wash care Machine wash warm at 40 degrees with like colours Do not bleach Tumble dry low Dry cleanable Lightweight with a squared neck, this facit ribbed vest is crafted using pure cotton that allows the fabric to contour to your silhouette and help you stretch in ease. The narrow squared neck and wide armholes accentuate your shoulders and chest muscles. The vest comes with a printed brand label on the inner neck that provides abrasion-free comfort. The distressed look print on the front adds to rugged styling. Team this with tracks. Model statistics Product is a size M on a model of height 6' and shoulders 18""",Facit Men Sportz Red Innerwear Vest,Innerwear Vests
55025.jpg,"Lakme Absolute Matte lipstick, luxurious rich colour enriched with Vitamin E and wheat germ oil for a non-drying creamy yet matte finish",Lakme Absolute Matte Pink Romance Lipstick 206,Lipstick
29935.jpg,"Case style: Digital watch with a circular case and a stainless steel back Features: Stop watch, date and day displays, four screws to reset the features Strap style: White leathernbsp;strap secured with a tang clasp Water-resistant up to 30 m Comes in a signature Police case Warranty: 2 years Warranty provided by Brand Owner / Manufacturer",Police Men White Digital Watch PL12898JS-02A,Watches
31732.jpg,"Composition Brown check blazer made of 98% cotton and 2% Lycra, has 100% polyester lining, long sleeves with decorative four button cuffs, shoulder pads, a notched lapel, single breasted two button front , pocket on the left chest, two flap pockets on either side of the waist, two buttonable welt pockets in the inner lining, and a vent at the centre back hem   Fit Reid and Taylor's Contemporary Fit   Wash care  Dry clean only  This blazer from Reid and Taylor is the perfect piece when you need a versatile top layer to polish up casual outfits or give a friendly air to your formals. It's a unique mix of a formal blazer with contemporary styling – crossing that tricky line between smart and relaxed. Pair it with jeans and suede shoes, or wear unbuttoned with a monochrome shirt, chinos and ankle boots for a subtle touch of class.   Model statistics  The product is a size 40 on a model of height 6' and shoulders 18”",Reid & Taylor Men Brown Blazer,Blazers
15685.jpg,"Composition Khaki trousers made of 100% cotton, has a flat front, two pockets at the waist, two pockets at the back with button closures, looped waist, and a button and zipper closure on the front  Fitting Regular  Wash care Machine wash at 40 degrees Wash dark colours separately Do not bleach Tumble dry on normal or line dry Warm iron  Designed for the man of style and crafted from soft cotton fabric, this chino from highlander's Classic collection offers a great Fit and flattering silhouette, which is sure to make it a wardrobe favourite. Pair it with semi-formal shirts and suede shoes.  Model statistics The model wears size M in shirts Height: 6', Shoulders: 18""",Highlander Men Classic Chinos Khaki Trousers,Trousers
23221.jpg,"Wash care Machine wash separately using mild detergent Do not dry clean, do not bleach Drip dry Warm iron",Aneri Women Maroon Embroidery Kurta,Kurtas
34057.jpg,"Composition Blue denim three quarter length trousers made of 100% cotton, has belt loops at the waistband and an elasticated back, a hook and zipper closure, two insert pockets on the sides, two patch pockets on the back with embroidered detailing and brand name embroidered on the left leg  Fit Regular  Wash care Machine wash separately in cold water using a mild detergent Do not bleach or soak Line dry inside out in shade Warm iron only Do not iron directly on print/embroidery  boys will love these three quarter length trousers from palm tree. The elasticated waistband gives a great fit, while the cotton fabric keeps him feeling fresh and comfortable all day. Team them with tees and comfy footwear for a stylish, casual look.",Gini and Jony Boys Washed Blue 3/4 Length Pants,Capris
14997.jpg,"Composition Navy blue hooded pullover made of 80% acrylic and 20% wool, has long raglan sleeves, ribbed cuffs and hem, adidas patented 3-Stripes from the shoulders to the cuffs, and brand badge on the left chest Fitting Comfort Wash care Wash below 40 degrees separately Do not dry clean Do not soak, bleach or tumble dry Dry in shade Warm iron; do not iron on decoartions Enjoy the winter in comfort in this acrowool hooded pullover from adidas. Wear it over t-shirts and jeans, pair it with sneakers, sling on a jacket and enjoy the winter in style. Model statistics The model wears size M in pullovers Height: 6'1', Shoulders: 18.5""",ADIDAS Men Solid Navy Blue Sweaters,Sweaters
57909.jpg,Pack of three pairs of black socks Low cut half cushion Ankle length with stay up top Smooth toe seam Branding at base,Fruit of the Loom Women Black Pack of Three Socks,Socks
23239.jpg,"Composition Magenta printed kurta made of 100% cotton, has a mandarin collar with a short placket, woven tape detailing on the yoke, short sleeves and a vented hem Fit Regular Wash care Hand wash separately in cold water using a mild detergent as colour may bleed Flat dry inside out in shade Warm iron The inspiration for this kurta from aneri is the retro-esque fusion of the uniquely ethnic with smart workwear. The modern Indian working woman has come into her own, as has her wardrobe. This piece epitomises how fashion, vintage styling and comfort unite to create the perfect Indian tunic. For those who want to keep their look classic and chic, pair this with tonal leggings and embellished sandals. Model statistics The product is a size M on a model of height 5'8"" and chest 33""",Aneri Women Diksha Magenta Kurta,Kurtas
24523.jpg,"Composition Blue printed round neck kurta made of blended cotton fabric, has a split neckline, three quarter sleeves, mirror and thread work on the yoke and a vented hem  Fit Regular  Wash care Hand wash separately in cold water using a mild detergent as colour may bleed Flat dry inside out in shade Warm iron  The inspiration for this kurta from mother earth is the retro-esque fusion of ethnic apparel and smart workwear. This piece epitomizes how fashion, vintage styling and comfort unite to create the perfect Indian tunic. Mother Earth uses hand processed fabrics including natural and Azo free dyes. Woven with slub yarns for an authentic vintage feel. Those interested in colourblocking can wear this with bright contrasting capris or pants. Others, who want to keep their look classic and chic, can pair this with jeggings and embellished slippers.  Model statistics The product is a size S on a model of height 5'8"" and chest 33""",Mother Earth Women Blue Printed Kurta,Kurtas
42031.jpg,"Style Note The adidas Response Cushion 20, a running shoe, features a Torsion system in the midsole for enhanced stability and adiPrene cushioning. A high tech running machine hidden under a simple design, the durability of the Adidas Response Cushion 20 is driven by the trademark AdiWear system in the outsole. Product Details Blue and white shoe with mesh upper, central lace-ups, synthetic leather overlays, reinforced overlay over the heel cup, over toe box and midfoot region Meshed and padded inner and tongue Rubber midsole with adiPrene cushioning at the midfoot area Raised heel, decoupled heel, impact lines to distribute shock, suction points all over the heel in blown leather and outsole reinforced to the upper Material and Care Synthetic Wipe surface with damp, clean cloth to remove dirt Do not machine wash or store in direct sunlight",ADIDAS Men Blue Response Sports Shoes,Sports Shoes
6185.jpg,"Composition Grey round neck t-shirt made of 100% cotton, with a ribbed neckline and in-seam, half sleeves with brand embroidery on left sleeve and graphic camoflauge print on the front Fitting Comfort Wash care   Machine wash in cold water inside out  Wash dark colours separately  Use mild detergent  Do not bleach or wring  Tumble dry or flat dry inside out in shade  Warm iron  Do not iron on print/embellishments   From dust to the stars, Henry David lee has made his garment company lee grow to magnanimous heights, which is still a favoured brand even after more than a century. The camouflage print with screen print lettering on the front adds to this tee a rugged ranch feel. Team this cotton t-shirt from Lee with jeans and sports shoes or sandals for that cool, casual look. Model statistics The model wears size M in t-shirts Height-6.2'', Shoulders-16""",Lee Men's Hentry Smoke Grey T-shirt,Tshirts
39790.jpg,"Style Note For the man who combines style and comfort, this shirt from the peter england collection is a must buy. Crafted from soft cotton fabric, this shirt offers exemplary comfort and is sure to become a wardrobe favourite. Pair it with denims and boots, thrown on a biker jacket and conquer the world in style.   Product Details Blue striped shirt, has a spread collar, long sleeves with buttoned cuffs, full buttoned placket, a patch pocket on the left chest and a curved hem   Material and Care Blended fabric Wash separately using a mild detergent Do not bleach Drip dry Warm iron   Size and Fit Regular Fit The model (height 6' and shoulder 18”) is wearing a size 40",Peter England Men Blue Formal Shirt,Shirts
51530.jpg,Case style: Analog watch with a rectangular case and a stainless steel backnbsp; Dial style: Silver-toned dial Features: Screw to reset time Strap style: Steel-toned strap with a butterfly clasp Water resistant upto 30 m Warranty: 1 year against manufacturing defects Warranty provided by Brand Owner / Manufacturer,Fastrack Women Silver-Toned Dial Watch NA2404sm01,Watches
35432.jpg,"Composition Pink dotted strappy dress made of 100% cotton, has elastication at the chest, elastication at the back, velvety plush toy adornment on the neckline, flaring skirt and branding above the hem  Fit Regular  Wash care Machine wash in cold water with like colours in a gentle cycle Do not bleach or wring Tumble dry low or lay flat to dry Medium heat steam iron  do not iron on decorations Do not dry in sunlight  Catching butterflies in summer - that's what this frock from doodle is perfect for! Crafted with pure absorbent cotton (for her comfort), pretty tier details and the plush toy decoration at the neck, this piece is perfect for a spring fete or an evening stroll in the park.",Doodle Girls Printed Pink Dress,Dresses
49785.jpg,"Style Note We love this cute pyjama set from little miss intimates which has a girly vibe and keeps you feeling young. Bright colours with cartoon prints, immensely comfortable and super soft fabric makes this just what you want to go to to sleep in or spend a day lounging at home. Product Details Black spaghetti top, has a round neckline, multicoloured printed binding around the arm holes, neckline and straps, multicoloured graphic print on the chest in, contrast pink stitched detail at the hem. Multi-coloured printed shorts with elasticated waist and tag-less comfort Material and Care 100% cotton Machine wash warm Do not bleach or tumble dry or iron on print",Little Miss Intimates Black Pyjama Set,Night suits
17025.jpg,"If you expect your footwear to be extremely comfortable coupled with great looks, you've come to the right place!  These flip flops from gas pamper your feet all day long as you go about doing your daily chores with even greater enthusiasm. This close-to-barefoot footwear can be paired with just about any kind of casual wear for a fab look.  Upper  Synthetic upper for  maximum durability, comfort and style Thong straps to hold the foot in place Brand name on the footbed and strap  Midsole  Synthetic midsole with stitch detailing for enhanced durability and style  Outsole PU outsole with elevated horizontal grooves  for absolute grip and traction  shoe Care  Rub surface with clean, damp cloth to remove dust",Gas Men Beach Slipper,Flip Flops
8973.jpg,"These stylish Drift cat III CF shoes from puma that have a motorsport friendly design are great for urban wear. These shoes  are great for regular wear since their attractive low-profile design looks great when teamed with jeans and tees for a cool casual look.   Upper Synthetic leather uppers for durability and protection Velcro flap closure for snug Fit and easy insertion and removal of the feet Lightly padded collar and tongue for greater comfort Textile lining for extra comfort Brand name embossed on the tongue, stylized cat logo on the side and cat logo on the heel counter Formstripe on the lateral side  Midsole  Eco-friendly EcoOrtholite insole gives breathability, moisture control, anti-microbial properties, and long term cushioning Phylon midsole for greater lightweight comfort   Outsole Non-slip rubber outsole in a tyre tread pattern for greater traction Flex grooves for greater flexibility of the feet Sole extending to heel counter for greater protection of the heel   ",Puma Men Drift Cat III CF White Sports Shoes,Sports Shoes
28638.jpg,"Speed and endurance are the inspiration for the nike Dart 9 Leather men's running shoe, with premium craftsmanship in a supportive, durable Fit. The nike Dart 9 has great durability, cushioning, support and amazing grip to keep you and your feet happy when running. The breathable mesh upper combined with a midfoot overlay gives you a great fit and a comfortable ride.   Upper  Leather upper with strategically placed overlays and stitch detailing for good shoe structure Nike swoosh on the lateral side of the midfoot Perforations all over for breathability Reinforced overlays on the toe box and heel collar for abrasion free comfort Central lacing system Padded tongue with branding Padded mesh lining inner for optimal comfort Removable sockliner to accommodate an orthotic   Midsole  Phylon midsole with natural motion engineering for an optimal ride   Outsole  TPU outsole with waffle patterned lugs and a decoupled heel Impact line along the outsole to minimize shock  Shoe care  Wipe surface with damp, clean cloth to remove dust Do not machine wash or store in direct sunlight",Nike Men Dart 9 Leather White Sports Shoes,Sports Shoes
47111.jpg,"Round toed, blue clogs with white accents and slip-on styling Synthetic upper with spider-man badge, printed patterns and cut-out detail, has an adjustable backstrap for keeping the foot in place Textured and padded footbed with branding Durable rubber outsole with patterned grooves for grip",Marvel Boys Blue Spiderman Clogs,Sandals
28347.jpg,"Lens colour: Graduated grey Lens type: Polarized lens for glare reduction Frame colour: Black Frame type: Recatangular, full thin frame with plastic arms High bridge and ergonomically shaped nose pads for comfort The glasses come in a signature IDEE case Warranty: 1 year",IDEE Men Black Sunglasses,Free Gifts
25061.jpg,"Specially woven on a Jacquard loom for vintage sophistication, this tie and pocket square set with cufflinks from Linos Perros is a great gift option or a delicious self-indulgence. The cosomopolitan man's formal wardrobe is not complete without colour options in ties, cufflinks and pocket kerchiefs.  Tie Length : 150 cm Made of silky loom-woven fabric Blue and orange stripes on a velvetty purple dotted tie Loop on the tie inner to keep the tongue in place  Cufflinks Width : 1 cm Stone encrusted round cufflinks Hinged back to hold the cuff link in place  Handkerchief Square handkerchief with a 30 cm width Made of loom-woven fabric with a matching pattern  Accessory Set care Dry clean only",Lino Perros Men Formal Purple Accessory Gift Set,Accessory Gift Set
21956.jpg,"Specialising in fashionable style, and crafted by skilled Indian craftsmen, murcia bags use the finest materials and hardware in their products. This stylishly silhouetted bag embodies the essence of the modern Indian woman - unapologetically fashionable. This bag with its textured leatherette upper and elegant silver hardware adds a stylish spin to your off-duty ensembles. Carry this with understated outfits and a tonal belt.  Textured leatherette upper with a metallic brand badge on the front Buckle and rivet detailing on the sides Rivet and buckle on the front, below the handles Two handles Two main zippered compartments with a zippered pocket on the second compartment and a mobile pouch in the first Zippered pocket on the back  Bag care Wipe surface with a dry, clean cloth to remove dust",Murcia Women Casual Brown Handbag,Handbags
42659.jpg,"Style Note Pared down to the basics, this kurta from alma is just right for a layered boho chic or a simple off-to-college vibe. Add a splash of colourful jewellery for an interesting dimension. The simple silhouette and the minimal design details will balance the brighter accessories. Product Details Green printed kurta, has a wide round neck, short sleeves, pintucks at the chest and split sides Material and Care 100% cotton Machine wash Wash dark colours separately Dry in shade Warm iron Size and Fit Regular fit The model (height 5'8"" and chest 33"") is wearing a size M",Alma Women Green Kurta,Kurtas
33971.jpg,"Composition Navy blue shirt made of blended fabric, has a mandarin collar with a slit neckline, half buttoned placket, long sleeves with mid button tabs and buttoned cuffs and a vented hem Fit Regular Wash care Wash dark colours separately Dry inside out Do not bleach Do not wring Use warm iron Capture the fun of a new season in fashion with this stylish shirt from femella. The blended fabric will keep you fresh and comfortable all day long. Pair it with jeans and sandals for that perfect girly look. Model statistics Product is a size M on a model of height 5'8"" and chest 33""",Femella Women Navy Blue Top,Tops
37735.jpg,"Style note This john players shirt gets a sartorial stamp of approval, with it's refined collar, silhouetted tailoring and it's fine, luxe fabric. Make the right impression with this shirt - be it on lazy weekends or during after-hours dinner. The best bet for semi-formal Fridays, wear this with fitted denims and ankle boots!   Product Details Blue checked shirt made of cotton fabric, has a spread collar, long sleeves with buttoned cuffs, full buttoned placket, a patch pocket on the left chest, brand embroidered on the left chest pocket and a curved hem   Material and Care 100% cotton Dry clean or machine wash with like colours only Use a non-chlorine bleach if needed Line dry inside-out in shade Warm iron   Size and Fit Trim Fit The model (height 6' and shoulders 18"") is wearing a size 40",John Players Men Blue Check Shirt,Shirts
46935.jpg,York EXZOTYK Pour Homme eau de toilette Enriched with notes of musk and burt Comes in a glass bottle,York Men EXZOTYK Pour Homme Eau De Toilette,Perfume and Body Mist
32837.jpg,"grendha's high quality sandals capture the sultry summer's essence, the fuss-free design and flirty adornments give a street-chic vibe. Showcase these flats with cropped pants and a pastel hued fitted shirt. Upper Thong style straps with a bow and flower detail for style Smooth footbed with printed branding Outsole Short, stacked heel Grooves all over Sandal care Wipe with a clean dry cloth to remove dust",Grendha Women Flori Grey Sandals,Heels
47317.jpg,"Style Note A sequined brown bag from baggit with metallic chain which is guaranteed to spruce up a simple ethnic outfit and add jazz to a western outfit. This bag can be carried as a sling bag or the chain can be hidden inside the main compartment and the bag can be carried as a wrist bag as well. Product Details Brown sling bag One long metallic chain strap Flap with beaded, metallic and sequined detail and a concealed magnetic button One main compartment with a drawstring closure that can be adjusted from both sides Two open pockets on one side and one zippered internal pocket with on the other side inside the main compartment Material and Care Velvety blended fabric and synthetic Wipe with a clean dry cloth when required Size Height: 15 cm Width: 19 cm Depth: 10 cm",Baggit Women Brown Bag,Handbags
8702.jpg,"High on style, this pair of distortion free women&     rsquo s sunglasses from fastrack comes in a styled frame. An eclectic mixture of fashion and substance, its shape provides that perfect Fit over the root of your nose. The glasses come with a sturdy case and a puck which doubles as a storage and wiping cloth for the accessory.  Pilkington UV 415 tinted glass lens for 100% UV 400 protection Stylised plastic frame in a square design for absolute comfort and durability Square brown tinted lens for absolute style and protection from elements Flexible hinges for durability Fixed nose holder with a thick nose bridge which is part of the frame to hold the glasses in place, ensuring there is no friction with the skin   Care  Remove dust and grime by gently wiping the lens with the cloth provided Remove oil or tough stains with the help of a lens cleaner Do not use your fingers on such stains Do not place glasses on uneven surface or heated areas like the dashboard of a car Warranty: 1 Year",Fastrack Women Basics Brown Sunglasses,Sunglasses
22379.jpg,"Composition White shirt with red and slim blue stripes, made of blended cotton, has full sleeves with double buttoned cuffs, medium spread slim collar, buttoned placket with pearlescent white buttons, patch pocket on the left chest with stitch detailing and a curved hem  Fit Slim  Wash care Machine wash separately using mild detergent Do not dry clean, do not bleach Drip dry Warm iron  Choose your favourites from the great range of mark taylor formal shirts available on myntra.  Impeccable construction, attention to detail and smart stripes place this shirt firmly ahead of the pack – wear with confidence tucked into formal trousers.  Model statistics The model wears a size M in shirts with height 6' and shoulders 18""",Mark Taylor Men Red & Blue Striped Pink Shirt,Shirts
25544.jpg,"Composition Blue round neck t-shirt made of 100% cotton, has short sleeves and graphic print on the chest  Fit Regular  Wash care only hand wash in cold water using a mild detergent Wash dark colours separately Do not bleach, wring or tumble dry Flat dry in shade Mild iron; do not iron on print/embellishment/embroidery  With a clean cut and a neat finish that offers a flattering silhouette, this T-shirt from wrangler offers a casual yet stylish vibe. The soft cotton fabric combined with the graphic print together make it a to-die-for buy. Pair it with jeans, shorts or a skirt and sporty footwear for absolute style.  Model statistics The product is a size M on a model of height 5'8"" and chest 33""",Wrangler Women Sunrise Navy Blue T-shirt,Tshirts
39835.jpg,"Style Note Gini & Jony's fun tee for girls, crafted from supersoft cotton, so comfy she'll never want to take it off. Conjured up from the whimsical elements of the spring, this simple tee is a summer must-have! Product Details Peachy orange sleeveless boat neck top, has print on the chest and an elasticated hem Material and Care 100% cotton Machine wash separately in cold water using a mild detergent Do not bleach or soak Line dry inside out in shade Warm iron only Do not iron directly on print/embroidery",Gini and Jony Girls Printed Peach Top,Tops
54713.jpg,"Kurta, salwar and dupatta set Cream-coloured printed kurta, has a round neck, mock buttoned placket in front, sleeveless, pink corded piping at neck and armhole, vented hem Pink salwar, has a drawstring fastening Pink dupatta with bead detailing at the edge",Shree Women Cream-Coloured & Pink Printed Salwar Suit with Dupatta,Kurta Sets
39814.jpg,"Style Note  Casual dressing only gets better with these slip-on sandals from red tape. This pair is a great combination of style and functionality - they're a perfect foundation for building a well-groomed look that exudes style and confidence.   Product Details  Crisscrossing leather straps covering the forefoot and midfoot for durability and style Padded nubuck footbed Upper stitched to the outsole for durability Durable rubber outsole, curved at the midfoot to offer absolute ergonomic comfort Textured outsole with branching lugs for maximum grip and traction on various surfaces   Material and Care Leather  Wipe surface with a dry, clean cloth to remove dust and dirt Do not store in direct sunlight",Red Tape Men Brown Sandals,Sandals
28249.jpg,Green and black aerosol spray can,Wild stone Men Hydra Energy Deo,Deodorant
9332.jpg,"Composition White and pink striped scoop neck t-shirt made of 100% cotton with mega sleeves, blue piping around neckline, cat embroidery on the left chest and behind collar  Fitting Comfort   Wash Care Gentle machine wash with similar colours in cool water Use light detergent Wash and iron inside out Do not bleach, dry clean or tumble dry Warm iron  Add a burst of fresh pink to your wardrobe with this blue and white striped tee from puma. Team this with white cotton pants or shorts and boat shoes for a sailor inspired look.  Model's Statistics: 1. The model wears size S in t-shirts 2. Height-5.7', Chest-32"", Waist-28""",Puma Women Ess Striped White Tops,Tops
40266.jpg,"Style Note Look stylish in this striped polo neck T-shirt from scullers. The bold colour stripes gives it a really fresh feel, while the ribbed hem sits snug around your waist. Pair it with denims or chinos and floaters for a careful yet carefree look. Product Details Blue, black and white striped polo neck T-shirt, has short sleeves, chest buttoned placket, branding embroidered on the left chest and a vented hem Material and Care 100% cotton Wash inside out Do not attempt to remove stains by spot washing Steam iron Size and Fit Regular fit The model (height 6' and shoulder 18"") is wearing a size M",Scullers Men Navy Blue Striped T-shirt,Tshirts
26372.jpg,"Composition Grey check pant made of 64% polyester and 34% viscose and 2% Lycra,has a zipper and button closure on the waistband in the front, belt loops on the waistband, two buttoned insert pockets at the back and two pocket son the front Fit Slim Wash care Machine or hand wash separately Use mild detergent only Do not bleach or wring Dry in shade Medium iron Stylish formal trousers for women with a slim fit and low rise, from arrow. Wear these with feminine shirts, tucked in or out, with a slim belt. Style this with a shoulder strap handbag and closed toe pumps. Model statistics The product is a size 32 on a model of height 5'8&rdquo  waist 26&rdquo  and   hips 36&rdquo",Arrow Woman Check Grey Trousers,Trousers
28891.jpg,"Beige boy shorts briefs for women made of cotton/Lycra fabric, has an elastic waistband, regular rise styling and printed label on the inner  Fit Regular rise  Wash care Machine wash warm at 40 degrees with like colours Do not bleach, iron Tumble dry low  This pair of boy shorts briefs from enamor is crafted using premium cotton fabric that provides quick dry breathability and no visible panty line. The cut allows free leg movement, the fashion elastic with cushioning enhances a luxurious feel and look, the no pinch elastic and printed label on the inside both provide irritation-free comfort.  Model statistics Product is a size M on a model of waist 26""",Enamor Women Beige Regular-Rise Brief,Briefs
59080.jpg,"White low rise briefs, has soft elasticated waistband, double layered gusset with cotton lining and string style waistband on the sides",Peri Peri Women White Brief,Briefs
11305.jpg,"Composition Dark blue streaked jeans made of a cotton and lycra blend fabric for stretchability, has two insert pockets on the front with a patch pocket inside the right one, two patch pockets on the back with thread detailing, brand tab appliqued on the right pocket at the back, loops on the waist, and has a metal zipper and button closure   Fit Slim fit Low rise Tapered leg   Wash care  Turn inside out before washing and drying Machine wash cold separately using a mild detergent as colour may bleed Do not bleach or wring Tumble dry or dry flat in shade Warm iron  If you're a denim person, then these dark blue streaked jeans from wrangler are perfect for you. With a low waist and great slim fit, this pair looks on trend and stays comfortable all day. Team this with feminine tops and stilletos for a chic look.  Model statistics The model wears trousers of length 39"" Height: 5'8"", Waist: 26"", Hips: 36""",Wrangler Women Blue Custom Jeans,Jeans
7215.jpg,"Composition Fuchsia round neck long top in 100% cotton with a complimentary bandana in the same colour Fitting Regular Wash Care Machine wash/Hand wash Wash separate in mild detergent Do not bleach Do not wring dry Dry in shade Medium iron Don the boho chic look in a really cool way with this tunic top from jealous 21. On a sunny day, put on the bandana and cheat the heat. Pair it with denims and pumps for a great casual look. Model statistics The model wears size M in t-shirts Height-5.8"", Chest-33""",Jealous 21 Women Band With Pink Top,Tops
58525.jpg,"Green chalk bag, secured with a drawstring fastening Has a short handle One main compartment Warranty: 1 year from the date of purchase against manufacturing defects Disclaimer: Please note that the thread colour in the brand logo may vary from the image shown Note: The inner lining material/colour may vary from what is shown in the image",Wildcraft Unisex Green Chalk Bag,Travel Accessory
50474.jpg,"Grey and black briefs with panelling in the front with print, has an elasticated waistband and leg holes, full coverage at the back  The final product delivered might vary in colour and prints from the display here.",Chromozome Men Grey Brief,Briefs
18716.jpg,"Composition Black sleeveless neck top made of 95% viscose cotton and 5% lycra, has shawl neckline, sequin and stud embellishments   Fit Regular   Wash care Wash with warm water Do not bleach Use warm iron, do not  iron on print   arrow woman caters to fashionistas with a taste for the exotic. This top is a glamourised version of the typical tee with its slim silhouette and studs. Pair it with richly hued denims, sky high heels and a scarf.   Model statistics The product is a size M on a model of height 5.8"" and chest 33""",Arrow Woman Shanna Black Top,Tops
37747.jpg,"Style note This john players shirt gets a sartorial stamp of approval, with it's refined spread collar, silhouetted tailoring and it's fine, luxe fabric. Make the right impression with this shirt - be it in the conference room or during after-hours dinner. An office-ready wardrobe essential, wear this with dark chinos and a pair of Oxfords. For a classier look, throw on a blazer over this shirt. The best bet for semi-formal Fridays, wear this with fitted denims and ankle boots! Product Details Khaki shirt with red checks, has a spread collar, a full buttoned placket, two pockets with buttoned flaps on the chest, has long sleeves with buttoned cuffs and a curved hem Material and Care 100% cotton Dry clean or machine wash with like colours only Use a non-chlorine bleach if needed Line dry inside-out in shade Warm iron Size and Fit John Players' Trim Fit The model (height 6' and shoulders 18"") is wearing a size 40",John Players Men Khaki Shirt,Shirts
7401.jpg,"Perfect for those casual outings, this nubuck and leather shoe from red tape is all that you need to speak your style statement loud and clear. Casual yet fashionable, this shoe makes for a great semi-",Red Tape Men Brown Casual Shoes,Casual Shoes
15511.jpg,"Crafted for the woman who never compromises on style and comfort, the Jeanie Thong chain sandal from rockport makes for a fab addition to your wardrobe. With a sleek design and simple silhouette it works great with all kinds of clothing . Upper Soft leather strap running around the ankle and along the midfoot to form a toe separator Chain metallic embellishment over the midfoot strap for enhanced style Concealed elastic gores on the sides of the ankle strap for a custom Fit Padded suede footbed for exemplary comfort Outsole TPU outsole with brand logo styled grooves on the forefoot and horizontal grooves on the mildly raised heel for absolute grip and traction Sandal care Wipe surface with a clean, dry cloth to remove dust Use a suede brush to clean the footbed Do not store in direct sunlight",Rockport Women Jeanie Thong Chain Pink Flats,Heels
20879.jpg,"High on style, this pair of sunglasses from united colors of benetton comes in a styled frame. An eclectic mixture of fashion and substance, its shape provides the perfect Fit over the root of your nose. The glasses come with a sturdy case.  Tinted lens for use in normal daylight conditions Plastic frame in an aerodynamic design Round lens for absolute style and protection from elements Flexible hinges for durability Fixed nose holder which is part of the frame to hold the glasses in place, ensuring there is no friction with the skin   Care Remove dust and grime by gently wiping the lens with the cloth provided Remove oil or tough stains with the help of a lens cleaner Do not use your fingers on such stains Do not place glasses on uneven surface or heated areas like the dashboard of a car",United Colors of Benetton Women Casual Sunglasses,Sunglasses
22596.jpg,"Composition Red t-shirt made of 100% polyester, is engineered with Dri-Fit technology, has a mock neck, short raglan sleeves and printed nike swoosh on the left chest Fit Regular Wash care Machine wash cold with like colours Do not dry clean or bleach Tumble dry low Warm iron Crafted from soft cotton-polyester fabric and engineered with Dri-Fit technology, this t-shirt from nike offers exemplary dry comfort, making it a great everyday choice for your healthy runs and casual days. Team this printed tee with jeans and running shoes for a sporty look. Add on a hooded sweatshirt for exemplary comfort during winters. Model statistics The product is a size M on a model of height 6' and shoulders 18""",Nike Men Red T-shirt,Tshirts
22802.jpg,"Composition Purple and black check shirt with white accents, made of 100% cotton, has a spread collar with a buttoned front placket, short sleeves with buttoned cuffs, embroidered branding above the patch pocket on the left chest and a curved hem  Fit Regular  Wash care Machine wash at 40 degrees Wash dark colours separately Do not bleach Tumble dry normal or line dry Warm iron  Crafted from soft cotton and cut to offer a flattering fit, this casual check shirt from Locomotiove offers exemplary comfort and is sure to become a wardrobe favourite. An off-duty essential, this checked piece rates excellent for comfort and style. Pair it with jeans and sneakers.  Model statistics The product is a size M on a model of height 6' and shoulders 18""",Locomotive Men Purple Check Shirt,Shirts
25877.jpg,"american tourister is a brand from samsonite Corporation, which has been in existence since 1933. It's a one stop shop for all your travelling bags, sling bags and back packs. American Tourister are proud to make durable and stylish bags to suit any occasion.  Height : 41 cm Width : 29 cm Depth : 17 cm Warranty : 1 year  Made of polyester for durability Two main zipped compartments with a laptop sleeve One zipped compartment on the front with organizer pouches and a key-holder One ear-phones gate One mesh open mouthed pocket on the left side for enhanced space One zipped side pocket on the right side Padded haul loop for easy carrying Two adjustable shoulder straps made of polyester and mesh panels at the back for breathable comfort Branded zips and branding appliqué     d on the front Back padding for comfort Rubber toes at the base  Care Clean with a damp cloth when necessary",American Tourister Unisex Casual Purple Backpack,Backpacks
30248.jpg,-,Numero Uno Men Black Shoes,Casual Shoes
18598.jpg,"Walk through your everyday casual hours in perfect comfort in this pair of Drifter cat slippers from puma. With an ergonomically curved and padded footbed, and a grippy outsole, stay safe and comfortable on all kinds of smooth surfaces.  Upper Wide synthetic leather straps with a toe separator and inner lining in twill tape Ergonomically padded footbed for all day comfort puma branding on the forefoot and heel  Outsole TPR outsole with diagonal grooves for absolute grip and traction  Slipper Care Wipe surface with a clean, damp cloth Do not store in direct sunlight",Puma Men Navy Blue  Drifter Cat Flip flops,Sports Sandals
15945.jpg,"Crafted from soft leather, this dark chocolate brown wallet from turtle is fabulously stylish and well organized. This two-fold wallet has lots of inner storage making it perfect for everyday use Dimensions : 11.5 cm X 9.5 cm Has two main compartments Four credit card slots on the left side flap above another cred it card organizer held together with a snap button flap Zippered chamber One compartments on the left for coins with a snap button flap Care Do not machine wash Rub surface with dry clean cloth to remove dust and dirt",Turtle Men Leather Brown Wallets,Wallets
24590.jpg,"Composition Blue and white printed kurta made of 100% cotton, has a round neck with a mock buttoned chest placket with lace around it, three-quarter sleeves with stone embellishments on a blue band at the cuffs, ruched and elasticated on the shoulders, pintucks and stone embellishments on the front, and has split side seams Fit Regular Wash care Wash cold using a mild detergent Do not bleach Dry in shade Warm iron  do not iron on decorations This elegant kurta from vishudh speaks volumes of your class and exudes femininity with its timeless design and cuts. The traditional print is sure to make this a wardrobe favourite. Pair it with leggings or skinny jeans. Model statistics The product is a size M on a model of height 5'7"", chest 33"" and waist 25""",Vishudh Women Blue Printed Kurta,Kurtas
9009.jpg,"The look of this murcia bag is contemporary and the feel is of pure luxury. Created using exotic material, intricate embroideries and international silhouettes, it's vibrant hues and rich textures are just some of the unique features of this murcia bag. This bag is a must have for every woman with style and panache for fashion. Made of high quality synthetic leather with snake prints Durable nylon lining One main magnetic buttoned chamber with a sub-chamber inside Mobile case on the inside Comfortable handles in same material as the body Bag care Rub surface with dry clean cloth to remove dust and dirt Use a mild leather cleaner",Murcia Women Snake Print Bag Brown Handbags,Handbags
30618.jpg,"Composition Red round neck T-shirt for men made of 100% cotton, has short sleeves and graphic print on the left chest   Fit  Slim   Wash  care  Machine wash cold with like colours Do not dry clean or bleach Tumble dry low Warm iron; do not iron on decorations  A summer staple from nike for the urban male, this piece is sure to become an off-duty favourite in your sport fashion collection. Crafted for sport and fashioned to look great, nike gets it right with this versatile piece. Style this with tonal sport or casual shoes and track pants or your favourite jeans.",Nike Men Printed Red T-shirt,Tshirts
32257.jpg,"Style Note This feminine wrap top with pretty fastenings by fabindia is a perfect top to wear with your favourite jeans, or as a useful top layer over ethnic ensembles. Ghicha silk has a unique, slightly rough, texture - and when combined with the charming imperfections of the block printing (which has all been done by hand) and the fashionable cut, the end result is a one-of-a-kind piece which is sure to become a well-loved favourite. So go all out and make an Indo-Western statement by pairing this top with simple form fitting denims and sandals. Product Details Beige and black printed wrap top made of ghicha silk, has three quarter sleeves, mandarin collar, wrap around fastenings with a sash, a vented hem and vented cuffs Material and Care Ghicha silk Dry clean only Size and Fit Regular fit The model (height 5'8"" and chest 33”) is wearing a size S",Fabindia Women Printed Beige Ghicha Silk Wrap Top,Tops
51347.jpg,"Darkest navy blue above ankle length socks with elasticated cuffs, has patterned design and a 3 dimensional toe shape for comfortable fit",Raymond Men Navy Socks,Socks
7346.jpg,"Composition Royal blue round neck t-shirt made of 100% cotton, with short sleeves and chest print Fitting Regular Wash care   Machine wash separately in cold water using a mild detergent  Do not bleach or soak  Remove promptly and line dry inside out in shade  Warm iron only  Do not iron directly on print/embroidery   Up the weekend fun by getting cheeky with this tantra t-shirt. A great gift for those who love guzzling beer, it's the perfect way to set the tone for the weekend masti. Team this cotton t-shirt with cargos or jeans and fashionable lifestyle shoes or sandals from the wide range available at myntra for that unparalleled cool. Model statistics The model wears size M in t-shirts Height-6'; Chest-37""; Waist-32""",Tantra Men's Budwiser Blue T-shirt,Tshirts
58833.jpg,"Steel coloured pair of cuff-links, square, with crystal detail Hinged back to hold cuff in place Comes with a steel coloured tie clip",Hakashi Men Steel Cufflinks,Cufflinks
57241.jpg,"  Blue textured handbag crafted from synthetic leather  Two short handles woven through metallic loops  One main zipped compartment with two slots, an inner zipped pocket in-between and an inner zipped pocket and a mobile pouch on the sides  One external zipped pocket at the back  Blue textured handbag crafted from synthetic leatherTwo short handles woven through metallic loopsOne main zipped compartment with two slots, an inner zipped pocket in-between and an inner zipped pocket and a mobile pouch on the sidesOne external zipped pocket at the back  ",Murcia Women Blue Handbag,Handbags
25465.jpg,"Enjoy your runs in style with the nike Downshifter 4 MSL running shoe. Lightweight and stylish, this pair is worth the add in your wardrobe as it also doubles up as a perfect lifestyle footwear when teamed with jeans and t-shirts. Upper Synthetic leather upper with mesh strips on the back foot for breathability and structural comfort Meshed and padded tongue with a lace-up system for snug Fit and comfort Cushioned sockliner for in-step comfort Synthetic overlays with swooshes on the sides for enhanced shoe structure Midsole Phylon midsole for lightweight responsive cushioning and shock absorption Encapsulated Air-Sole unit for enhanced cushioning External heel counter to lock the foot in place Outsole BRS 1000 rubber outsole for durability Rubber shank for absolute midfoot support and torsional rigidity through midstance Forefoot flex grooves for smooth transition Heel scoop for cushioned comfort and impact protection Multi-directional and multi-depth rectangular and triangle lugs in the forefoot and heel for better grip Shoe care Do not machine wash or store in direct sunlight Remove dust and dirt with dry clean cloth",Nike Men Downshifter 4 MSL White Sports Shoes,Sports Shoes
39013.jpg,"Style note Crafted from Italy's materials capital Biella, this fila shoe promises a smooth ride and optimal durability. Fila fanboys know the comfort that this brand provides - now, do you need more reasons to buy the DLS Artifice? Product Details Round toed grey and blue shoe with central lace-ups and shiny synthetic overlays Heavily padded mesh inner, tongue and collar foamy rubber midsole upraised at the heel Aggressive TPU outsole with flex grooves and patterned lugs Material and Care Synthetic Do not machine wash Remove dust and dirt with dry clean cloth",FILA Men Silver Sports Shoes,Sports Shoes
41180.jpg,"Style Note Give your casual summer wardrobe a stylish spin with this top from allen solly. Team it with denim jeans and slip-ons for a casual look or with a pencil skirt and jacket for a semi-formal look.   Product Details Shirt with brown checks, mandarin collar, placket with brown buttons and overlocked frills, princess panels with top stitch, short sleeves with narrow pleated buttoned cuff, back yoke on bias, curved hem   Material and Care 93% cotton and 7% polyester Machine wash with like colours Do not bleach Warm iron   Size and Fit Regular fit The model (height 5'8"" and chest 33"") is wearing a size M",Allen Solly Woman Check Brown Shirt,Tshirts
11243.jpg,"Composition Dark blue skinny jeans made of 82.7% cotton, 15.9% polyester and 1.4% spandex, has two insert pockets on the front side, two patch pockets on the back with thread detailing, brand patch appliqued on the waistband at the back and metal zipper and button closure  Fit Low-rise, skinny fit  Wash care Machien wash cold water Do not tumble dry Turn inside out before drying Don't dry in direct sunlight Use warm iron Do not iron on print  If you're a denim person, these dark blue skinny jeans from flying machine will delight you. Low-rise, with a great skinny fit, you might not want to take them off once you pull them on! Perfect companion for your t-shirts and sexy tops.   Model statistics  The model wears trousers, length of 39"" Height-5'8& rdquo , Waist - 26& rdquo , Hips & ndash  36& rdquo ",Flying Machine Women Lowrise Blue Jeans,Jeans
8304.jpg,"Featuring skechers' Kinetic Toning Pods, these Ultra shoes help sculpt your lower body, burn more calories, strengthen lower-body muscles and increase general fitness when used regularly. That means you get a fitter body by following your daily routine with just one little change: wear these shoes! These shoes come with an extra pair of laces, a booklet with exercises that help you tone your lower body and a DVD that explains the technology in greater detail. Pair these shoes with jeans, shorts , tracks or skirts for a fab look. Upper   Meshed synthetic upper for better breathability  Translucent overlays and synthetic leather overlays for added structure and style  Lace-up system with synthetic laces for a snug, customized Fit  Lushly padded tongue and well-cushioned collar for in-step comfort and a secure fit  Mesh tongue for improved ventilation  Brand tab on tongue  Brand logo embossed on the lateral side  Brand name embossed on collar   Midsole   Phylon midsole for lightweight comfort and support  Mesh and fabric lining for extra comfort and breathability  Removable footbed to accomodate an orthotic   Outsole   Durable, high-abrasion rubber outsole for better traction  Kinetic Toning Pods (KTP) on the forefoot and heel area   to create bi-axial natural instability with every step, and may activate underused muscles to maintain balance  TPU-VIS elements on the periphery of the KTP to maximize effeciency and intensity of workouts   shoe care Wipe surface with soft, clean, dry cloth to remove dust Do not machine wash Do not store in direct sunlight",Skechers Women Shape Ups Toner Black Shoe,Sports Shoes
18768.jpg,"Dressing the elite for years, peter england has crafted some of the classiest ties that are made from the finest quality silk and individually handmade by expert craftsmen weavers in a range of beautiful colours and designs that rise your level of sophistication with ease. Wear it over well-fitting dress shirts in muted shades and crisp formals. Length : 147 cm Made of microfibre for luxurious feel and light sheen Has a horizontal design in navy blue and white One loop with brand badge on the inner of the broad tongue to hold the narrow tongue in place Tie care Dry clean only",Peter England Men Elite Navy Blue Tie,Ties
57787.jpg,Unique oil free &  oil absorbing formula that gives matt finish &  cover imperfection for hours with sun protections,Lotus Herbals SPF-15 Magic Mocha Compact 577,Compact
44979.jpg,"Article number: 15933LMGB Case style: Analogue watch with a circular stainless steel case Dial style: Silver-toned dial with steel-toned accents, has black hands with glow-in-the-dark inlays, branding on the dial Strap style: Black textured leather secured strap with a tang clasp Features: Screw to reset time, date aperture near the 3-hour mark Water-resistant up to 30 m Warranty: 1 year against manufacturing defects",Maxima Attivo Men Steel-Toned Dial Watch 15933LMGB,Watches
11766.jpg,"Composition White crew neck t-shirt made of 100% cotton, has short sleeves, felt tape lining on the inside of the neck, print on the chest with a metallic tinge and a brand tab above the hemline on the left   Fitting  Regular   Wash care  Machine wash in cold water inside out Wash dark colours separately Use mild detergent Do not bleach or wring Tumble dry or flat dry inside out in shade Warm iron Do not iron on print/embellishments  If music is your passion and your head turns in reflex to the sound of the strings and drums, then this t-shirt has been especially designed for you by lee. Look all 'metal' with the gold tinted print on the chest, while you feel perfectly at ease with the heat in the soft cotton. Pair it with rugged denims and a pair of sneakers for an ultimate glam look. *This product is developed using the unique multiple hand processes method. Slight peeling of the print post home laundry is absolutely normal, giving it a vintage look, and hence, should not be considered as a defect.  Model statistics The model wears size M in t-shirts Height-6.3”, Shoulders-19""",Lee Men Printed White Tshirts,Tshirts
16925.jpg,"Composition Navy blue knitted sweater with purple stripes, made of 100% cotton, has a ribbed round neckline, long sleeves with ribbed cuffs, printed brand detailing on upper left chest and a ribbed hemline   Fitting  Regular   Wash care  Hand wash in cold water with mild detergent Do not soak, wring or twist Dry in shade Fold and stack to maintain shape Moderate warm iron Do not iron on print or embroidery  The printed brand detailing on the upper left chest adds sophisticated styling to this knitted pullover from spykar, while the cotton fabric keeps you feeling comfortable all day. Team it with shirts or t-shirts, jeans and sneakers.   Model statistics  Product is a size M on a model of height 6' and shoulders 19""",Spykar Men Stripes Navy Blue Sweaters,Sweaters
40129.jpg,"Style Note Your little guy will love the soft comfort of this cotton shirt from Gini & Jony while you'll love how smart he looks. Fuss-free dressing doesn't get better than this! Product Details Blue and white shirt with a tipped collar, applique and embroidery on the chest, short sleeves with ribbed cuffs and a curved hem Material and Care 100% cotton Machine wash separately in cold water using a mild detergent Do not bleach or soak Line dry inside out in shade Warm iron only Do not iron directly on print/embroidery",Gini and Jony BoysCore Navy Blue Shirt,Shirts
25773.jpg,"Stylish suspenders from Linos Perros made of fine elastic with clip-on steel fasteners for a secure Fit. men can wear this in place of a belt to perfectly capture a formal vintage style. women can wear this with a short skirt, tights and a formal shirt for a classy borrowed-from-the-boys look.  Width : 1.5""  Care Hand wash using a mild detergent",Lino Perros Men Black & Red Suspenders,Suspenders
51387.jpg,"Style Note The comfort of these boxers will be addictive and the fun prints simply add on to the attraction of they hold. myntra boxers are simply must have for men who like breathable and airy boxers. Product Details Grey and white printed boxers, has a soft elasticated waistband and a key hole fly Material and Care 100% cotton Machine wash cold Tumble dry low Use warm iron Size and Fit Regular fit The model (height 6' and waist 32"") is wearing a size M",Myntra White Printed Boxers,Boxers
25912.jpg,"Style Note Sylish and in-vogue, this pair of leggings from femella has a hint of retro chic, making it a contemporary essential. The luxe, stretchy fabric is designed to flatter your shape and become a perfect everyday wear. Style this with a kurta and clunky heels or with a tunic and a belt. Product Details Cream leggings, has an elasticated waist Material and Care 87% nylon and 13% spandex Hand wash separately in cold water using a mild detergent Flat dry inside out in shade Warm iron Size and Fit Regular fit The model (height 5'8"", waist 26""and hips 36"") is wearing a size M",Femella Women Cream Leggings,Leggings
6247.jpg,"Composition White round neck t-shirt made of 100% cotton, with short sleeves, lace collar in-seam with a lee badge appliqued onto the inner collar, and multi-coloured merging print on the front Fitting Comfort Wash care   Hand wash cold  Wash dark colours separately  Use mild detergent  Do not bleach  Do not wring or tumble dry  Flat dry in shade  Warm iron  Do not iron on print/embellishments   Live the colours of life in style in this cotton t-shirt from lee. Stylish to the hilt, it looks great with jeans and skirts when teamed with sleek, heeled sandals. Model statistics The model wears size M in t-shirts Height-5.7"", Chest-33"", Waist-26""",Lee Women's Clara White T-shirt,Tshirts
56559.jpg,Shimmery lip gloss with glitter elements Comes with a specially designed brush applicator,Streetwear Pink Rose Lip Gloss 51,Lip Gloss
28146.jpg,"Grey melange self-striped innerwear vest, has a round neck, sleeveless and a racerback",Jockey Men Grey Melange Self-Striped Innerwear Vest 9922,Innerwear Vests
10660.jpg,"Composition Navy blue denim shorts with two side pockets, two back pockets with metallic embellishments, zippered and buttoned front closure, fold over hems and has loops on the waist   Fitting Regular  Wash care Machine wash in cold water with like colours in a delicate cycle Do not bleach Tumble dry low or lay flat to dry Warm iron when needed Do not iron on print  The cute statement simply zooms high when you dress your little girl in this cute denim shorts from doodle. Team this with a t-shirt and cute sandals, and let your little one play in much comfort.",Doodle Girl Hot shorts ice wash Blue Shorts,Shorts
25774.jpg,"Care Wipe with clean, damp cloth to remove dirt",Lino Perros Men Beige Suspenders,Suspenders
18401.jpg,"If comfort is on your mind, the Arnold sandals from skechers transport you to heavenly bliss! Stylish and super comfy, this pair is ruggedly crafted for casual wear. Team it with jeans or shorts and step out in style.   Upper  · Leather upper for rugged feel and style  · Over-the-foot straps for added comfort  · Back strap to hold the foot firmly in place  · Contrast thread detailing for added structure and style  · Brand tab appliqued on the front  · Well cushioned footbed for all-day comfort  · Fabric lining for soft touch and protection from blisters   Midsole  EVA midsole for long-term durability and protection of feet against impact   Outsole  Rubber outsole provides durable traction on a variety of surfaces Flex grooves for ease of movement Lugs in the forefoot and heel region for better traction   shoe care  Use a leather brush to remove dirt Use a branded leather conditioner Do not store in direct sunlight",Skechers Men USA Brown Sandals,Sandals
44106.jpg,Style Note hugo boss present an exclusive 'Element' gift set with these EDT for men and a shower gel. This brand has perfected the craft of creating endlessly stylish fragrances as this set will prove! Product Details hugo Element EDT for men comes in a glass flacon Hugo Element shower gel for men comes in a plastic tube Quantity Hugo Element EDT: 90 ml Hugo Element shower gel: 150 ml,HUGO Men Fragrance Gift Set,Fragrance Gift Set
11931.jpg,"Run less, get more with the skechers Resistance Runner shoes. Fab to look and a great gift for the feet, this pair of running shoes is designed with the best of technologies to offer the best comfort and health quicker. The Resamax kinetic wedge technology helps create a more fluid stride and helps reduce injuries and enhance performance.  skechers promises that running with the Resistance Runners helps activate postural muscles by upto 85%, activate gluteus medius muscles by upto 71%, calf muscles upto 68% and burn 13.2% more calories than other running shoes. What's better, this shoe comes with an additional pair of laces in a different colour to suit your style.  So jet set, pick up your pair and burn away those calories with ease!   Upper Meshed upper with an inner meshed bootie for absolute comfort and breathability Strategically placed synthetic leather overlays for absolute comfort, support and style Heavily padded and meshed collar and tongue Lace-up system for a snug, customised Fit Collection name embossed on lateral ankle   Midsole Ultra-light, injection moulded kinetic footbed for absolute comfort Removable footbed to accommodate an orthotic TPU midsole for absolute lightweight comfort   Outsole Has a high abrasion rubber outsole with Kinetic Wedge technology in the outsole to absorb more energy and elevate muscle activity with every stride Soft kinetic wedge to absorb impact and spread it throughout the foot to relieve joint and back pain, and ensure a comfortable run Balance pods that create slight and constant shifts in weight to offer a more intense workout with lesser stress Curved rocker bottom for smoother heel-strike to toe-off transition, helping you run in a more natural state   Shoe care  Wipe surface with a dry, clean cloth to remove dust Do not machine wash or store in direct sunlight",Skechers Men Shape Black Sports Shoes,Sports Shoes
23196.jpg,"Composition Green and black checked shirt with white accents made of 100% cotton, has full sleeves with buttoned cuffs, spread collar, front buttoned placket, patch pocket on the left chest with embroidered brand logo and a curved hem Fit Regular Wash care Machine wash at 40 degrees Wash dark colours separately Do not bleach Tumble dry normal or line dry Warm iron Add a work wear inspired element to your off-duty wardrobe with this shirt from a label loved for its structured tailoring - highlander. Style this with a leather jacket and form fitting denims to turn heads at upscale weekend dos. Alternatively, you can also wear this with your favourite jeans and casual shoes. Model statistics The product is a size M on a model of height 6' and shoulders 18""",Highlander Men Green Check Shirt,Shirts
17987.jpg,"Beige belt with brown stitched detail down the middle, holes to customise Fit, tang clasp to offer a snug fit, fixed loop to hold the belt in place",Reid & Taylor Men Beige Belt,Belts
3834.jpg,"Composition Bubble gum and fuschia pink kid's sandals made of lightweight, form fitting odour resistant EVA Wash care   Rub surface with clean, damp cloth to remove dust  Do not machine wash   Let your little girl enjoy summer with these happy pink mary janes from crocs. The croslite footbed provides ergonomic Fit and comfort, while the shoes are replete with superior shock absorption. The upper strap ensures a snug fit, while the small holes on the sides can accomodate a few jibbitz. The oval patterns on the outsole enhances grip, making it perfect for a day on the beach or for running around the park. Note: Jibbitz is a company founded by Rich and Sheri Schmelzer in 2005 to create decorative attachments for holes in crocs sandals.",Crocs Kids Girl's Keeley Bubblegum Fuchsia Kidswear,Sandals
12890.jpg,"It's not just looks, but innovative design and lightweight construction that makes the puma Cell Tolero an instant hit. Upper Synthetic leather upper with puma Formstripe on the sides for absolute durability, stability and comfort Perforations on the midfoot with a meshed and cushioned tongue for enhanced breathability Lace-up system for a snug, customised Fit Cushioned and meshed tongue and collar for breathable comfort Padded and moulded sockliner for superior cushioning and support Midsole Phylon midsole for lightweight comfort and impact protection tanCELL technology in the heel for superior shock absorption Outsole PVC-free rubber outsole with modified waffle pattern lugs on the forefoot and heel for enhanced grip and traction Ergonomically curved midfoot for ease of movement",Puma Men Cell Tolero Black Casual Shoes,Casual Shoes
16860.jpg,"High on style, this pair of sunglasses from IDEE comes in a styled frame. An eclectic mixture of fashion and substance, its shape provides the perfect Fit over the root of your nose. These glasses come with a sturdy case for safekeeping.  Tinted lens for use in normal daylight conditions Plastic frame in an aerodynamic design Square lens for absolute style and protection from elements Flexible hinges for durability and ease of wear Fixed nose holder to hold the glasses in place, ensuring there is no friction with the skin   Care Remove dust and grime by gently wiping the lens with the cloth provided Remove oil or tough stains with the help of a lens cleaner Do not use your fingers on such stains Do not place glasses on uneven surface or heated areas like the dashboard of a car",Idee Men Funky Eyewear Brown Sunglasses,Sunglasses
15328.jpg,"Wash care  Machine wash cold at 30 degrees with like colours Do not bleach Tumble dry low Remove immediately/do not allow to lay on itself when wet Cool iron, but do not iron on design Do not dry clean",Nike Men Solid Blue Sweaters,Sweaters
52421.jpg,"Satin multi- coloured knee-length nightdress with pink lace trims at the neckline and cuffs, floral print all over, V-neckline and cap sleeves",Red Rose Women Multi Coloured Nightdress,Nightdress
17359.jpg,"A perfect gift for the man of style, this accessory set comprising a silky microfiber tie, matching cufflinks and a silk handkerchief, is every debonair charmer's dream.  Tie Length: 150 cm Made of 100% microfiber Has lilac waffle patterns One loop and brand badge on the inner of the broad tongue to hold the narrow tongue in place  Cufflink Width: 2 cm Square cufflinks made of steel with embedded design Hinged back to hold the cuff link in place  Kerchief Square kerchief with a 28 cm width Made of silk  Tie and kerchief care Dry clean only",Arrow Men Formal Purple Tie+Cufflink+Pocket square - Combo Pack,Accessory Gift Set
13697.jpg,"With its durable construction and generous storage, this puma Team Backpack II is a great buy for on-the-go convenience and easy style. Length : 43 cm  Made of 100% polyester for durability One main zippered compartment with a small padded divider, and has one zippered pouch inside Wide padded and adjustable shoulder straps for carrying ease Mildly padded and ergonomically shaped back for ease of wear White piping with puma branding in print on the front for style Care only hand wash Clean with a damp cloth when necessary Do not bleach, tumble dry or wring Line dry Do not iron",Puma Unisex Black Backpack,Backpacks
9152.jpg,"Composition  Checked shirt with extended sleeves, made of 100% cotton, that has magenta, purple, black and blue checks with green accents, and a full-length buttoned placket   Fitting  Regular   Wash care  Machine/hand wash separately in mild detergent Do not bleach or wring Dry in shade Medium iron  If you're in the mood to have some checkered fun, this shirt from jealous 21 will fulfill your heart's desire with elan. The cotton fabric promises comfort, while the smart checks guarantee attention from strangers! Pair the shirt with skinny jeans and carry a messenger bag along for the perfect look.  Model statistics The model wears size M in t-shirts Height-5.7"", Chest-33""",Jealous 21 Women Purple Blue Shirt,Shirts
20498.jpg,"baggit was founded in 1990 and since then has created a name in the market for fighting against cruelty to animals. A practical and stylish choice of bag in brown with extra roomy space and comfortable to carry, this smooth synthetic leather and blended fabric bag will give a sophisticated look to any casual outfit. Height : 20 cm Width : 32 cm Depth : 15 cm Made of smooth synthetic leather and blended fabric for durability Has three large zipped compartments with one internal zipped pocket Two short handles with a buckle design for carrying ease Small zipped pocket on back with a mobile pouch Cut out design on the front with a small insert pocket and two patch pockets with magnetic button closures Graphic print and fake croco design for style Stylish, easy to grip, synthetic leather zip pulls Bag care Wipe with clean, damp cloth to remove dirt",Baggit Women Galaxy Exel Navy Blue Handbag,Handbags
5691.jpg,"Flaunt your style statement with the skechers men's Regions athletic-inspired oxfords from skechers. The transparent forefoot with a rugged tread makes this all the more stylishly comfortable. Upper   Synthetic leather upper with suede overlays and side stripes for durability, added shoe structure and style  Synthetic leather overlays on the toe foxing and heel cup for durability and structure  Stitch detailing for style and durability  Perforations on the side stripes for breathability  Lace-up system for a snug Fit  Padded tongue and sockliner with a fabric inner lining for snug fit  Brand logo embossed on the tongue for style   Midsole   Relaxed Step comfort insole for superior support  EVA midsole for durability and impact protection   Outsole   Uniquely designed sole with the tread surrounded by a hardened see-through material  Arched midfoot for ergonomic comfort  Durable rubber heel with lugs along the periphery for maximum traction and stability   Shoe care Rub surface with clean, damp cloth to remove dust Do not machine wash Do not store in direct sunlight",Skechers Men's Regions Off White Shoe,Casual Shoes
41969.jpg,"Style Note Inspired by the nautical life, this tee for your little man makes him look cute, without overtly cutesy details. The stripes add an interesting dimension to a kiddie tee, while he stays happy being his naughty self in this comfy piece! Product Details Red and white striped round neck T-shirt, has short sleeves and print on the chest Material and Care 100% cotton Machine wash separately in cold water using a mild detergent Do not bleach or soak Line dry inside out in shade Warm iron only Do not iron directly on print/embroidery",Gini and Jony Boys Surfs Up Red T-shirt,Tshirts
44960.jpg,fogg Paradise for women comes in an aerosol spray canister,Fogg Women Paradise Deo,Deodorant
32381.jpg,"Composition Lavender scooped neck top made of 100% viscose, has bishop sleeves, sash to tie around the waist and crystal embellishments above the hem  Fit Regular  Wash care Machine wash with similar colours Do not bleach or dry in direct sunlight Use warm iron if required  arrow woman caters to every fashionista. This top is a a tried-and-true favourite with a slouchy silhouette that flatters your curves. Pair it with form-fitting denims and kitten heels.  Model statistics The product is a size M on a model of height 5'8"" and chest 33""",Arrow Woman Lavender Top,Tops
42016.jpg,"Style Note The adidas Phaedra derives it's name from Greek mythology and the word means 'bright'. Now that's something that this shoe definitely brings to the table. Wear this for a quick workout session, a weekend catch-up at a cafe or a coffee date - you're guaranteed to look good. Product Details Silver mesh upper with synthetic overlays with a round toed style adiPrene midsole in white adiWear outsole with grooves at the periphery, horizontal grooves and a decoupled heel Material and Care Synthetic, mesh Remove dirt with a clean cloth Do not machine wash or store under sunlight",ADIDAS Men Silver Phaedra Shoes,Sports Shoes
50185.jpg,White with green and brown floral printed bag Tab with loop closure One main zippered compartment Synthetic lining with zippered compartment and mobile slot Brand patch inside Brown binding at side Zippered compartment at the back with brand patch Two short brown handles for carrying ease,Paridhan Women Green Handbag,Handbags
17229.jpg,"High on style, this pair of sunglasses from united colors of benetton comes in a styled frame. An eclectic mixture of fashion and substance, its shape provides the perfect Fit over the root of your nose. The glasses come with a sturdy case.  Tinted lens for use in normal daylight conditions Thin metal frame in an aerodynamic design Oval lens for absolute style and protection from elements Flexible hinges for durability Flexible nose pads made of rubber with a double nose bridge to hold the glasses in place   Care  Remove dust and grime by gently wiping the lens with the cloth provided Remove oil or tough stains with the help of a lens cleaner Do not use your fingers on such stains Do not place glasses on uneven surface or heated areas like the dashboard of a car",United Colors of Benetton Men Funky Eyewear Blue Sunglasses,Sunglasses
41858.jpg,Brown slip on style sandal with braided leather upper and a short heel collar Mildly padded footbed with branding on the heel Tough outsole with patterned grooves and an upraised heel,Estd. 1977 Men Brown Sandals,Sandals
58900.jpg,Black tie with silvery white patterns A loop at the back of the broader tie end to tuck the smaller end in,Hakashi Men Black Silk Tie,Ties
45995.jpg,Cream-coloured and blue woven saree with Khari handblock print,Fabindia Cream-Coloured & Blue Hand Printed Saree,Sarees
36907.jpg,"Style Note  Carry your essentials conveniently in these wallets from fossil. Crafted from genuine leather,  these wallets can be paired with any outfit and can become a fashion accessory! So, enhance your style with this fashionable, yet spacious wallet from Fossil.   Product Details  Brown leather wallet with three-folds  Has one main compartment  Has eight card slots, three insert pockets and two id card holders  Branding embossed on the front   Material and Care  Leather  Wipe surface with a damp cloth to remove dust   Size  Dimensions: 11 cm x 9 cm",Fossil Men Brown Carson Wallet,Wallets
57086.jpg,"Dusky pink short skirt, has layered ruffles, belt loops around the waist, concealed zipper at the back and lining",Elle Women Pink Vintage Skirt,Skirts
18443.jpg,"ed hardy brings forth a vintage tattoo-inspired fragrance sensation gift set for men. The ed hardy Love & Luck Love Is A Gamble gift set comes in a psychedellic explosion of colours on the box and provocatively edgy fragrance that makes this a perfect gift for that special man in your life. The cylindrical cologne bottle features graphics of cards, dice and coins, reinforcing the theme of the collection. This set contains notes of bergamot, orange, mandarin, cardamom, absinthe, sage, cypress, violet, cedar wood, dark vetiver and agarwood. Shampoo and body wash lotion of 90 ml Alcohol-free deodrant of 78 mg Eu De Toilette Spray of 100 ml Eu De Toilette Mini of 7.5 ml",Ed Hardy Love & Luck  Men Fragrance Gift Set,Fragrance Gift Set
52235.jpg,"Dark blue jeans, two curved pockets in front with coin pocket insert at right, branding on coin pocket, yoke and two patch pockets at the back with branding on the right, waistband with loops and embossed patch at the back, zippered fly with button",Pepe Jeans Men Dark Blue Jeans,Jeans
32157.jpg,"Designed to offer exemplary comfort, these lavender socks from playboy make for a great buy for those who never compromise on style and luxury. With a cushioned heel and soft seam, there's no better way to revel in the comfort of footwear than with this pair.  Made of soft cotton for a snug and secure Fit, durability and stretchable comfort Luxe footbed with cushioning to absorb shock and impact Comfort grip at the mouth to ensure a soft grip around the ankle Soft seam at the toe region for abrasion-free and enhanced comfort Brand bunny design knitted all over Procured from authorized channel partner of Sri SR Mill, Tanuku (AP) – the India licensee for Playboy Men’s Underwear  Sock care Machine wash in warm water using a mild detergent Use non-chlorine bleach if needed Tumble dry low in a delicate cycle Do not iron",Playboy Women Playmate Lavender Ankle Socks,Socks
35245.jpg,"Style Note  Slip your feet into cosy comfort and look stylish effortlessly in this pair of black, red and grey striped ankle socks from manchester united. Engineered with arch support and offering a secure stable Fit, this pair offers exemplary comfort.  Product Details Made of a blended fabric for long lasting comfort Has a half cushion terry foot for shock absorption Inner arch support for a secure and stable fit Branding printed below the ribbed mouth   Material and Care  Blended Machine wash cold at 30 degrees using a mild detergent Do not bleach, tumble dry, iron or dry clean",Manchester United Men Black Socks,Socks
35406.jpg,Open toed brown sandals with criss-crossing straps across the midfoot Backfoot strap with a Velcro closure Soft footbed with branding at the heel Tough sole with lugs Warranty: 6 months,Enroute Men Brown Sandals,Sandals
3139.jpg,"Composition: Brown sandals made of leather with beaded strap shoe care: Rub surface with soft, clean, damp cloth to remove dust Looking for the apt footwear to ramp up your simple kurtas, linen pants, harem pants or even summery dresses ? Then these brown leather sandals from catwalk, with a flower shaped heel and beaded straps, are the right choice. The stretchable band at the back helps hold the feet in place. Simple yet stylish, this pair of footwear adds that new dimension to your look.",Catwalk Women Ethnic Strap Brown Flats,Heels
59063.jpg,"Blue, woven kurta, has a mandarin collar with a split V neckline, half placket with concealed hook and eye closures, three quarter sleeves with red binding, embroidered detail around the placket and neckline, side slits and red binding at the hemline",Global Desi Women Blue Kurta,Kurtas
22212.jpg,"Composition Navy blue, orange and grey striped polo T-shirt made of 100% organic cotton, has a two-toned ribbed collar, short sleeves with ribbed cuffs, buttoned chest placket, branding embroidered on the left chest and a vented hem Fit Regular Wash care Machine wash cold inside out with like colours using a mild detergent Do not bleach Tumble dry normal Warm iron  do not iron on decorations Don that sporty look with ease with this polo T-shirt from timberland. Crafted from soft organic cotton and designed for style, this tee offers exemplary comfort and is sure to become a wardrobe favourite. Team it with jeans and sports shoes . Model statistics Product is a size M on a model of height 6' and shoulders 18&rdquo",Timberland Men Striped Blue and Orange T-Shirt,Tshirts
57040.jpg,"Black one-shoulder pleated dress, elasticated and sequined at the neckline front and back, hidden zipper at the left side, has lining",Elle Women Black Dress,Dresses
44003.jpg,"Style Note Pure police New york Women, for women, is available in a characteristic Pure Police flacon with statue of liberty symbol. Product Details The edition for women allures with foamy accords of bergamot, currant leaves and buds and juicy pineapple aromas that open the composition. A heart is very sensual and feminine & ndash  with aromas of mimosa and apples blossom joined with lotus to provide ultimate femininity. Base notes close with sensual musk mixed with vanilla and cedar, leaving a sweet and seductive trail Caution Flammable Keep away from sources of ignition Keep away from children Do not use near fire, flame or heat Avoid spraying near the eyes Size 75 ml",Police Women Pure Perfume,Perfume and Body Mist
10598.jpg,"Composition Light blue denim shirt made of 100% cotton, with short sleeves that have foldover hems held up by buttoned flaps, tipped collar with full front buttoned placket, flap pocket on left chest with metallic embellishments on the flap and curved hemline Fitting Regular Wash care Hand or machine wash at 30 degrees using mild detergent Remove immediately Line dry inside-out Warm iron Anchor your style statement by slipping into this flying machine casual long t-shirt. Team it with jeans and sandals and flaunt your fashion mantra in style, while the cotton fabric keeps you fresh and comfortable all day. Model statistics The model wears size M in t-shirts Height-5’8""; Chest-33""",Flying Machine Women HS Blue Denim Shirt,Shirts
33870.jpg,"Case style: Analogue watch with a circular case and a stainless steel back Dial style: Black dial with markings and hands Features: A screw to reset the time, 3 subdials, a date aperture Strap style: Steel-toned bracelet-like strap secured with a butterfly clasp Water-resistant up to 100 m Comes in a signature Citizen case Warranty: 1 year from the date of purchase, against manufacturing defects",Citizen Men Black Dial Chronograph Watch AN3420-51L,Watches
56811.jpg,"White and pink floral printed woven tunic, has a mandarin collar with a split neckline, three fourth sleeves with paneling on the cuffs, space tucks and paneling on the mid arm, mirror work and embroidery on the yoke, and a vented hem",Aneri Women Printed Pink Kurti,Kurtis
41254.jpg,"Style Note Your go-to brand for office essentials, arrow comes up with this stylish belt to add a refined finish to your corporate look. This belt is the right accessory for a formal office-ready look. Product Details Black belt with a stitch running through it for style Single pronged metal buckle with a tang clasp and holes to customise the Fit One fixed loop Material and care Leather Wipe with a clean cloth to remove dust",Arrow Men Black Belt,Belts
43059.jpg,"Style Note If you're looking for a sport-inspired, casual tee which won't let you down in either style or performance, then your search is over! This T-shirt from nike has an ace print on the front, just what you need to perfect your effortlessly fashionable casual look. Product Details Blue T-shirt with a round neck, has graphic print on front, short sleeves and Nike swoosh on bottom left, French Football Federation logo at the nape Material and Care 100% cotton Machine wash warm with like colours Do not bleach Tumble dry low Warm iron Size and Fit Slim fit",Nike Men Blue FFF Football T-shirt,Tshirts
57672.jpg,"Acetone, DBP, toluene free and fast dryig. Comes with a flat and sturdy brush for a smooth application",Lotus Herbals Colour Dew Pink Barbie Nail Polish 902,Nail Polish
38330.jpg,"Style Note Girls will love this top from hannah montana. Team it with shorts or jeans and comfy footwear for that uber cool and comfy look.   Product Details Yellow top, has a round neck, short sleeves and graphic print on the front   Material and Care 100% cotton Machine wash cool with like colours only bleach when needed Tumble dry low Cool iron do not iron on decorations",Hannah Montana Girls Yellow Printed Tops,Tops
10564.jpg,"Composition White round neck t-shirt made of 100% cotton, with short sleeves, brand badge on left hem, green collar and sleeve hems, has printed brand name on the chest and Jumping cat on the chest and back neck   Fitting  Regular   Wash care  Machine wash separately in cold water using a mild detergent Do not bleach Avoid soaking Line dry inside out in shade Warm iron only Do not iron directly on print/embroidery  Flaunt your brand statement in style with this white ringer t-shirt from puma. The energetic Jumping Cat on the chest exudes fiery vibes, while the pure cotton fabric keeps you fresh and comfortable all day long. Team this with sportswear when on a fitness drive, and with jeans and black leather sandals for a cool, casual look.   Model statistics  The model wears size M in t-shirts Height-6.1', Shoulders-18""",Puma Men Large Logo Ringer White Tshirts,Tshirts
27317.jpg,"For the woman with an active and sporty lifestyle, the Fresh Escape from adidas is the right choice. Bottled in a delectable peach flacon it has top notes of pink grapefruit and violet leaf, mid notes of nectarine, sweet peas and rose and base notes of sandalwood, crystal musk and benzoin. Quantity : 50 ml Caution Flammable Keep away from sources of ignition Keep away from children Do not use near fire, flame or heat Avoid spraying near the eyes",ADIDAS Women Fresh Escape Perfume,Perfume and Body Mist
15710.jpg,"Walk through your everyday casual hours in perfect comfort in this pair of slippers from puma. With an ergonomically curved and padded footbed, and a grippy outsole, stay safe and comfortable on all kinds of smooth surfaces. Upper Wide synthetic leather straps with a toe separator and inner lining in twill tape Ergonomically padded footbed for all day comfort puma branding on the forefoot and heel Outsole TPR outsole with diagonal grooves for absolute grip and traction Care Wipe surface with a clean, damp cloth Do not store in direct sunlight",Puma Men Drifter Cat II White Flip Flops,Flip Flops
7890.jpg,"Brown knitted mid-rise track pants, has two pockets, an elasticated waistband with drawstring fastening",Proline Men Brown Track Pants,Track Pants
16476.jpg,"Composition Purple and black check shirt, made of 100% cotton, has a spread collar with a buttoned front placket, full sleeves with buttoned cuffs and mid-sleeve buttoned flaps, embroidered branding above the patch pocket on the left chest and a curved hem   Fitting  Regular   Wash care  Machine wash at 40 degrees Wash dark colours separately Do not bleach Tumble dry normal or line dry Warm iron  Crafted from soft cotton and cuts that offer a flattering Fit, this casual check shirt from Locomotiove offers exemplary comfort and is sure to become a wardrobe favourite. Either button the sleeves at the cuffs or roll them up and secure them with the mid-sleeve flaps for a more casual style. Pair it with jeans and sneakers.   Model statistics  The product is a size M on a model of height 6' and shoulders 18""",Locomotive Men Check Purple Shirt,Shirts
48138.jpg,"Style Note Super soft vintage leather and a variety of hues to choose from, wallets from fossil are the way to go for a look that chic and versatile effortlessly. Spice up your outfit with these funky yet conventional wallets and get ready to be on top of your game! Product Details Purple wallet that has a zipped compartment, flap on the left with a buttoned closure, twelve card holders and an id card holder, flap on the right with a pocket and buttoned closure, stitch detailing and brand name on a metallic badge on the front Material and Care Vintage leather Wipe with clean, damp cloth to remove dirt Dimensions :10 cm x 19 cm",Fossil Women Purple Wallet,Wallets
25198.jpg,"Update your style quotient with ease by adding this stylish, beige bag from lino perros to your accessory collection. Roomy and comfortable to carry, the smooth silhouette of this bag blends well with any outfit.   Height: 27 cm  Width: 35 cm  Depth : 13 cm  Made of synthetic leather for durability Has one main roomy, zipped compartment with two inner zipped compartments and an organiser pouch for essentials Two short handles woven through metallic buckles and a long, removable and adjustable strap for carrying ease and style A zipped pocket at the back A metallic studs design at the bottom for style Stitch detailing, branded zips and brand badge appliqué d on the front   Care  Wipe surface with a damp, clean cloth to remove dust",Lino Perros Women Leatherette Beige Handbag,Handbags
50850.jpg,Black and beige sari that has a maroon and green print,Prafful Black & Beige Sari,Sarees
47636.jpg,"Style Note We know your ballet flat staples are comfy but can you resist the allure of this pair? Sleek, shiny and sheeny these peep-toe slingbacks have the power to make a simple LBD look uber-glam. Tease your monochrome or pastel favourites with this sky high piece (your next closet essential) You don't have to be a shoe maniac to love this pair - if you're worried about durability then the brand name carlton london should put you at ease. Heel : 5.2&  rdquo Product Details Red peep toes with a beige printed footbed and a blue toe patch Tapering blue slim heel with a TPU outsole Platform under the forefoot for ease of usage Material and Care Synthetic Wipe with a clean cloth to remove dust, grime or dirt Do not store in direct sunlight",Carlton London Women Red Peep Toes,Heels
51184.jpg,"Black knitted socks with elasticated cuffs, has self-patterning all over",Raymond Men Black Socks,Socks
19860.jpg,"Composition Olive green sleeveless puffer jacket made of 100% polyester, has a mock neck with a full zippered front placket, patch pocket on the left chest and an appliquéd brand patch on top and aggressive stitch detailing Fit Regular Wash care Wash similar colours together Machine wash or hand wash cold using a mild detergent Do not wring, bleach, or iron on print Flat dry in shade Designed to brave the elements, this padded jacket from US Polo is a high performance piece. Sharply and slickly designed with a structured silhouette, you'll look in-style even on off-weather days. Wear this with denims, casual shoes and a form fitting tee. Model statistics The product is a size M on a model of height 6' and shoulders 18""",U.S. Polo Assn. Men Solid Olive Jacket,Jackets
52143.jpg,"Style Note A colour happy wardrobe updater is an essential this summer - this polo tee from femella is the right choice. Style this with denim shorts or opt for uptown cool with a denim skirt, tonal pumps and a classic leather bag. Product Details Mustard polo T-shirt, has a ribbed tipped collar, half-buttoned placket, short sleeves with ribbed cuffs and a vented hem Material and Care Blended fabric Cold wash, dry inside out Do not wring or bleach Size and Fit Regular Fit The model (height 5'8"" and chest 33"") is wearing a size M",Femella Women Mustard Polo T-Shirt,Tshirts
42962.jpg,"Style Note  Spring Summer 2012 saw statement accessories steal the show on ramps. Now bring this trend to your wardrobe with this stylish french connection belt, crafted from superior materials. Pair these with unlikely pieces in your wardrobe be it pastel hues or colour pops.   Product Details  Black belt with a square metal buckle  Has a press buckle closure with holes to customise the Fit   Material and Care  Coated leather  Wipe with a clean, dry cloth to remove dust",French Connection Men Black Belt,Belts
3201.jpg,"Composition Beige round neck t-shirt in 100% cotton with chest print  Fitting  Comfort Washcare   Machine wash separately in cold water  Use mild detergent  Do not bleach  Avoid soaking Remove promptly  Line dry inside out in shade  Warm iron only  Do not iron directly on print/embroidery   Einstein's theories rule every aspect of our lives. and the best way you can pay tribute to this great scientist's theories is by donning this tantra t-shirt. Team this with jeans or cargoes for that added effect. Model statistics The model wears size M in t-shirts Height-6', Shoulders-18""",Tantra Men's Ebo Beige T-Shirt,Tshirts
26208.jpg,"Best for daytime wear, this 360 degree fragrance for women from perry ellis has top notes of orange leaf, plum essence and cyclamen, mid-notes of orchid, orange flower, mimosa mingle and jasmine. Base notes are wood, amber and musk. Quantity : 100 ml Caution Flammable Keep away from sources of ignition Keep away from children Do not use near fire, flame or heat Avoid spraying near the eyes",Perry Ellis Women Perfume,Perfume and Body Mist
25423.jpg,"Designed for absolute comfort, the nike Air profusion running shoe is stylish and comfortable. It's stylish upper makes it a great lifestyle footwear. Upper Heavily meshed upper for breathability, with synthetic overlays for enhanced shoe structure Lacing system for a snug, customised Fit Meshed and padded tongue and collar for all-day comfort Midsole Phylon midsole with upraised heel for impact protection and lightweight comfort Outsole TPR outsole with flex grooves for ease of movement Waffle-pattern lugs for grip and traction Scooped heel for extra cushioning to the backf oot Shoe care Wipe surface with a dry, clean cloth to remove dust Do not store in direct sunlight",Nike Men Air Profusion Black Sports Shoes,Sports Shoes
6587.jpg,"Composition Black round neck short sleeved t-shirt made of 100% cotton, with black fabric tape on the inseam of the necklne, and graphic print with lettering in metallic distressed paint on the front Fitting Comfort Wash care   Hand wash separately in cool water at 30 degrees  Do not scrub  Do not bleach  Turn inside out and dry flat in shade  Warm iron on reverse  Do not iron directly on print/embroidery  Do not dry clean   If you believe that violence is not the answer to anything, instead music, especially rock music, can be the solution to a lot of world  problems, this black tee from inkfruit belongs in your wardrobe. Use the universal language of music to banish violence from earth. Team this t-shirt with jeans, and get ready to spread musical peace. Model statistics The model wears size M in t-shirts Height-6', Shoulders-18""",Inkfruit Men's Rock The Cure Black T-shirt,Tshirts
33363.jpg,"Worry no longer about managing money, cards, mobile phone and coins in your tote bag! Organise your everyday essentials into this stylish mobile pouch from baggit. This timeless piece is on the top of our wishlist this year. A sophisticated addition to your accessory collection, you can carry this piece without a bag.   Dimensions: 15 cm x 11 cm  Crafted from corduroy with a flap with a magnetic closure A bow detail on the flap for style Two compartments and one zippered pocket Detachable shoulder strap   Care Wipe with clean, damp cloth to remove dirt",Baggit Women Auxi Baby Purple Wallet,Wallets
